Owner,Number of plants,Total crude steel capacity (ttpa),Total iron capacity (ttpa),Average plant age (years),Average LitPop assets within 20 km (USD bn),Plants matched to LitPop,Number of countries,Number of regions,Countries,Latitude,Longitude
Nippon Steel Corp,10,44423.0,42979.0,79.346,160.02701296101327,10,1,1,Japan,35.2976642,135.4098151
POSCO Holdings Inc,2,41757.0,41959.0,46.0,,0,1,1,South Korea,35.464698,128.57157899999999
Angang Steel Co Ltd,3,30250.0,25610.0,22.006666666666664,61.921445372970716,3,1,1,China,40.99523533333333,121.82794233333334
JFE Steel Corp,5,28768.0,29651.0,62.49400000000001,695.100822973434,5,1,1,Japan,35.6587466,137.6000342
JSW Steel Ltd,5,28359.0,29306.0,28.25,3.2215711729148224,5,1,1,India,17.52686306,78.32715882
Tata Steel Ltd,6,26460.0,26040.0,52.6,12.502732628629458,5,2,1,"India, Singapore",19.936931,87.20783933333333
Hyundai Steel Co,4,24297.0,12440.0,46.5,,0,2,2,"South Korea, United States",35.25001025,72.79980524999999
Cleveland-Cliffs Inc,12,23655.0,18360.0,107.33333333333333,,0,2,1,"Canada, United States",41.211778833333334,-82.50965675
Steel Authority of India Ltd,8,21350.0,23176.0,70.68833333333333,19.33675620056748,8,1,1,India,22.683159047542837,85.7173442946815
Baoshan Iron & Steel Co Ltd,1,19800.0,16800.0,49.0,826.77781601877,1,1,1,China,31.41623,121.440087
Nucor Corp,13,17737.0,0.0,36.81818181818182,,0,1,1,United States,37.80359449230769,-90.87709860000001
Maanshan Iron & Steel Co Ltd,1,17340.0,14500.0,73.0,62.07819869751509,1,1,1,China,31.698884,118.468194
Jiangsu Shagang Iron & Steel Co Ltd,1,17305.0,18430.0,23.6,71.73444569790362,1,1,1,China,31.983146,120.638992
Inner Mongolia BaoTou Steel Union Co Ltd,1,16760.0,16990.0,26.64,137.82467707389222,1,1,1,China,40.647997,109.740898
Hunan Valin Lianyuan Iron and Steel Co Ltd,2,16250.0,14701.0,68.0,40.27277771077714,2,1,1,China,27.780956,112.43236
Wuhan Iron and Steel Co Ltd,2,15907.0,14320.0,67.44,594.2072016626408,1,2,1,"China, Indonesia",11.5281545,113.35565
Magnitogorskiy Metallurgicheskiy Kombinat PJSC,1,14500.0,11126.0,94.0,,0,1,1,Russia,53.427593,59.054122
Hoa Phat Dung Quat Steel JSC,1,14499.0,10400.0,9.0,,0,1,1,Vietnam,15.37768,108.793321
Novolipetsk Steel PJSC,1,14400.0,14200.0,92.0,,0,1,1,Russia,52.557372,39.629574
Baosteel Zhanjiang Iron & Steel Co Ltd,1,14328.0,13250.0,15.0,3.7871052616167664,1,1,1,China,21.056035,110.48657
Shougang Jingtang United Iron & Steel Co Ltd,1,13700.0,13500.0,21.0,0.24891228893660095,1,1,1,China,38.953664,118.50339
Bengang Steel Plates Co Ltd,1,13440.0,12841.0,28.65,39.78858125536222,1,1,1,China,41.274132,123.722099
United States Steel Corp,6,13350.0,10535.0,106.0,,0,1,1,United States,39.20824433333333,-88.98969849999999
Steel Dynamics Inc,6,12662.0,260.0,28.333333333333332,,0,1,1,United States,36.856681333333334,-87.13497016666668
Shanxi Taigang Stainless Steel Co Ltd,1,12460.0,8480.0,27.69,337.38459784698966,1,1,1,China,37.931488,112.539321
Severstal PJSC,1,12201.0,11800.0,71.0,,0,1,1,Russia,59.143998,37.86295
Rizhao Steel Holding Group Co Ltd,1,11300.0,10200.0,22.77,7.2757828296152995,1,1,1,China,35.16535,119.366672
Xinyu Iron & Steel Corp Ltd,1,11001.0,9000.0,68.0,15.116119738656865,1,1,1,China,27.786859,114.921595
Government of North Korea,4,10252.0,5249.0,88.5,,0,1,1,North Korea,40.300073,127.68613049999999
Hebei Donghai SPECIAL Steel Group Co Ltd,1,10001.0,7253.0,17.0,21.133834225873116,1,1,1,China,39.610605,118.474722
China Steel Corp,1,10000.0,11020.0,55.0,,0,1,1,Taiwan,22.555442,120.349252
Nanjing Iron & Steel Co Ltd,1,10000.0,8600.0,68.0,482.78803317107094,1,1,1,China,32.200797,118.746315
Hebei Yanshan Iron and Steel Group Co Ltd,1,9990.0,10000.0,24.0,23.402932382220673,1,1,1,China,39.925508,118.672757
Guangxi Shenglong Metallurgical Co Ltd,1,9783.0,10310.0,23.0,2.8547247297683813,1,1,1,China,21.687637,108.412344
ArcelorMittal SA,6,9600.0,7000.0,66.878,2.8439064121632844,1,5,4,"Belgium, India, Luxembourg, Morocco, United States",37.727837666666666,-2.211430166666664
ArcelorMittal Nippon Steel India Ltd,5,9600.0,11570.0,31.0,5.363869825746351,5,1,1,India,19.9366314,81.6597356
Jindal Steel Limited Ltd,5,9600.0,10420.0,25.0,4.08505279185202,5,1,1,India,20.9652604,84.242291
Liuzhou IRON&STEEL Co Ltd,1,9458.0,8930.0,26.0,101.40599440835932,1,1,1,China,24.385304,109.37963
Thyssenkrupp Steel Europe AG,1,9000.0,11400.0,135.0,,0,1,1,Germany,51.491649,6.733051
Evraz ZSMK JSC,1,8760.0,5030.0,94.0,,0,1,1,Russia,53.88618,87.257618
SGIS Songshan Co Ltd,1,8698.0,6500.0,29.0,27.094970679550762,1,1,1,China,24.708232,113.635898
Shandong IRON&STEEL Group Rizhao Co Ltd,1,8500.0,8100.0,17.0,7.299327572531425,1,1,1,China,35.188969,119.383723
Guangxi Iron and Steel Group Co Ltd,1,8400.0,8880.0,6.0,1.6286048372605655,1,1,1,China,21.580723,108.400896
Chongqing Iron & Steel Co Ltd,1,8400.0,9735.0,29.0,9.498498839323997,1,1,1,China,29.790253,107.040368
Beijing Shougang Co Ltd,1,8300.0,7850.0,24.0,18.722035343862142,1,1,1,China,39.976702,118.558788
ArcelorMittal Brasil SA,6,8246.0,4592.0,53.0,,0,1,1,Brazil,-18.793761,-43.635383
Lianfeng Steel (Zhangjiagang) Co Ltd,1,8240.0,5991.0,23.65,95.88643595621154,1,1,1,China,31.855205,120.730505
Chengde Street Ltd,1,8000.0,8106.0,72.0,7.714081987988085,1,1,1,China,40.947707,117.719747
Acciaierie d'italia SpA,1,7800.0,4000.0,61.0,,0,1,1,Italy,40.508993,17.207589
Hebei Zongheng Group Fengnan Iron & Steel Co Ltd,1,7700.0,7900.0,7.0,4.65438955677993,1,1,1,China,39.222566,118.094201
Gansu Jiu Steel Group Hongxing Iron and Steel Co Ltd,1,7650.0,5560.0,27.0,13.58456940133008,1,1,1,China,39.812121,98.295555
Shanghai Meishan Iron & Steel Co Ltd,1,7600.0,7300.0,57.0,199.86623311787744,1,1,1,China,31.902969,118.61667
Tata Steel Ijmuiden BV,1,7500.0,6500.0,108.0,,0,1,1,Netherlands,52.484118,4.615584
Formosa Ha Tinh Steel Corp,1,7500.0,7250.0,18.0,,0,1,1,Vietnam,18.036333,106.428271
Cangzhou China Railway Equipment Manufacturing Materials Co Ltd,1,7500.0,7100.0,20.0,5.40813344460381,1,1,1,China,38.289221,117.814367
ArcelorMittal Tubarão Comercial SA,1,7500.0,7280.0,43.0,,0,1,1,Brazil,-20.253447,-40.242298
HBIS Laoting Steel Co Ltd,1,7450.0,7320.0,6.0,3.968478459784607,1,1,1,China,39.257823,119.033567
Baosteel Group Xinjiang Bayi Iron & Steel Co Ltd,1,7300.0,7263.0,30.34,94.62030026999606,1,1,1,China,43.852147,87.304639
Rashtriya Ispat Nigam Ltd,1,7300.0,7500.0,37.0,25.484430600126018,1,1,1,India,17.612846,83.191918
Shaanxi LONG MEN IRON&STEEL Co Ltd,1,7200.0,7345.0,18.66,10.735059257628905,1,1,1,China,35.618466,110.575788
Hebei Anfeng Iron & Steel Co Ltd,1,7100.0,5772.0,24.0,8.280535657885576,1,1,1,China,39.65849,118.894804
Qian'an City Jiujiang Wire Co Ltd,1,7079.0,8540.0,24.0,21.24507346727372,1,1,1,China,39.952209,118.559444
Yunnan Yuxi Iron and Steel Group Yukun Iron and Steel Co Ltd,1,7042.0,6760.0,12.09,18.820196562136374,1,1,1,China,24.465884,102.543682
Dexin Steel Pte Ltd,1,7000.0,4560.0,6.0,,0,1,1,Indonesia,-2.829514,122.174896
Sansteel Minguang Co Ltd Fujian,1,6799.0,4853.0,25.0,7.086853563183044,1,1,1,China,26.261109,117.614709
Jiangyin Xingcheng SPECIAL Steel Works Co Ltd,1,6797.0,5760.0,33.0,90.78538592924683,1,1,1,China,31.950191,120.328449
ArcelorMittal Atlantique et Lorraine SAS,2,6750.0,5400.0,87.5,,0,1,1,France,50.186498,4.2180275
Tianjin Iron and Steel Group Co Ltd,1,6650.0,5500.0,91.0,284.75644354276596,1,1,1,China,39.031083,117.499246
Kobe Steel Ltd,2,6591.0,7754.0,57.0,563.4277316788491,2,1,1,Japan,34.711946,135.036741
ArcelorMittal México SA de CV,1,6500.0,4652.0,49.29,,0,1,1,Mexico,17.930688,-102.201498
SSAB AB,3,6413.0,6714.0,86.66666666666667,,0,2,1,"Finland, Sweden",62.96053966666667,21.255343
Jingye Iron and Steel Co Ltd,1,6400.0,11598.0,30.0,1.9533442140729325,1,1,1,China,38.391372,114.139998
Jindal Steel Odisha Ltd,1,6300.0,4600.0,0.47,3.140309720322859,1,1,1,India,20.874713,84.944082
Gerdau Ameristeel Corp,8,6293.0,0.0,46.25,,0,2,1,"Canada, United States",38.195105875,-87.21793325
Companhia Siderúrgica Nacional SA,1,6251.0,5580.0,80.0,,0,1,1,Brazil,-22.512631,-44.11287
Tosyali Ironsteel Industry Algerie SpA,1,6200.0,5000.0,13.0,,0,1,1,Algeria,35.770912,-0.263031
Fujian Sanbao Steel Co Ltd,1,6196.0,2500.0,27.0,45.39822870561605,1,1,1,China,24.635769,117.603677
Dragon Steel Corp,1,6081.0,5000.0,33.0,,0,1,1,Taiwan,24.226897,120.493911
Chengyu Vanadium & Titanium Technology Co Ltd,1,6050.0,5000.0,19.46,0.46189257784154847,1,1,1,China,29.732143,104.504339
Guangxi Guixin Steel Group Co Ltd,1,6050.0,3120.0,33.0,0.2618500128068928,1,1,1,China,23.978962,111.735523
Big River Steel LLC,1,6022.0,0.0,10.0,,0,1,1,United States,35.644264,-89.941659
Qazaqstan Steel Group LLP,1,6000.0,6450.0,66.0,,0,1,1,Kazakhstan,50.031766,72.994863
Saudi Iron and Steel Co,1,6000.0,5300.0,47.0,,0,1,1,Saudi Arabia,27.018411,49.576356
Toscelik Profil ve Sac Endustrisi AS,2,6000.0,0.0,10.0,,0,1,1,Türkiye,36.8524495,36.1619905
Voestalpine Stahl GmbH,1,6000.0,5000.0,86.0,,0,1,1,Austria,48.274023,14.33434
Lingyuan Iron & Steel Co Ltd,1,5994.0,5005.0,31.8,4.6899122885709765,1,1,1,China,41.271048,119.41374
Panzhihua Steel Group Panzhihua Steel Vanadium Co Ltd,1,5900.0,6310.0,61.0,20.507231316249495,1,1,1,China,26.565265,101.673737
Zenith Steel Group (Nantong) Co Ltd,1,5850.0,6060.0,4.0,4.142072686363568,1,1,1,China,32.133954,121.513173
Iskenderun Demir ve Celik AŞ,1,5800.0,8100.0,51.0,,0,1,1,Türkiye,36.735672,36.204581
Chelyabinskiy Metallurgicheskiy Kombinat PJSC,1,5799.0,4000.0,83.0,,0,1,1,Russia,55.27073,61.436492
Tangshan Ganglu Iron & Steel Co Ltd,1,5614.0,6002.0,24.0,7.74048153667938,1,1,1,China,40.183913,118.073913
Laiwu Steel Yinshan Section Co Ltd,1,5600.0,5870.0,22.15,14.25111277994352,1,1,1,China,36.106143,117.820108
Hebei Puyang Iron and Steel Co Ltd,1,5567.0,3150.0,34.0,5.88524477823925,1,1,1,China,36.733675,113.925995
Jingye (Yingkou) Medium Plate Co Ltd,1,5500.0,5989.0,23.67,47.81439073259204,1,1,1,China,40.671136,122.395441
Promsort LLC,3,5500.0,7746.0,41.666666666666664,,0,1,1,Russia,55.41335566666667,44.77105233333333
Tangshan Donghai Iron and Steel Group Co Ltd,1,5499.0,6412.0,23.0,18.565892621792383,1,1,1,China,39.748373,118.624794
Alchevsk Metallurgical Plant PJSC,1,5472.0,5239.0,130.0,,0,1,1,Ukraine,48.478111,38.770787
Zhongxin Iron and Steel Group Co Ltd,1,5400.0,5846.0,22.34,11.253458352228433,1,1,1,China,34.368618,118.31556
Jiangsu Province Binxin Steel Group Co Ltd,1,5400.0,3300.0,18.05,7.44196579348878,1,1,1,China,35.09556,119.279989
ArcelorMittal España SA,2,5400.0,4700.0,65.5,,0,1,1,Spain,43.539916500000004,-5.802258
Shandong Iron & Steel Group Yongfeng Lingang Corp,1,5400.0,5557.0,4.69,4.615400531650645,1,1,1,China,35.137061,119.068319
Salzgitter Flachstahl GmbH,1,5200.0,4880.0,25.0,,0,1,1,Germany,52.161794,10.409371
Ternium Brasil Ltda,1,5200.0,5300.0,16.0,,0,1,1,Brazil,-22.912549,-43.741614
Jinan Iron & Steel Group Co Ltd,1,5200.0,5896.0,4.0,19.955212225249085,1,1,1,China,36.718952,114.111677
Fujian Great Dong Hai Industrial Group Co Ltd,1,5128.0,5230.0,8.0,9.094291367940356,1,1,1,China,25.737777,119.592239
ArcelorMittal Méditerranée SAS,1,5100.0,2500.0,52.0,,0,1,1,France,43.43283,4.887166
Commercial Metals Co,8,5076.0,0.0,29.75,,0,1,1,United States,34.5814187875,-86.947823
Wuyang Iron and Steel Co Ltd,1,5040.0,1200.0,56.0,4.532125609468375,1,1,1,China,33.287536,113.474328
Henan Jiyuan Iron & Steel (Group) Co Ltd,1,5038.0,3105.0,68.0,14.18448422795633,1,1,1,China,35.086396,112.553774
ArcelorMittal Poland SA,2,5001.0,2300.0,58.0,,0,1,1,Poland,50.213133,19.6906715
Içdaş Çelik Enerji Tersane Ve Ulaşim Sanayi AŞ,1,5000.0,0.0,56.0,,0,1,1,Türkiye,40.441491,27.137563
Quzhou Yuanli METAL Products Co Ltd,1,5000.0,4702.0,35.0,18.507582651335866,1,1,1,China,28.893407,118.867125
JSW Vijayanagar Metallics Ltd,1,5000.0,4500.0,2.0,2.6976705290993195,1,1,1,India,15.203176,76.659122
Tangshan Songting IRON&STEEL Co Ltd,1,5000.0,5970.0,57.0,23.174290209211513,1,1,1,China,39.938866,118.576678
Usinas Siderurgicas de Minas Gerais SA,2,5000.0,3660.0,63.5,,0,1,1,Brazil,-21.677184500000003,-44.4602735
Hebei Jinxi Iron & Steel Group Co Ltd,1,5000.0,7400.0,40.0,2.9903337463853914,1,1,1,China,40.209844,118.220547
Hebei Xinda Iron and Steel Co Ltd,1,5000.0,4340.0,24.0,23.174290209211513,1,1,1,China,39.898362,118.579364
Baowu Group Echeng Iron & Steel Co Ltd,1,4971.0,4263.0,68.0,38.86424715792722,1,1,1,China,30.39574,114.861313
Tianjin Iron PLANT Co Ltd,1,4870.0,3770.0,57.0,4.764829886037725,1,1,1,China,36.58967,113.745792
Shanxi Jinnan Iron and Steel Group Co Ltd,1,4800.0,4740.0,12.0,7.707256846591467,1,1,1,China,35.678541,111.51465
Guangxi Chiji Iron and Steel Co Ltd,1,4800.0,5680.0,7.0,14.808088031139075,1,1,1,China,23.402121,111.134606
Tokyo Steel Manufacturing Co Ltd,4,4786.0,0.0,40.9275,120.65233451275728,4,1,1,Japan,34.909732500000004,135.435924
Kardemir Karabuk Demir Çelik Sanayi Ve Ticaret AŞ,2,4751.0,3520.0,45.22,,0,1,1,Türkiye,39.9619795,29.799544500000003
Shanxi Jianlong Industrial Co Ltd,1,4750.0,3736.0,25.91,3.451076973446941,1,1,1,China,35.417405,111.303919
Tangshan Donghua Iron & Steel Enterprise Group Co Ltd,1,4750.0,8788.0,17.0,60.493658041774545,1,1,1,China,39.468366,118.256774
JiuJiang PXSteel Co Ltd,1,4700.0,4630.0,14.09,2.5368999197674458,1,1,1,China,29.778431,116.27527
Osaka Steel Co Ltd,1,4650.0,0.0,76.0,2287.594025524083,1,1,1,Japan,34.59822,135.45439
Shiheng SPECIAL Steel Group Co Ltd,1,4650.0,5040.0,25.15,9.108549537458599,1,1,1,China,36.229201,116.533981
Jincheng FUSHENG Iron & Steel Co Ltd,1,4600.0,4780.0,23.2,17.935504520378537,1,1,1,China,35.662985,112.882395
Tonghua Iron & Steel Co Ltd,1,4590.0,4480.0,19.53,6.106557972597478,1,1,1,China,41.779125,126.022349
Tianjin Tiangang UNITED SPECIAL Steel Co Ltd,1,4500.0,4471.0,16.66,38.489007634859476,1,1,1,China,39.300258,117.800231
DeAcero SAPI de CV,2,4500.0,0.0,34.0,,0,1,1,Mexico,23.014859,-100.943702
Habas Industrial and Medical Gases Production Industries AŞ,1,4500.0,0.0,39.0,,0,1,1,Türkiye,38.751462,26.950172
British Steel Ltd,2,4500.0,3000.0,162.0,,0,1,1,United Kingdom,54.085131000000004,-0.874782
Tangshan RUIFENG Steel and Iron (GROUP) Co Ltd,1,4500.0,4561.0,24.0,99.0890715620465,1,1,1,China,39.497472,118.272056
Çolakoğlu Metalürji AŞ,1,4500.0,0.0,57.0,,0,1,1,Türkiye,40.768409,29.529979
US Steel Košice sro,1,4500.0,4500.0,61.0,,0,1,1,Slovakia,48.612001,21.191401
Rockcheck Steel Group Co Ltd,1,4500.0,4320.0,23.08,266.15793213767586,1,1,1,China,38.970638,117.495794
Hanshan Iron and Steel Co Ltd,1,4488.0,5650.0,4.0,4.90684793815014,1,1,1,China,36.685881,113.837073
Chengde Jianlong SPECIAL Steel Co Ltd,1,4400.0,2191.0,25.0,0.9322668822339446,1,1,1,China,40.515035,117.596071
Evraz NTMK JSC,1,4400.0,5050.0,86.0,,0,1,1,Russia,57.922851,60.033543
Ternium México SA de CV,4,4330.0,2660.0,43.25,,0,1,1,Mexico,24.09394525,-99.7053975
Acciaieria Arvedi SpA,1,4300.0,0.0,34.0,,0,1,1,Italy,45.145949,9.950821
Jianlong Xilin Iron and Steel Co Ltd,1,4200.0,3400.0,60.0,0.055887561031070496,1,1,1,China,47.495036,129.287919
Tangshan Heavy Plate Co Ltd,1,4200.0,4260.0,20.0,3.968478459784607,1,1,1,China,39.268452,119.024819
Hüttenwerke Krupp Mannesmann GmbH,1,4200.0,5200.0,117.0,,0,1,1,Germany,51.371279,6.72331
Qingdao Special Iron and Steel Co Ltd,1,4170.0,4200.0,13.0,3.424714817949067,1,1,1,China,35.6296,119.722335
Tangshan Fengnan District Jing'an Iron and Steel Co Ltd,1,4125.0,3500.0,24.0,76.90880842080975,1,1,1,China,39.600956,118.358726
Zaporiz'kyi Metalurhiinyi Kombinat Zaporizhstal' PJSC,1,4102.0,4371.0,93.0,,0,1,1,Ukraine,47.86838,35.161773
Mobarakeh Steel Co,4,4100.0,3952.0,20.0,,0,1,1,Iran,31.0024965,52.512505250000004
ArcelorMittal Dofasco GP,1,4050.0,2929.0,114.0,,0,1,1,Canada,43.269255,-79.804858
Jiugang Group Yuzhong Iron & Steel Co Ltd,1,4000.0,1520.0,23.0,47.84123159427458,1,1,1,China,36.033646,104.035535
PT Krakatau Steel (Persero) Tbk,1,4000.0,0.0,49.0,,0,1,1,Indonesia,-6.007021,106.001766
Ningbo Iron & Steel Co Ltd,1,3999.0,4260.0,23.1,55.59038345957823,1,1,1,China,29.918776,121.876423
ArcelorMittal Bremen GmbH,1,3960.0,3900.0,69.0,,0,1,1,Germany,53.133305,8.688193
Hebei Taihang Iron and Steel Group Co Ltd,1,3950.0,3810.0,5.0,18.542776432444406,1,1,1,China,36.613716,114.082349
Pangang Group Xichang Steel and Vanadium Co Ltd,1,3900.0,4290.0,14.66,11.0720126934517,1,1,1,China,27.74799,102.20517
Shandong Iron and Steel Co Ltd,2,3850.0,3040.0,7.375,14.100442583986863,2,1,1,China,36.0881105,117.839203
Eregli Demir ve Celik Fabrikalari AŞ,1,3801.0,3575.0,61.0,,0,1,1,Türkiye,41.261469,31.420106
Anhui Changjiang Steel Co Ltd,1,3800.0,3340.0,23.0,73.10513578409086,1,1,1,China,31.502272,118.465162
Zenith Steel Group Co Ltd,1,3700.0,2740.0,24.39,289.5272704912518,1,1,1,China,31.707656,120.079591
Xinji AOSEN Steel Group Co Ltd,1,3600.0,3130.0,24.0,4.6881602103569415,1,1,1,China,37.752351,115.184798
"Xinyang Iron & Steel Co.,ltd of Angang Group",1,3600.0,2988.0,55.0,0.6384139897826049,1,1,1,China,32.488704,114.038243
Guangdong Jinshenglan Metallurgical Technology Co Ltd,1,3600.0,0.0,5.0,4.120174060187284,1,1,1,China,22.888729,112.263081
Shougang Changzhi IRON& Steel Co Ltd,1,3600.0,2080.0,29.94,42.80963831917582,1,1,1,China,36.356404,113.060809
Shanxi Zhongyang Iron & Steel Co Ltd,1,3600.0,3600.0,20.28,10.053384760697416,1,1,1,China,37.370796,111.161118
Esfahan Steel Co,1,3600.0,3565.0,55.0,,0,1,1,Iran,32.418304,51.331314
Gerdau Acominas SA,1,3600.0,4348.0,40.0,,0,1,1,Brazil,-20.543507,-43.75295
Dongkuk Steel Mill Co Ltd,2,3600.0,0.0,44.5,,0,1,1,South Korea,36.7439675,128.01810799999998
Shougang Shuicheng Iron & Steel (Group) Co Ltd,1,3501.0,3300.0,60.0,15.84017824985904,1,1,1,China,26.595229,104.877413
Ternium Argentina SA,1,3501.0,4015.0,66.0,,0,1,1,Argentina,-33.37365,-60.138697
Emsteel Building Materials PJSC,1,3500.0,4200.0,23.0,,0,1,1,United Arab Emirates,24.322033,54.467987
Alliance Steel (M) Sdn Bhd,1,3500.0,3500.0,9.0,,0,1,1,Malaysia,4.007595,103.344458
Ningxia Jianlong Special Steel Co Ltd,1,3500.0,3501.0,13.84,4.1188456793351405,1,1,1,China,39.215452,106.688294
Oskol'skiy Elektrometallurgicheskiy Kombinat Imeni Alekseya Alekseyevicha Ugarova JSC,1,3500.0,3180.0,42.0,,0,1,1,Russia,51.142738,37.940532
Kamet-Steel PrJSC,1,3500.0,4349.0,139.0,,0,1,1,Ukraine,48.528019,34.640915
Qinhuangdao Hongxing Iron & Steel Co Ltd,1,3450.0,3420.0,24.0,11.177515481994192,1,1,1,China,39.700721,118.871477
Saarstahl AG,2,3430.0,0.0,102.0,,0,2,1,"France, Germany",49.822903,5.2051870000000005
Daye SPECIAL Steel Co Ltd,1,3420.0,3040.0,19.0,46.026121791383694,1,1,1,China,30.204603,115.125838
Guangxi BG New Materials Co Ltd,1,3400.0,1850.0,17.0,0.9588073373563999,1,1,1,China,21.519924,109.506427
Jiangsu Shagang Group Huaigang SPECIAL Steel Co Ltd,1,3364.0,2594.0,56.0,85.96264184758911,1,1,1,China,33.566039,118.988442
ArcelorMittal South Africa Ltd,3,3360.0,3860.0,51.74,,0,1,1,South Africa,-29.114087666666666,25.286533666666667
Al Ezz Dekheila Steel Company Alexandria SAE,1,3340.0,2320.0,40.0,,0,1,1,Egypt,31.123467,29.80987
JiLin Province Xinda Steel Co Ltd,1,3300.0,3600.0,18.27,0.15001296200774705,1,1,1,China,42.3249,125.246892
Golgohar Iron and Steel Development Co,1,3300.0,5550.0,11.0,,0,1,1,Iran,29.134614,55.360773
Yangzhou Hengrun Ocean Heavy Industry Co Ltd,1,3300.0,3500.0,13.36,82.15530106197411,1,1,1,China,32.249602,119.620438
Changzhou Dongfang Special Steel Co Ltd,1,3300.0,1560.0,16.09,46.633302332504144,1,1,1,China,31.602554,119.724256
Hubei Jinshenglan Metallurgical Technology Co Ltd,1,3250.0,3000.0,10.0,2.538677724453236,1,1,1,China,29.916729,113.822921
Baosteel Desheng Stainless Steel Co Ltd,1,3220.0,4761.0,15.0,4.512597560270481,1,1,1,China,26.48747,119.654461
Changshu Longteng Special Steel Co Ltd,1,3203.0,1040.0,31.75,104.9481692199524,1,1,1,China,31.723833,120.835685
Yancheng Lianxin Steel Co Ltd,1,3200.0,3210.0,68.0,0.2101259789118831,1,1,1,China,33.211332,120.774892
BlueScope Steel Ltd,2,3200.0,3000.0,98.0,,0,2,2,"Australia, United States",2.6759389999999996,24.805504999999997
Nucor Yamato Steel Co,1,3174.0,0.0,38.0,,0,1,1,United States,35.941421,-89.713819
Nghi Son VAS Group JSC,1,3150.0,0.0,8.0,,0,1,1,Vietnam,19.326924,105.777449
Nucor Steel Decatur LLC,1,3100.0,0.0,29.0,,0,1,1,United States,34.63963,-87.085738
Izmir Demir Celik Sanayi AŞ,1,3100.0,0.0,39.0,,0,1,1,Türkiye,38.739596,26.929091
Xingtai Iron and Steel Co Ltd,2,3060.0,890.0,68.0,34.32691700729785,2,1,1,China,37.036845,114.909232
Zhuhai Yueyufeng IRON&STEEL Co Ltd,1,3051.0,2200.0,24.0,3.610168716581467,1,1,1,China,21.96092,113.198718
Jiangsu Xusteel Group Co Ltd,1,3050.0,2982.0,22.46,4.6308419722636955,1,1,1,China,34.577016,117.339638
Hebei Tianzhu Iron and Steel Group Special Steel Co Ltd,1,3034.0,3040.0,4.0,3.972577075023777,1,1,1,China,39.270032,119.01376
North Star BlueScope Steel Ltd,1,3034.0,0.0,30.0,,0,1,1,United States,41.568783,-84.048129
Anhui Shoukuang Dachang Metal Material Co Ltd,1,3000.0,7442.0,16.0,0.38586981032875084,1,1,1,China,32.329171,115.954963
KISCO Corp,1,3000.0,0.0,61.0,,0,1,1,South Korea,35.216552,128.640158
Tianjin Pipe Corp,1,3000.0,1300.0,15.2,374.3082504376564,1,1,1,China,39.034002,117.486798
"Sichuan De Sheng Group, Vanadium and Titanium Co Ltd",1,3000.0,2250.0,29.0,4.816081532125238,1,1,1,China,29.39798,103.542532
Weifang SPECIAL Steel Group Co Ltd,1,3000.0,2350.0,32.28,102.80506638184978,1,1,1,China,36.644469,119.238427
Tangshan Guotang Steel Co Ltd,1,3000.0,2660.0,4.0,4.379968618261547,1,1,1,China,39.293147,119.046972
NMDC Steel Ltd,2,3000.0,3321.0,2.47,1.7696464800667833,2,1,1,India,17.13973905,79.5432955
Lengshuijiang Iron and Steel Co Ltd,1,3000.0,2999.0,68.0,6.050144569628893,1,1,1,China,27.690401,111.437288
Lianyungang Yaxin Iron and Steel Co Ltd,1,3000.0,2800.0,16.51,4.731332312464616,1,1,1,China,34.423786,119.778311
Egyptian Sponge Iron & Steel Company SAE,1,3000.0,1800.0,18.0,,0,1,1,Egypt,30.393079,30.58773
DELONG Steel Ltd,1,3000.0,3000.0,26.0,57.8436837972023,1,1,1,China,37.086116,114.384832
Shanxi Xintai Iron & Steel Co Ltd,1,3000.0,2250.0,20.73,26.735648920998113,1,1,1,China,37.075017,111.985148
Jinding Heavy Industries Co Ltd,1,3000.0,3000.0,31.0,19.955212225249085,1,1,1,China,36.718952,114.111677
PT Krakatau Posco,1,3000.0,3000.0,12.14,,0,1,1,Indonesia,-5.998661,105.99866
Jindal Stainless Ltd,3,3000.0,2000.0,35.5,47.8696499089254,3,1,1,India,23.132222333333335,78.267228
BMZ-Upravlyayushchaya Kompaniya Kholdinga BMK JSC,1,3000.0,0.0,42.0,,0,1,1,Belarus,52.849321,29.988985
Jiangsu Jingye Iron and Steel Co Ltd,1,3000.0,3000.0,22.31,4.80900338515963,1,1,1,China,34.38381,119.786878
Fujian Tsingtuo Nickel Industry Co Ltd,1,3000.0,3006.0,15.0,0.3062030389413436,1,1,1,China,26.768925,119.765203
Shangang Group Hanzhong Iron & Steel Co Ltd,1,3000.0,4040.0,16.65,2.09782339468919,1,1,1,China,33.133192,106.671859
Nanyang Hanye SPECIAL STREET Co Ltd,1,3000.0,2244.0,23.0,2.405592168241457,1,1,1,China,33.269324,111.534635
Yunnan Yuxi Xianfu Iron and Steel (Group) Co Ltd,1,2980.0,2440.0,24.53,0.26167315395883617,1,1,1,China,24.012309,102.186364
Qatar Steel Company QPSC,1,2900.0,2500.0,48.0,,0,1,1,Qatar,24.952688,51.584777
Tung Ho Steel Enterprise Corp,3,2900.0,0.0,42.0,,0,1,1,Taiwan,24.066205,120.74815000000001
Al Ezz Flat Steel Company SAE,1,2880.0,1950.0,28.0,,0,1,1,Egypt,29.692045,32.322117
Shandong Shouguang Juneng SPECIAL Steel Co Ltd,1,2850.0,1150.0,23.21,23.94887192926954,1,1,1,China,36.939125,118.785598
Shandong Jinguan Metallurgical Technology Co Ltd,1,2810.0,0.0,22.79,41.72679122044275,1,1,1,China,37.449126,116.396787
Fangda Special Steel Technology Co Ltd,1,2800.0,3150.0,67.55,266.77157122941816,1,1,1,China,28.645441,115.99204
TRINECKÉ ZELEZÁRNY AS,1,2800.0,2263.0,187.0,,0,1,1,Czech Republic,49.689053,18.654557
Yingkou Iron & Steel Co Ltd,1,2800.0,2400.0,15.23,48.36408492733494,1,1,1,China,40.664651,122.415057
PT Gunung Raja Paksi Tbk,3,2800.0,2000.0,40.0,,0,1,1,Indonesia,-2.0263483333333334,107.244709
ShanXi TongCai Industry and Trade Co Ltd,1,2780.0,2980.0,24.0,9.462411097654892,1,1,1,China,35.694321,111.429381
AG der Dillinger Hüttenwerke AG,1,2760.0,4782.0,57.0,,0,1,1,Germany,49.353884,6.746603
Liyang Baorun Steel Co Ltd,1,2760.0,0.0,2.58,16.79957910500358,1,1,1,China,31.471123,119.485941
Shyam Metalics and Energy Ltd,2,2750.0,4306.0,16.5,20.06856815555781,2,1,1,India,22.6870465,85.5822505
Shanxi Gaoyi Steel Co Ltd,1,2700.0,4001.0,29.0,10.177270574142003,1,1,1,China,35.586841,111.258436
Hebei Xinjin Iron and Steel Co Ltd,1,2700.0,3240.0,33.0,23.610129845355072,1,1,1,China,36.715632,114.208992
Jilin Jianlong Steel Co Ltd,1,2700.0,3080.0,24.8,96.79587348951624,1,1,1,China,44.011951,126.537086
Chifeng Zhongtang Special Steel Co Ltd,1,2700.0,2740.0,4.0,0.19564991954064595,1,1,1,China,41.834064,119.281883
Anhui Guihang Special Steel Co Ltd,1,2700.0,2080.0,15.89,8.789207161689111,1,1,1,China,30.531068,117.251147
Minyuan Iron and Steel Group Co Ltd,1,2700.0,2510.0,23.0,10.76845556749162,1,1,1,China,34.013369,116.422599
Tongling City Xuanli Special Steel Co Ltd,1,2700.0,2080.0,17.0,18.64545650520313,1,1,1,China,31.062807,117.956015
Eastern Steel Sdn Bhd,1,2700.0,2400.0,11.0,,0,1,1,Malaysia,4.285062,103.432551
Wuan Yuhua Steel Co Ltd,1,2700.0,1820.0,38.0,18.000980555199195,1,1,1,China,36.731752,114.098377
Linyi Iron and Steel Investment Group Co Ltd,1,2700.0,2310.0,6.92,7.645735223522728,1,1,1,China,35.15735,119.133999
Fushun New Steel Corp Ltd,1,2700.0,3151.0,20.36,88.53926393068824,1,1,1,China,41.841223,123.753895
Fulun Iron & Steel Co Ltd,1,2700.0,5000.0,22.63,18.49309164828941,1,1,1,China,36.308447,117.540425
Dongbei Special Steel Group Dalian Special Steel Co Ltd,1,2695.0,1160.0,57.0,3.5455963131688404,1,1,1,China,39.193697,122.057788
Anyuan Iron & Steel Co Ltd,1,2650.0,2500.0,72.0,13.03861948857966,1,1,1,China,27.64555,113.902126
Fujian Luoyuan Minguang Iron & Steel Co Ltd,1,2650.0,2330.0,12.0,2.783158119065886,1,1,1,China,26.483815,119.67105
Kyoei Steel Ltd,3,2645.0,0.0,53.333333333333336,820.33339396745,3,1,1,Japan,34.61929633333333,134.55528633333333
Yunnan Qujing Iron and Steel Group Chenggang Iron and Steel Co Ltd,1,2600.0,2260.0,12.5,3.2585066915472294,1,1,1,China,25.45543,103.547242
Benxi Beiying Iron & Steel (GROUP) Co Ltd,1,2600.0,7800.0,23.88,38.10186946597005,1,1,1,China,41.224814,123.608374
Shagang Group Anyang Yongxing Iron & Steel Co Ltd,1,2600.0,2728.0,33.0,33.338144249378004,1,1,1,China,36.143573,114.149964
Houying Group Haicheng Iron and Steel Co Ltd,1,2600.0,1376.0,19.58,116.09087986226193,1,1,1,China,40.981855,122.948643
Arab Steel Co,1,2600.0,1400.0,37.0,,0,1,1,Saudi Arabia,26.277917,49.949177
Jianlong Beiman SPECIAL Steel Co Ltd,1,2570.0,1600.0,69.0,4.430981093072824,1,1,1,China,47.191285,123.616512
Hoa Phat Hai Duong Steel JSC,1,2525.0,2920.0,19.0,,0,1,1,Vietnam,21.01536,106.536023
Shanxi Tongde Xinghua Special Steel Co Ltd,1,2500.0,1100.0,20.21,96.81451469548962,1,1,1,China,40.183517,113.305462
Hebei Xinxing Ductile Iron Pipes Co Ltd,1,2500.0,1180.0,33.0,26.53322136943054,1,1,1,China,36.621504,114.128189
Compania Espanola de Laminacion SL,1,2500.0,0.0,69.0,,0,1,1,Spain,41.454855,1.980107
Jindal Shadeed Iron & Steel LLC,2,2500.0,2000.0,8.0,,0,1,1,Oman,22.071424999999998,57.1393025
Badische Stahlwerke GmbH,1,2500.0,0.0,71.0,,0,1,1,Germany,48.595058,7.821633
Guangdong Guoxin Industrial Co Ltd,1,2500.0,2200.0,24.0,196.23600459500045,1,1,1,China,23.407415,116.570818
Gerdau Acos Longos SA,4,2486.0,430.0,48.0,,0,1,1,Brazil,-23.014758,-46.28457325
SSAB Americas Holding AB,2,2450.0,0.0,27.0,,0,1,1,United States,36.211895999999996,-89.416679
Chifeng Yuanlian Steel Co Ltd,1,2450.0,2310.0,23.53,37.1566123817631,1,1,1,China,42.278115,119.015289
Tangshan Zhengfeng Steel Co Ltd,1,2439.0,0.0,22.0,47.456933823496875,1,1,1,China,39.85271,118.181279
Kish South Kaveh Steel Co,1,2400.0,1860.0,15.0,,0,1,1,Iran,27.169696,56.095207
ArcelorMittal Eisenhüttenstadt GmbH,1,2400.0,1825.0,76.0,,0,1,1,Germany,52.168649,14.623473
ArcelorMittal Long Products Canada GP,1,2400.0,1650.0,112.0,,0,1,1,Canada,45.835148,-73.254957
Tangshan Chunxing Special Steel Co Ltd,1,2400.0,1820.0,23.5,77.04766330735693,1,1,1,China,39.676326,118.427914
Guangdong Nanfang Donghai Iron and Steel Co Ltd,1,2400.0,0.0,3.0,8.576761289801118,1,1,1,China,22.907614,112.224952
Yangchun New Iron & Steel Co Ltd,1,2400.0,2200.0,19.0,1.514296593856517,1,1,1,China,22.084904,111.642187
Yangzhou Qinyou Special Metal Materials Co Ltd,1,2400.0,2400.0,24.7,11.63043123548187,1,1,1,China,32.838703,119.425236
Orion Steel Group LLC,2,2400.0,0.0,105.0,,0,2,1,"Canada, United States",44.37038,-104.619242
Hebei Rongxin Iron & Steel Co Ltd,1,2300.0,2370.0,24.0,21.66793353856652,1,1,1,China,39.880661,118.558755
Hebei Tangyin IRON&STEEL Co Ltd,2,2300.0,2660.0,17.0,77.11932507709936,2,1,1,China,39.4298775,118.321497
Shanxi HONGDA Iron and Steel Group Co Ltd,1,2300.0,1250.0,26.81,9.106281019158446,1,1,1,China,35.701895,110.786826
MMK Metalurji Sanayi Ticaret ve Liman Isletmeciligi AŞ,1,2300.0,0.0,15.0,,0,1,1,Türkiye,36.768975,36.213842
Sichuan Dazhou Iron & Steel Group Co Ltd,1,2300.0,2428.0,28.89,16.355721718020167,1,1,1,China,31.18945,107.453099
Liaoyang United Steel Co Ltd,1,2300.0,2260.0,6.17,118.75270667725312,1,1,1,China,41.19138,122.877311
Fujian San'an Iron & Steel Co Ltd,1,2300.0,2280.0,25.0,4.5967818071613955,1,1,1,China,25.244396,118.029905
WISCO Group Kunming Steel Co Ltd,2,2276.0,2130.0,11.77,12.462306425268466,2,1,1,China,24.950474,102.372738
Qinhuangdao Baigong Steel Co Ltd,1,2260.0,1820.0,20.0,13.989639372074462,1,1,1,China,39.748773,118.819472
Zhongpu (Handan) Iron and Steel Co Ltd,1,2250.0,2300.0,23.0,5.071746063714199,1,1,1,China,36.721376,113.910271
JFE Bars & Shapes Corp,3,2220.0,0.0,80.33333333333333,68.65047900059632,3,1,1,Japan,35.056672999999996,136.36677866666665
BMM Ispat Ltd,1,2208.0,1640.0,20.0,2.1917445087997494,1,1,1,India,15.16972,76.37971
Ferriere Nord SpA,1,2200.0,0.0,51.0,,0,1,1,Italy,46.232199,13.079104
Yenakiieve Metallurgical Plant Branch PJSC,1,2200.0,2364.0,131.0,,0,1,1,Ukraine,48.220502,38.228626
Aperam Stainless Belgium NV,2,2200.0,0.0,53.0,,0,1,1,Belgium,50.6744855,5.0219685
HBIS Group Serbia Iron & Steel Beograd doo,1,2199.0,1300.0,62.0,,0,1,1,Serbia,44.606332,20.970066
SeAH Besteel Holdings Corp,1,2101.0,0.0,29.0,,0,1,1,South Korea,35.968596,126.609524
Algerian Qatari Steel,1,2100.0,2500.0,9.0,,0,1,1,Algeria,36.753961,6.24442
SteelAsia Manufacturing Corp,7,2100.0,0.0,10.75,,0,1,1,Philippines,12.477770514285712,122.37712065714287
Suez Steel Company SAE,1,2080.0,1950.0,26.0,,0,1,1,Egypt,29.927875,32.437744
Guangdong Yuebei United Steel Co Ltd,1,2055.0,800.0,16.0,0.9729820812459319,1,1,1,China,24.262452,113.728198
Orissa Metaliks Pvt Ltd,3,2050.0,3143.0,10.666666666666666,10.929099789160576,3,1,1,India,22.199786666666665,86.18568800000001
Uralskaya Stal JSC,1,2050.0,3038.0,71.0,,0,1,1,Russia,51.214781,58.353913
Guangdong Guangqing METAL Technology Co Ltd,1,2040.0,0.0,16.0,3.224175679657858,1,1,1,China,21.697069,111.848841
Xining Special Steel Co Ltd,1,2040.0,2040.0,28.37,74.97303982058253,1,1,1,China,36.66856,101.671414
Heilongjiang Jianlong Iron and Steel Co Ltd,1,2001.0,2001.0,23.0,5.468234234826416,1,1,1,China,46.602297,131.071877
Xinxing Ductile Iron Pipes Xinjiang Co Ltd,1,2000.0,1200.0,15.46,0.25231226223622644,1,1,1,China,42.333321,86.302481
Wuhai Baogang Wanteng Iron and Steel Co Ltd,1,2000.0,2000.0,15.0,4.195343412886469,1,1,1,China,39.855971,106.886647
Wuhu Fuxin Iron & Steel Co Ltd,1,2000.0,1770.0,23.0,10.06573815544951,1,1,1,China,31.194505,118.067833
Wuhu Xinxing Ductile Iron Pipes Co Ltd,1,2000.0,1980.0,23.0,11.346493396360493,1,1,1,China,31.229893,118.150867
Guangdong Jingye Iron and Steel Co Ltd,1,2000.0,2000.0,6.0,166.30917245685816,1,1,1,China,23.454666,116.498483
Alfa Acciai SpA,1,2000.0,0.0,71.0,,0,1,1,Italy,45.508698,10.248464
Henan YAXIN Steel Industry Co Ltd,1,2000.0,2100.0,23.0,41.827681381618575,1,1,1,China,35.879956,114.334825
Acindar Industria Argentina de Aceros SA,1,2000.0,600.0,80.0,,0,1,1,Argentina,-33.249936,-60.300415
Inner Mongolia Yaxinlongshun Special Steel Co Ltd,1,2000.0,540.0,20.3,15.12427717587023,1,1,1,China,40.689778,110.214707
Jiangsu Changqiang Iron & Steel Co Ltd,1,2000.0,1700.0,22.42,79.8317678933045,1,1,1,China,31.952064,120.189749
Hubei Lijin Steel Group Co Ltd,1,2000.0,0.0,24.0,3.2606590928988535,1,1,1,China,32.127263,112.715688
BERIS Jiangsu Heavy Industry Co Ltd,1,2000.0,0.0,16.33,38.82432188820384,1,1,1,China,32.104319,119.792126
Fuzhou Wuhang Steel Products Co Ltd,1,2000.0,0.0,5.0,64.0650597184102,1,1,1,China,25.995101,119.495725
Tangshan Wenfeng Special Steel Co Ltd,1,2000.0,2000.0,18.47,3.581550804034431,1,1,1,China,39.146541,118.432261
Panhua Group Co Ltd,2,2000.0,1790.0,0.0,,0,1,1,Philippines,7.196608,124.917231
Hubei Shunle Iron and Steel Co Ltd,1,2000.0,0.0,5.0,2.526988142864214,1,1,1,China,29.925026,113.826118
Shijiazhuang Iron and Steel Co Ltd,2,2000.0,0.0,34.5,161.1876401604642,2,1,1,China,38.067871499999995,114.2967005
Arcelormittal Sestao SL,1,2000.0,0.0,124.0,,0,1,1,Spain,43.313144,-2.998964
Luzhou Xinyang Vanadium Titanium Steel Co Ltd,1,2000.0,0.0,6.12,3.3239221943891173,1,1,1,China,28.851779,105.70509
Fujian Wuhang Stainless Steel Products Co Ltd,1,2000.0,0.0,33.0,63.67400000393471,1,1,1,China,25.95923,119.452018
PT The Master Steel MFG,1,2000.0,0.0,54.0,,0,1,1,Indonesia,-6.18421,106.920067
Guizhou United Steel (Group) Co Ltd,1,1990.0,0.0,12.0,39.15861051985098,1,1,1,China,27.591691,106.814024
Sev.en Global Investments AS,2,1970.0,0.0,50.0,,0,2,1,"Norway, United Kingdom",58.895638000000005,5.5152505000000005
Aceros Especiales Simec Tlaxcala SA de CV,2,1956.0,0.0,20.32,,0,1,1,Mexico,20.749476,-99.50398949999999
Pavgord doo,1,1940.0,1100.0,134.0,,0,1,1,Bosnia and Herzegovina,44.224446,17.899815
Angang Lianzhong Stainless Steel Corp,1,1900.0,0.0,25.0,291.90076720202063,1,1,1,China,23.126822,113.505817
Lucheng Xingbao Iron & Steel Co Ltd,1,1900.0,1370.0,22.85,42.05126745126544,1,1,1,China,36.332449,113.15509
Shaanxi Lueyang Iron and Steel Co Ltd,1,1900.0,1000.0,22.29,0.2165139668314962,1,1,1,China,33.323678,106.167206
ShiGangJingCheng Equipment Development and Manufacturing Co Ltd,1,1900.0,0.0,20.0,49.14411779968166,1,1,1,China,40.626396,122.38884
Shandong Taigang Xinhai Stainless Steel Co Ltd,1,1860.0,400.0,10.07,5.0602532899145745,1,1,1,China,35.228556,119.084178
Wuzhou Yongda Steel Works Co Ltd,1,1851.0,0.0,17.0,16.839275148364614,1,1,1,China,23.524465,111.2402
Algoma Steel Group Inc,1,1850.0,0.0,125.0,,0,1,1,Canada,46.518984,-84.374068
Hebei Huaxi Special Steel Co Ltd,1,1824.0,1968.0,5.0,3.990925109516619,1,1,1,China,39.260784,119.005925
Feng Hsin Steel Co Ltd,1,1800.0,0.0,55.0,,0,1,1,Taiwan,24.31287,120.712774
Ningxia Iron and Steel (Group) Co Ltd,1,1800.0,2590.0,68.0,5.569508378618858,1,1,1,China,37.503054,105.078348
BES Brandenburger Elektrostahlwerke GmbH,1,1800.0,0.0,114.0,,0,1,1,Germany,52.402617,12.496135
Hbzx HIGH Tech Co Ltd,1,1800.0,555.0,3.0,21.36948949327865,1,1,1,China,40.607977,115.067516
Anshan Baode Iron & Steel Co Ltd,1,1800.0,1150.0,26.73,145.04235074704485,1,1,1,China,41.173613,122.945501
G Steel PCL,1,1800.0,0.0,27.0,,0,1,1,Thailand,12.793786,101.244592
Henan Angang Zhoukou Iron and Steel Co Ltd,1,1750.0,1580.0,5.0,5.890775435452005,1,1,1,China,33.364534,115.099661
Acciaierie Venete SpA,3,1740.0,0.0,47.0,,0,1,1,Italy,45.70568033333333,11.185377666666668
Fujian Dingsheng Steel Co Ltd,1,1726.0,0.0,8.0,2.9261774048853715,1,1,1,China,27.224477,120.328828
Guangxi Longzhou Zhongheng Wanhua Industrial Co Ltd,2,1725.0,550.0,17.5,0.4399617756620895,2,1,1,China,23.1567485,109.43017850000001
Siderca SAIC,1,1720.0,960.0,65.57,,0,1,1,Argentina,-34.152554,-58.977388
Libyan Iron and Steel Co,1,1710.0,1806.0,37.0,,0,1,1,Libya,32.335185,15.215053
Shanxi Meijin Iron and Steel Co Ltd,2,1700.0,2200.0,22.32,7.359463301573086,2,1,1,China,38.155327,112.4594385
Godo Steel Ltd,3,1700.0,0.0,62.666666666666664,1770.7910714594336,3,1,1,Japan,35.057881,136.68735066666667
CMC Poland SP zoo,1,1700.0,0.0,125.0,,0,1,1,Poland,50.487463,19.456759
Licheng Taihang Iron & Steel Co Ltd,1,1700.0,618.0,25.68,2.0130715426201022,1,1,1,China,36.472303,113.344155
Outokumpu Stainless AB,2,1700.0,0.0,73.0,,0,2,1,"Finland, Sweden",62.957968,20.17464
Egyptian Steel Group,2,1660.0,0.0,8.0,,0,1,1,Egypt,29.40006,31.764005
Heyuan Derun Steel Co Ltd,2,1650.0,0.0,26.0,10.750974851216032,2,1,1,China,23.5457045,114.820847
Talleres y Aceros SA de CV,1,1650.0,0.0,33.0,,0,1,1,Mexico,18.869272,-97.047263
Hebei YongYang Special Steel Group Co Ltd,1,1610.0,2320.0,33.0,74.13470308068804,1,1,1,China,36.786851,114.376132
Abinski Elektrometallurgicheski Zavod LLC,1,1600.0,0.0,12.0,,0,1,1,Russia,44.881938,38.12751
North American Stainless Inc,1,1600.0,0.0,36.0,,0,1,1,United States,38.725418,-85.076015
Jianglong Acheng Iron & Steel Co Ltd,1,1600.0,1400.0,25.0,6.442526198709138,1,1,1,China,45.562002,126.968128
Guangxi Deyuan Metallurgy Co Ltd,2,1600.0,0.0,36.0,1.85618937889585,2,1,1,China,22.785653,109.11917
West Alborz Steel Co,1,1600.0,0.0,21.0,,0,1,1,Iran,36.119574,49.306253
Sanyo Special Steel Co Ltd,1,1596.0,0.0,91.0,111.93188948682003,1,1,1,Japan,34.788074,134.672046
Jiangsu HONGTAI Metals Ware Co Ltd,1,1576.0,0.0,25.68,105.0412201211689,1,1,1,China,32.138393,119.554693
Hebei New Wuan Iron and Steel Group Xin Hui Metallurgy Co Ltd,1,1575.0,0.0,26.0,20.668549711905484,1,1,1,China,36.664097,114.115263
Voestalpine Stahl Donawitz GmbH,1,1570.0,1651.0,148.0,,0,1,1,Austria,47.380455,15.065182
Infrabuild Australia Pty Ltd,2,1530.0,0.0,39.0,,0,1,1,Australia,-35.798694499999996,147.818994
Shanxi Changxin Industry Co Ltd,1,1520.0,1240.0,37.0,42.38190352066855,1,1,1,China,36.326589,113.117181
Danyang Longjiang Steel Co Ltd,1,1500.0,1500.0,22.59,41.738524779286955,1,1,1,China,32.027791,119.57706
JSW Steel USA Ohio Inc,1,1500.0,0.0,8.0,,0,1,1,United States,40.314891,-80.605553
ESL Steel Ltd,1,1500.0,1568.0,20.0,34.57834434193664,1,1,1,India,23.632907,86.293671
AM/NS Calvert LLC,1,1500.0,0.0,1.0,,0,1,1,United States,31.148446,-87.990521
Zarand Iranian Steel Co,1,1500.0,1700.0,6.0,,0,1,1,Iran,30.749633,56.6675096
Acciaierie Bertoli Safau SpA,1,1500.0,0.0,213.0,,0,1,1,Italy,46.008483,13.255117
Butia Iranian Steel Co,1,1500.0,2000.0,15.0,,0,1,1,Iran,30.4912,56.8214
Chengdu Changfeng Steel Group Co Ltd,1,1500.0,0.0,56.0,16.03347252369645,1,1,1,China,31.031921,103.672956
Guangxi Wuzhou Jinhai Stainless Steel Co Ltd,1,1500.0,0.0,16.0,16.949046862208938,1,1,1,China,23.518229,111.235509
Daido Steel Co Ltd,1,1500.0,0.0,64.0,828.8315467514735,1,1,1,Japan,35.016404,136.864744
Qian'an Zhayi Steel Group Co Ltd,1,1500.0,0.0,22.0,17.5683281831904,1,1,1,China,40.044026,118.552001
Pomina Steel JSC,2,1500.0,1000.0,20.5,,0,1,1,Vietnam,10.589305,107.0429075
Pasargad Steel Complex Co,1,1500.0,1800.0,13.0,,0,1,1,Iran,29.191019,52.845405
Henan Fengbao SPECIAL Steel Co Ltd,1,1500.0,2560.0,25.0,7.299429454077274,1,1,1,China,36.131666,113.872158
Ningxia Xinghua Iron and Steel Co Ltd,1,1500.0,1370.0,4.22,7.418962036313617,1,1,1,China,39.309571,106.79093
Longnan Fuxin Steel Co Ltd,1,1500.0,0.0,20.91,1.6301052524186455,1,1,1,China,24.912904,114.844503
G J Steel PCL,1,1500.0,0.0,31.0,,0,1,1,Thailand,13.054668,101.078842
Jiangyin Huaxi Steel Co Ltd,1,1500.0,1400.0,23.39,163.39756110745432,1,1,1,China,31.816482,120.424347
Kroman Celik Sanayii AS,1,1500.0,0.0,57.0,,0,1,1,Türkiye,40.801101,29.374115
Gerdau Corsa SAPI de CV,2,1500.0,0.0,26.5,,0,1,1,Mexico,19.6918405,-98.88839899999999
Jilin Jingang Lron and Steel Co Ltd,1,1500.0,1300.0,47.0,23.017180076960546,1,1,1,China,43.20023,124.335697
Aichi Steel Corp,1,1495.0,0.0,83.0,1237.334301589118,1,1,1,Japan,35.044558,136.900772
Acciai Speciali Terni SpA,1,1450.0,0.0,142.0,,0,1,1,Italy,42.564752,12.66936
Arcelormittal Olaberria-Bergara SL,1,1450.0,0.0,34.0,,0,1,1,Spain,43.03829,-2.219625
Torbat Heydarieh Steel Co,1,1450.0,1850.0,1.0,,0,1,1,Iran,35.594882,59.205984
Jishan Mingfu Steel Products Co Ltd,1,1433.0,1142.0,12.44,2.754742080575838,1,1,1,China,35.665945,111.025976
UMK-Stal LLC,2,1420.0,365.0,71.0,,0,1,1,Russia,58.351585,63.129918499999995
Heping Yueshen Steel Industrial Co Ltd,1,1400.0,0.0,15.0,1.431019602976772,1,1,1,China,24.49796,114.93888
Vyksunskiy Metallurgicheskiy Zavod AO,1,1400.0,0.0,268.99,,0,1,1,Russia,55.382815,42.188954
Lvliang Jianlong Industrial Co Ltd,1,1400.0,1535.0,41.0,7.153007145963953,1,1,1,China,37.47311,112.06093
Henan Xinjinhui Stainless Steel Industry Co Ltd,1,1400.0,900.0,21.0,27.722160132089183,1,1,1,China,34.263509,113.853979
Yantai Walsin Stainless Steel Co Ltd,1,1400.0,0.0,18.92,80.7420333485765,1,1,1,China,37.548627,121.277488
Yunnan Qujing Iron and Steel Group Co Ltd,1,1400.0,0.0,12.55,4.122714975130363,1,1,1,China,26.275342,104.168311
Stomana Industry AD,1,1400.0,0.0,68.0,,0,1,1,Bulgaria,42.595629,23.093095
Southern Steel Bhd,1,1400.0,0.0,63.0,,0,1,1,Malaysia,5.399453,100.382177
Khorasan Steel Complex Co,1,1400.0,1600.0,25.0,,0,1,1,Iran,36.3445,58.67875
Lech Stahlwerke GmbH,1,1400.0,0.0,56.0,,0,1,1,Germany,48.512051,10.855292
Shandong Luli Steel Co Ltd,1,1400.0,2680.0,33.0,17.92181820410351,1,1,1,China,36.970875,118.955444
Kaptan Demir Celik Endustrisi Ve Ticaret AŞ,1,1400.0,0.0,24.0,,0,1,1,Türkiye,41.015222,27.959978
ESF Elbe-Stahlwerke Feralpi GmbH,1,1400.0,0.0,34.0,,0,1,1,Germany,51.3128,13.280386
Hebei New Wuan Steel Group Wenan IRON&STEEL Co Ltd,2,1400.0,910.0,23.0,16.216711691211465,2,1,1,China,36.655461,114.06882949999999
Guangxi Guigang Iron and Steel Group Co Ltd,1,1400.0,1660.0,23.0,14.052423521621082,1,1,1,China,23.088182,109.634638
Abul Khair Steel Ltd,1,1400.0,0.0,11.0,,0,1,1,Bangladesh,22.472008,91.734827
Riva Acciaio SpA,2,1380.0,0.0,67.0,,0,1,1,Italy,44.993105,8.4902225
Grupo Acerero SA de CV,1,1375.0,0.0,22.0,,0,1,1,Mexico,22.087328,-100.901902
Rungta Mines Ltd,5,1375.0,1694.0,8.333333333333334,2.542227192384486,5,1,1,India,21.9107876,85.4521354
Nippon Steel Stainless Steel Corp,2,1366.0,0.0,69.5,9.304194958172435,2,1,1,Japan,34.011835000000005,131.856312
Fujian Yixin Steel & Iron Co Ltd,1,1360.0,1100.0,20.0,4.295239847170801,1,1,1,China,26.491308,119.63624
Tongling Fuxin Iron & Steel Co Ltd,1,1350.0,1180.0,56.0,24.560609861124014,1,1,1,China,30.907561,117.772866
Hebei Huaxin Special Steel Co Ltd,1,1350.0,1140.0,5.0,40.71827937468466,1,1,1,China,36.53048,114.245262
Hebei New Wuan Lron and Steel Group Hong Rong Lron and Steel Co Ltd,1,1350.0,1060.0,42.0,8.139550283461952,1,1,1,China,36.640411,113.981172
Sovel SA,1,1350.0,0.0,25.0,,0,1,1,Greece,39.169632,22.840216
Inner Mongolia Desheng Metal Products Co Ltd,1,1350.0,1080.0,14.3,4.195843357189384,1,1,1,China,39.867015,106.890377
Tata Steel (Thailand) PCL,2,1350.0,0.0,37.5,,0,1,1,Thailand,12.864989999999999,101.118098
Yunnan Desheng Steel Co Ltd,1,1350.0,2470.0,25.47,0.44383651309971295,1,1,1,China,25.142516,102.077727
Qinglong Manzhu Autonomous County Delong Casting Industry Development Co Ltd,1,1350.0,1040.0,15.87,0.14197766247176585,1,1,1,China,40.427008,119.219855
Jiangsu Delong Nickel Industry Co Ltd,1,1350.0,0.0,15.55,4.645644941659275,1,1,1,China,34.443469,119.816574
Wulanhot Iron & Steel Co Ltd,1,1350.0,1130.0,26.64,6.804359935247818,1,1,1,China,46.055685,122.063282
Xinjiang KingTec Steel Co Ltd,1,1334.0,1040.0,22.28,0.00062884526974227,1,1,1,China,42.674192,86.280156
Guizhou Ganglian Industrial Group Co Ltd,1,1325.0,0.0,12.0,42.013749874865816,1,1,1,China,27.615147,106.949926
New Zealand Steel Ltd,1,1320.0,652.0,57.0,,0,1,1,New Zealand,-37.206878,174.728098
Interpipe Ltd,1,1320.0,0.0,14.0,,0,1,1,Ukraine,48.498914,35.096336
Iran Alloy Steel Co,1,1300.0,0.0,27.0,,0,1,1,Iran,31.940106,54.037614
Hengyang Valin Steel Tube Co Ltd,1,1300.0,830.0,68.0,47.18252200978534,1,1,1,China,26.865484,112.576853
ArcelorMittal Duisburg GmbH,1,1300.0,0.0,174.0,,0,1,1,Germany,51.462987,6.744612
Yesilyurt Demir Celik Endustri Ve Liman Isletmeleri AŞ,1,1300.0,0.0,29.0,,0,1,1,Türkiye,41.241199,36.442055
Anyang Iron & Steel Co Ltd,1,1300.0,7969.0,68.0,79.07257743887372,1,1,1,China,36.122129,114.283145
Sulb Company BSCC,1,1300.0,1700.0,14.0,,0,1,1,Bahrain,26.198152,50.679893
Siderurgica Sevillana SA,1,1300.0,0.0,72.0,,0,1,1,Spain,37.362968,-5.886865
Hoa Sen Group,1,1300.0,0.0,16.0,,0,1,1,Vietnam,10.595295,107.044846
Diler Demir Celik Endustri ve Ticaret AŞ,1,1300.0,0.0,42.0,,0,1,1,Türkiye,40.783161,29.533568
AG Siderurgica Balboa SA,1,1300.0,0.0,34.0,,0,1,1,Spain,38.326405,-6.767326
Mass Iraq Iron and Steel Industry Co,1,1250.0,0.0,11.0,,0,1,1,Iraq,35.660125,45.039062
Corporacion Aceros Arequipa SA,1,1250.0,0.0,39.0,,0,1,1,Peru,-13.788622,-76.168173
Acciaierie di Verona SpA,1,1250.0,0.0,124.0,,0,1,1,Italy,45.42882,11.000861
MZ Balakovo JSC,1,1250.0,0.0,13.0,,0,1,1,Russia,51.936009,47.81591
Ekinciler Demir ve Celik Sanayi AŞ,1,1250.0,0.0,37.0,,0,1,1,Türkiye,36.690115,36.205739
Tubos de Acero de Mexico SA,1,1230.0,0.0,72.0,,0,1,1,Mexico,19.182499,-96.237284
Celsa Huta Ostrowiec SP zoo,1,1220.0,0.0,213.0,,0,1,1,Poland,50.947305,21.448763
Feralpi Siderurgica SpA,1,1216.0,0.0,58.0,,0,1,1,Italy,45.460582,10.456748
Fujian Longgang New Materials Co Ltd,1,1210.0,1203.0,,0.9772236618419241,1,1,1,China,25.357408,117.362096
Charter Manufacturing Co Inc,2,1205.0,0.0,27.5,,0,1,1,United States,42.42184,-84.8040555
Guangxi Guigang Iron and Steel Group Guigang Guibao SPECIAL Steel Co Ltd,1,1200.0,0.0,8.0,14.052423521621082,1,1,1,China,23.089502,109.63938
Nucor Steel Tuscaloosa Inc,1,1200.0,0.0,41.0,,0,1,1,United States,33.234761,-87.508498
Egyptian American Steel Rolling Company SAE,1,1200.0,0.0,28.0,,0,1,1,Egypt,30.389174,30.571894
Ege Celik Endustrisi Sanayi ve Ticaret AŞ,1,1200.0,0.0,25.0,,0,1,1,Türkiye,38.728005,26.940095
Ozkan Demir Celik Sanayi AŞ,1,1200.0,0.0,16.0,,0,1,1,Türkiye,38.737005,26.950824
United Steel Industries Co KSCC,1,1200.0,0.0,19.0,,0,1,1,Kuwait,28.989306,48.128118
Jayaswal Neco Industries Ltd,1,1200.0,1270.0,30.0,15.953817230572136,1,1,1,India,21.354495,81.676444
Vina One Steel Manufacturing Corp,1,1200.0,0.0,19.0,,0,1,1,Vietnam,10.636835,106.517595
Henan Fuhua Iron & Steel Group Co Ltd,1,1200.0,0.0,26.47,57.60318730748968,1,1,1,China,34.462949,113.700844
SeAH Changwon Integrated Special Steel Corp,1,1200.0,0.0,60.0,,0,1,1,South Korea,35.204191,128.604277
Arvand Jahanara Steel Co,1,1200.0,0.0,4.0,,0,1,1,Iran,30.510886,48.241356
SeAh Steel Holdings Corp,1,1200.0,0.0,48.0,,0,1,1,South Korea,35.991176,129.375791
Bafgh Mineral Complex Iron & Steel Co,1,1200.0,800.0,5.0,,0,1,1,Iran,31.699307,55.440187
Koc Metalurji AŞ,1,1200.0,0.0,14.0,,0,1,1,Türkiye,37.01488,36.104416
Shaanxi Huaxin Special Steel Group Co Ltd,1,1200.0,0.0,24.54,3.315890906228594,1,1,1,China,34.523278,109.986042
GFG Alliance Ltd,1,1200.0,1200.0,85.0,,0,1,1,Australia,-33.009381,137.587836
Mesco Kalinga Steel Ltd,1,1200.0,1200.0,21.0,5.673477114514187,1,1,1,India,20.976277,86.044419
Chadormalu Mining & Industrial Co,1,1200.0,1586.0,9.0,,0,1,1,Iran,32.387328,53.747706
Solb Steel Co,1,1200.0,0.0,17.0,,0,1,1,Saudi Arabia,17.298475,42.352338
Celsa France SAS,1,1200.0,0.0,61.0,,0,1,1,France,43.529693,-1.500971
Guilin Pinggang Iron and Steel Co Ltd,1,1200.0,0.0,29.0,0.7193132689501195,1,1,1,China,24.673567,110.78959
natural person(s); Hubei Xinxin Steel Group Co Ltd,1,1200.0,500.0,26.0,40.14793881568527,1,1,1,China,30.067469,114.934091
Huahong Iron and Steel Products Co Ltd,1,1200.0,0.0,23.39,0.935849045969734,1,1,1,China,28.090098,119.519509
AFV Acciaierie Beltrame SpA,1,1200.0,0.0,50.0,,0,1,1,Italy,45.522097,11.499295
Zhejiang Wantai Special Steel Co Ltd,1,1200.0,0.0,22.54,90.79634906557348,1,1,1,China,30.944342,120.971803
Acerinox Europa SAU,1,1200.0,0.0,56.0,,0,1,1,Spain,36.181686,-5.426626
Prakash Industries Ltd,1,1190.0,1200.0,33.0,3.750877372384493,1,1,1,India,22.004694,82.671666
Daye Huaxin Industrial Co Ltd,1,1150.0,1200.0,23.0,39.90401622325707,1,1,1,China,30.070219,114.926251
Hejin Huaxinyuan Steel & Iron Co Ltd,1,1150.0,1190.0,23.12,11.346179329796263,1,1,1,China,35.605506,110.652056
Guangxi Hezhou Kexinda Metal Products Co Ltd,1,1150.0,0.0,22.0,0.2522028349301911,1,1,1,China,23.979937,111.745037
Bangladesh Steel Re-Rolling Mills Ltd,1,1150.0,0.0,9.72,,0,1,1,Bangladesh,22.870631,91.545862
Amurstal LLC,1,1150.0,0.0,84.0,,0,1,1,Russia,50.563131,136.976362
Zunyi County Fuxin Iron & Steel Product Co Ltd,1,1150.0,0.0,33.0,39.15861051985098,1,1,1,China,27.591697,106.815453
Xinjiang Minxin Iron and Steel (Group) Minhang Special Steel Co Ltd,1,1110.0,0.0,14.79,0.04148678705120474,1,1,1,China,44.080866,88.417209
Stahlwerk Thueringen GmbH,1,1100.0,0.0,148.0,,0,1,1,Germany,50.654574,11.43745
GV do Brasil Industria e Comercio de Aço Ltda,2,1100.0,0.0,47.5,,0,1,1,Brazil,-21.632410999999998,-42.887049000000005
ABA Çelik Demir LŞ,1,1100.0,0.0,43.0,,0,1,1,Türkiye,36.747413,36.21733
SN SEIXAL Siderurgia Nacional SA,1,1100.0,0.0,65.0,,0,1,1,Portugal,38.616023,-9.068527
Jilinheng Precision Casting Technology Co Ltd,1,1100.0,1100.0,15.96,0.1454566782544689,1,1,1,China,43.196537,126.00063
Guangdong Guangqing Metal Technology Co Ltd,1,1100.0,0.0,19.59,85.70934390677539,1,1,1,China,31.980237,120.571455
Neelachal Ispat Nigam Ltd,1,1100.0,1100.0,44.0,5.2182321579938336,1,1,1,India,20.998641,86.019102
ArcelorMittal Hamburg GmbH,1,1100.0,600.0,57.0,,0,1,1,Germany,53.522601,9.900749
Gaolan County Lanxin Steel Co Ltd,1,1100.0,1150.0,25.0,5.257266296928561,1,1,1,China,36.488866,103.922
Uzbekskiy Metallurgicheskiy Kombinat JSC,1,1100.0,0.0,82.0,,0,1,1,Uzbekistan,40.233432,69.290873
Zhejiang Yuxin Industrial Co Ltd,1,1100.0,0.0,25.24,3.7252018532204336,1,1,1,China,28.787202,120.248592
Siam Yamato Steel Co Ltd,2,1100.0,0.0,24.0,,0,1,1,Thailand,12.69077,101.12935250000001
Sterling Steel Co LLC,1,1090.0,0.0,23.0,,0,1,1,United States,41.785971,-89.710947
Metallus Inc,2,1088.0,0.0,109.5,,0,1,1,United States,40.766927,-81.418129
ArcelorMittal Kryvyi Rih PJSC,1,1083.0,3618.0,92.0,,0,1,1,Ukraine,47.874411,33.392993
Evonith Metallics Ltd,2,1080.0,1400.0,44.0,1.3359510797468985,2,1,1,India,20.700508499999998,78.62942050000001
Ovako AB,2,1075.0,0.0,100.5,,0,2,1,"Finland, Sweden",60.849074,22.550794500000002
GPH Ispat Ltd,1,1051.0,0.0,17.5,,0,1,1,Bangladesh,22.536569,91.700729
Eden Flame Sdn Bhd,1,1050.0,0.0,33.0,,0,1,1,Malaysia,1.451512,103.917306
Yazici Demir Celik Sanayi ve Turizm Ticaret AŞ,1,1050.0,0.0,32.0,,0,1,1,Türkiye,36.685932,36.206275
Siderurgica del Orinoco Alfredo Maneiro CA,1,1020.0,1290.0,64.0,,0,1,1,Venezuela,8.259073,-62.841126
Guangdong Taidu Iron & Steel Co Ltd,1,1020.0,0.0,22.0,25.04935967845901,1,1,1,China,23.504558,112.962693
Chongqing Zuhang Steel Co Ltd,1,1010.0,0.0,18.0,10.410146660064045,1,1,1,China,29.440056,105.741929
Arjas Steel Pvt Ltd,1,1005.0,1024.0,13.3,0.85552531758188,1,1,1,India,14.873471,78.048425
Bonab Steel Complex,1,1000.0,0.0,21.0,,0,1,1,Iran,37.417437,46.035778
Shadegan Steel Industry Co,1,1000.0,805.0,9.0,,0,1,1,Iran,30.565979,48.939846
Devki Steel Mills Ltd,1,1000.0,500.0,4.0,,0,1,1,Kenya,-3.788806,39.316741
Chizhou Guichi Guihang Metal Products Co Ltd,1,1000.0,0.0,26.0,8.899067226733427,1,1,1,China,30.532786,117.25166
Ferriera Valsabbia SpA,1,1000.0,0.0,58.0,,0,1,1,Italy,45.642905,10.380199
Dazhou Hangda Steel Co Ltd,1,1000.0,0.0,22.31,1.445503830095527,1,1,1,China,31.435149,107.685981
Maghreb Steel SA,1,1000.0,0.0,15.0,,0,1,1,Morocco,33.632918,-7.434084
Hellenic Halyvourgia SA,1,1000.0,0.0,63.0,,0,1,1,Greece,39.38588,22.80745
National Steel Co,1,1000.0,0.0,22.0,,0,1,1,Saudi Arabia,26.244786,49.969064
Mescier Demir Celik AŞ,1,1000.0,0.0,6.0,,0,1,1,Türkiye,41.565932,32.427758
Sirjan Jahan Steel Co,1,1000.0,3770.0,12.0,,0,1,1,Iran,29.13806,55.375073
Abu Dhabi National for Building Materials Co PJSC,1,1000.0,0.0,,,0,1,1,United Arab Emirates,24.37872,54.475153
Nervacero SA,1,1000.0,0.0,55.0,,0,1,1,Spain,43.30806,-3.026309
Shengli (Qingyuan) Steel Products Co Ltd,1,1000.0,0.0,22.0,60.44684764947728,1,1,1,China,23.553041,113.119942
Dniprospetsstal Plant PJSC,1,1000.0,0.0,92.0,,0,1,1,Ukraine,47.8599249,35.1613272
Cangzhou Lingang Sanling Metal Co Ltd,1,1000.0,0.0,31.0,7.571902942512999,1,1,1,China,38.311738,117.457779
Sichuan Shengquan Iron and Steel Group Co Ltd,1,1000.0,0.0,7.46,11.913946411635852,1,1,1,China,31.255961,104.190612
Fujian Hongfeng Industrial Group Co Ltd,1,1000.0,0.0,26.5,0.5137722319598975,1,1,1,China,26.868423,117.776369
Neyriz Ghadir Steel Co,1,1000.0,800.0,8.0,,0,1,1,Iran,29.168087,54.621487
SUE DPR UMP,1,1000.0,0.0,27.0,,0,1,1,Ukraine,47.982276,37.810634
Daehan Steel Co Ltd,1,1000.0,0.0,18.22,,0,1,1,South Korea,35.099098,128.860339
Yieh United Steel Corp,1,1000.0,0.0,37.22,,0,1,1,Taiwan,22.830857,120.300604
Anhui Langxi County Fuhang Steel Co Ltd,1,1000.0,0.0,24.0,2.171380708106674,1,1,1,China,31.246635,119.120443
Xuzhou Jinhong Iron and Steel Group Co Ltd,1,1000.0,0.0,25.58,1.8483309207583898,1,1,1,China,34.500122,116.908897
Ashinskiy Metzavod PJSC,1,1000.0,0.0,126.0,,0,1,1,Russia,54.99484,57.277548
Tung Ho Steel Vietnam Corp Ltd,1,1000.0,0.0,19.0,,0,1,1,Vietnam,10.551445,107.04368
Jingzhou Qunli Metal Products Co Ltd,1,1000.0,0.0,27.0,32.403432355115385,1,1,1,China,30.3505,112.353782
Peiner Traeger GmbH,1,1000.0,0.0,168.0,,0,1,1,Germany,52.313935,10.258482
Iranian Sirjan Steel Co,1,1000.0,1000.0,13.0,,0,1,1,Iran,29.928062,56.736539
Arfa Iron and Steel Co,1,1000.0,1200.0,14.89,,0,1,1,Iran,32.39309,53.7566
KG Steel Co Ltd,2,1000.0,0.0,21.04,,0,1,1,South Korea,37.233173,126.707465
Xinjiang Yili Iron and Steel Co Ltd,1,1000.0,1000.0,68.0,0.1549190955335091,1,1,1,China,43.526808,83.294323
Jiangxi Taixin Iron & Steel Co Ltd,1,1000.0,0.0,22.62,3.9675929180940637,1,1,1,China,28.60445,118.163615
HES Hennigsdorfer Elektrostahlwerke GmbH,1,1000.0,0.0,109.0,,0,1,1,Germany,52.650903,13.212683
Outokumpu Stainless USA LLC,1,1000.0,0.0,19.0,,0,1,1,United States,31.148179,-87.98866
PT Mandan Steel,1,1000.0,1000.0,12.0,,0,1,1,Indonesia,-3.339296,115.927125
Vina Kyoei Steel Ltd Co,1,1000.0,0.0,30.14,,0,1,1,Vietnam,10.601423,107.040679
Vallourec Soluções Tubulares do Brasil SA,1,1000.0,350.0,15.0,,0,1,1,Brazil,-20.582683,-43.971555
Posco Vietnam Co Ltd,1,1000.0,0.0,11.0,,0,1,1,Vietnam,10.560316,107.02684
Wuzhou Yongda Special Steel Co Ltd,1,1000.0,0.0,15.0,16.949046862208938,1,1,1,China,23.520307,111.229981
Walsin Lihwa Corp,1,1000.0,0.0,33.0,,0,1,1,Taiwan,23.295835858147463,120.24399172517494
Xinjiang Ka Steel Group Co,1,1000.0,1040.0,4.25,0.5651477333766282,1,1,1,China,39.142997,76.161589
Xinjiang Da'an Special Steel Co Ltd,1,1000.0,1040.0,14.86,7.781556505364297,1,1,1,China,42.700465,93.542466
Fushun Special Steel Co Ltd,1,999.0,0.0,89.0,72.43578849485965,1,1,1,China,41.838774,123.806586
Topy Industries Ltd,1,960.0,0.0,68.0,112.3967019791493,1,1,1,Japan,34.719644,137.322259
Fujian Qingtuo New Material Co Ltd,1,958.0,0.0,3.0,0.3062030389413436,1,1,1,China,26.779301,119.767935
Duferco Travi e Profilati SpA,1,950.0,0.0,22.0,,0,1,1,Italy,45.478363,10.209234
JSW Ispat Special Products Ltd,1,950.0,1282.0,18.0,3.1320608023753214,1,1,1,India,21.983709,83.238133
Chelyabinskiy Truboprokatnyi Zavod JSC,1,950.0,0.0,92.0,,0,1,1,Russia,56.90205,59.992198
Jinye Steel Group Co Ltd,1,950.0,1100.0,22.79,43.711569293138076,1,1,1,China,36.148131,113.209523
Severskiy Trubnyi Zavod JSC,1,950.0,0.0,287.0,,0,1,1,Russia,56.478428,60.249411
Taganrogskiy Metallurgicheskiy Zavod JSC,1,950.0,0.0,130.0,,0,1,1,Russia,47.241557,38.928584
YK Steel Corp,2,930.0,0.0,61.0,,0,1,1,South Korea,36.0009625,127.81632
Longchuan Hanghui Steel Co Ltd,1,930.0,0.0,22.39,3.1175001689970014,1,1,1,China,24.113189,115.215068
Fengshun County Dongfang Metal Casting Co Ltd,1,930.0,0.0,22.6,6.6177142401723845,1,1,1,China,23.749104,116.138262
Guangdong Shengye Steel Co Ltd,1,920.0,0.0,21.97,0.5864355824906781,1,1,1,China,24.008564,114.797328
Guangdong Taiye Hongda Steel Co Ltd,1,920.0,0.0,13.79,43.31179139712233,1,1,1,China,23.54332928798603,112.9908240744354
PT Jakarta Prima Steel Industries,1,900.0,0.0,54.0,,0,1,1,Indonesia,-6.181643,106.932331
Guangdong Shiji Qingshan Nickel Industry Co Ltd,1,900.0,0.0,14.81,2.3632589306693115,1,1,1,China,21.687053,111.848893
Ann Joo Integrated Steel Sdn Bhd,1,900.0,500.0,19.0,,0,1,1,Malaysia,5.380391,100.377598
Ezz Steel Co,1,900.0,0.0,32.0,,0,1,1,Egypt,30.382179,30.563029
Volzhskiy Trubnyi Zavod JSC,1,900.0,0.0,56.0,,0,1,1,Russia,48.804332,44.79408
Aperam Inox America do Sul SA,1,900.0,701.0,77.0,,0,1,1,Brazil,-19.531272,-42.639979
Nucor Steel Memphis Inc,1,891.0,0.0,18.0,,0,1,1,United States,35.048395,-90.163033
Guangshui Huaxin Smelt Industry Co Ltd,1,869.0,730.0,18.0,1.2260845815446453,1,1,1,China,31.50221,114.008142
Guangdong Hongde Steel Group Co Ltd,1,860.0,0.0,24.0,25.9442633383296,1,1,1,China,24.672351,113.535574
Çebitaş Demir Çelik Endüstrisi AŞ,1,860.0,0.0,37.0,,0,1,1,Türkiye,38.74074,26.951743
Tangshan Shoutang Baosheng Functional Materials Co Ltd,1,860.0,0.0,19.19,28.46998145857714,1,1,1,China,39.751793,118.490004
Cascade Steel Rolling Mills Inc,1,860.0,0.0,58.0,,0,1,1,United States,45.228035,-123.163599
Nucor Steel Seattle Inc,1,855.0,0.0,122.0,,0,1,1,United States,47.569597,-122.367395
Columbus Stainless (Pty) Ltd,1,850.0,0.0,60.0,,0,1,1,South Africa,-25.796313,29.497972
Societe des Aciers d'Armature pour le Beton SAS,1,850.0,0.0,154.0,,0,1,1,France,48.611482,6.111864
Yunnan Muguang Industry and Trade Co Ltd,1,850.0,730.0,12.3,3.647724716895492,1,1,1,China,24.077079,102.771634
Yuxi Huixi Metal Casting Products Co Ltd,1,850.0,550.0,19.71,18.36310803686743,1,1,1,China,24.360481,102.481118
Rajhi Steel Industries Co Ltd,1,850.0,0.0,20.0,,0,1,1,Saudi Arabia,21.290402,39.183444
Lamines Marchands Europeens SA,1,850.0,0.0,151.0,,0,1,1,France,50.3292,3.490913
Ministry of Defense (Poland),1,840.0,0.0,124.0,,0,1,1,Poland,50.782614,19.165566
Sichuan Ya'an Anshan Iron and Steel Co Ltd,1,830.0,0.0,4.91,0.3734290774649736,1,1,1,China,30.059133,102.625907
Novorossiysk Rolling Plant LLC,1,830.0,0.0,19.0,,0,1,1,Russia,47.740457,40.189445
Tangshan Xinglong Steel Co Ltd,1,825.0,0.0,25.0,40.263706137834184,1,1,1,China,39.847612,118.348448
Zunyi Changling Special Steel Co Ltd,1,825.0,0.0,22.0,42.013749874865816,1,1,1,China,27.614947,106.949752
Ann Joo Steel Bhd,1,820.0,0.0,65.0,,0,1,1,Malaysia,3.042585,101.537011
UMC Metals Ltd,1,805.0,0.0,32.0,,0,1,1,Thailand,13.275832,100.969791
Ghaenat Steel Complex,1,800.0,800.0,4.0,,0,1,1,Iran,33.926909,59.007852
KSRM Steel Plant Ltd,1,800.0,0.0,42.0,,0,1,1,Bangladesh,22.499834,91.715778
Millcon Steel PCL,1,800.0,0.0,28.0,,0,1,1,Thailand,12.819544,101.152954
Med-steel Ltd,1,800.0,0.0,15.0,,0,1,1,Syria,33.628437,36.57259391534359
Shengli Vietnam Special Steel Co Ltd,1,800.0,0.0,18.0,,0,1,1,Vietnam,20.652657,106.440208
Baku Steel Company QSC,1,800.0,0.0,25.0,,0,1,1,Azerbaijan,40.43136,49.886867
Sentuo Steel Ltd,1,800.0,0.0,11.0,,0,1,1,Ghana,5.691267,-0.001073
Chubu Steel Plate Co Ltd,1,800.0,0.0,67.0,1425.2270228839936,1,1,1,Japan,35.118836,136.867567
Riva Industries,1,800.0,0.0,5.0,,0,1,1,Morocco,33.165438,-8.5883
North West Steel Industries Co,1,800.0,800.0,9.0,,0,1,1,Iran,37.127089,46.17345
Vertra Steel Industry and Trade Corp,1,800.0,0.0,0.38,,0,1,1,Türkiye,36.945926,36.001643
Hadeed Metal Manufacturing Co,1,800.0,0.0,14.0,,0,1,1,Syria,33.626258,36.574968
Hmisho Steel SA,1,800.0,300.0,13.0,,0,1,1,Syria,34.364258,36.803848
Sidenor Steel Industry SA,1,800.0,0.0,64.0,,0,1,1,Greece,40.704458,22.816542
Thy-Marcinelle SA,1,800.0,0.0,37.0,,0,1,1,Belgium,50.410335,4.429693
Hwanyoung Steel Industries Co Ltd,1,800.0,0.0,32.8,,0,1,1,South Korea,36.956486,126.616956
Malaysia Steel Works (KL) Bhd,1,800.0,0.0,28.0,,0,1,1,Malaysia,3.077835,101.46448
Nucor Steel Kankakee Inc,1,794.0,0.0,65.0,,0,1,1,United States,41.180734,-87.856196
Baicheng Fuda Bar Rolling Co Ltd,1,788.0,0.0,16.31,8.484178442533148,1,1,1,China,45.593303,122.895588
Hezhou Xindu Sanyuan Casting Co Ltd,1,780.0,0.0,10.0,0.2553593714705185,1,1,1,China,23.987007,111.739775
NLMK Indiana LLC,1,770.0,0.0,34.0,,0,1,1,United States,41.625912,-87.159989
Mono Steel (India) Ltd,1,770.0,255.0,36.0,0.4842467288116904,1,1,1,India,23.312265,70.201953
BSRM Steels Ltd,1,770.0,0.0,7.0,,0,1,1,Bangladesh,22.873774,91.545562
Haicheng Hengsheng Casting Co Ltd,1,760.0,1220.0,26.0,118.95451917307673,1,1,1,China,41.057478,122.8328
Global Steel Wire SA,1,750.0,0.0,127.0,,0,1,1,Spain,43.445344,-3.839228
Arcelormittal Warszawa SP zoo,1,750.0,0.0,69.0,,0,1,1,Poland,52.291337,20.917302
Amsteel Mills Sdn Bhd,2,750.0,0.0,34.5,,0,1,1,Malaysia,2.93834,101.5287635
Van Company for Industrial Investment and General Trading,1,750.0,0.0,4.0,,0,1,1,Iraq,36.09176,43.97415
Empresa Siderurgica del Peru SAA,1,750.0,0.0,68.0,,0,1,1,Peru,-9.059693,-78.601178
Hezhou Zhaoxin Hardware Products Co Ltd,1,750.0,0.0,26.0,0.2618500128068928,1,1,1,China,23.978567,111.735529
Optimus Steel LLC,1,750.0,0.0,50.0,,0,1,1,United States,30.08201,-94.074694
Sidenor Aceros Especiales SLU,1,740.0,0.0,59.0,,0,1,1,Spain,43.227282,-2.884676
Natanz Steel Co,1,733.0,0.0,25.0,,0,1,1,Iran,33.428593,51.982273
Chow Steel Industries PCL,1,730.0,0.0,21.0,,0,1,1,Thailand,14.074757,101.84215
Asil Celik Sanayi ve Ticaret AŞ,1,730.0,0.0,47.0,,0,1,1,Türkiye,40.42752,29.270141
Liberty Steel Group,6,726.0,0.0,88.59333333333332,,0,4,2,"France, Hungary, United Kingdom, United States",46.305577,-25.015413499999998
SIJ Acroni doo,1,726.0,0.0,66.0,,0,1,1,Slovenia,46.423994,14.094645
Vallourec Star LP,1,725.0,0.0,41.0,,0,1,1,United States,41.125495,-80.683382
Fengshun County Agricultural Machinery Continuous Casting Co,1,720.0,0.0,22.85,6.6177142401723845,1,1,1,China,23.748318,116.13985
Fengshun Yongshun Continuous Casting Plant,1,720.0,0.0,19.27,6.6177142401723845,1,1,1,China,23.747173,116.126241
Fengshun County Hongbao Industrial Co Ltd,1,720.0,0.0,32.93,1.0505268948101678,1,1,1,China,23.720136,115.949449
Stahl Gerlafingen AG,1,720.0,0.0,108.0,,0,1,1,Switzerland,47.171958,7.562287
Lianping County Huafeng Steel Co Ltd,1,720.0,0.0,9.93,0.7394199273495379,1,1,1,China,24.18435,114.728202
Sam Montereau SAS,1,720.0,0.0,53.0,,0,1,1,France,48.387211,2.981091
Shyeh Sheng Fuat Steel & Iron Works Co Ltd,1,720.0,0.0,60.0,,0,1,1,Taiwan,22.559391,120.3656132
Zijin County Dongri Foundry Co Ltd,1,720.0,0.0,16.0,0.19494955154342472,1,1,1,China,23.356612,114.769565
Guangdong Daxing Iron & Steel Industrial Co Ltd,1,720.0,0.0,26.52,119.14698458467464,1,1,1,China,23.529158,116.329247
Dongyuan Dongnan Industrial Co Ltd,1,720.0,0.0,16.89,0.6125556146972252,1,1,1,China,24.038397,114.873435
Jiangyin Xicheng Steel Co Ltd,1,720.0,0.0,28.37,103.38030243278405,1,1,1,China,31.892299,120.198394
Univers Acier,1,720.0,0.0,16.0,,0,1,1,Morocco,33.501604,-7.467891
Guangdong Yuedong Steel Co Ltd,1,720.0,0.0,32.14,21.63159382063645,1,1,1,China,23.711585,114.689761
Fujian Fuxin Special Steel Co Ltd,1,720.0,0.0,19.0,168.1949754836907,1,1,1,China,24.472439,117.94885
Yamato Steel Co Ltd,1,700.0,0.0,65.0,87.59795200878935,1,1,1,Japan,34.783319,134.604616
Tangshan Yutian Jinzhou Industry Co Ltd,1,700.0,0.0,15.0,10.0494788683104,1,1,1,China,39.967373,117.857659
Linyi Iron and Steel Investment Group Stainless Steel Co Ltd,1,700.0,0.0,6.0,4.615400531650645,1,1,1,China,35.148443,119.068015
Yun County Rongfeng Rolling Mill Factory,1,700.0,0.0,15.0,24.02326173901971,1,1,1,China,32.738598,110.793269
Dalmine SpA,1,700.0,0.0,117.0,,0,1,1,Italy,45.641516,9.600242
Sohar Steel LLC,1,700.0,0.0,18.0,,0,1,1,Oman,24.499869,56.599111
LNM Group,1,700.0,0.0,50.0,,0,1,1,Indonesia,-7.3551286,112.7037297
Siderpotenza SpA,1,700.0,0.0,63.0,,0,1,1,Italy,40.639356,15.827842
Chongqing Yonghang Steel Group Co Ltd,1,700.0,0.0,23.0,9.03991784104774,1,1,1,China,29.836163,106.988138
ALPA - Aciéries et Laminoirs de Paris SAS,1,700.0,0.0,52.0,,0,1,1,France,48.983515,1.76245
Megasa Siderurgica SL,1,700.0,0.0,73.0,,0,1,1,Spain,43.51421,-8.163839
Shaanxi Hanzhong Iron & Steel Group Co,1,700.0,550.0,25.33,2.055823769177595,1,1,1,China,33.132446,106.657646
Zhenshi Group EASTERN SPECIAL Steel Co Ltd,1,700.0,0.0,54.0,120.24241792764353,1,1,1,China,30.720411,120.898518
Sıddık Kardeşler Haddecilik Sanayi Ticaret LŞ,1,690.0,0.0,10.0,,0,1,1,Türkiye,40.800833,29.512008
Pan Gang Group Sichuan Changcheng Special Steel Co Ltd,1,669.0,0.0,36.76,7.293470268704336,1,1,1,China,31.763517,104.761441
Shakambhari Ispat & Power Ltd,1,660.0,759.0,25.0,38.80300414589956,1,1,1,India,23.613861,86.789527
Godawari Power and Ispat Ltd,2,659.0,584.0,25.0,10.097110186040666,2,1,1,India,21.470623,81.7106675
Benteler Steel/Tube GmbH,1,650.0,0.0,52.0,,0,1,1,Germany,52.467622,7.317169
Ivaco Rolling Mills LP,1,650.0,0.0,55.0,,0,1,1,Canada,45.613941,-74.704608
Georgsmarienhuette GmbH,1,650.0,0.0,170.0,,0,1,1,Germany,52.2122334,8.0420724
ORI Martin - Acciaieria e Ferriera di Brescia SpA,1,650.0,0.0,93.0,,0,1,1,Italy,45.566054,10.2147
Swiss Steel Holding AG,1,650.0,0.0,27.0,,0,1,1,Switzerland,47.308055,7.873594
Sipar Aceros SA,1,650.0,0.0,9.0,,0,1,1,Argentina,-32.9912336,-60.7588733
Hospet Steels Ltd,1,650.0,700.0,28.0,2.1050856520425425,1,1,1,India,15.339055,76.251696
Guangdong Guixin Steel Co Ltd,1,630.0,0.0,22.0,84.94239068108067,1,1,1,China,23.517109,113.106865
Lianyungang Huale Alloy Group Co Ltd,1,621.0,460.0,15.94,9.77416452655613,1,1,1,China,34.607964,119.447626
Fengshun Changsheng Precision Steel Casting Co Ltd,1,620.0,0.0,17.0,25.04935967845901,1,1,1,China,23.507015,112.953822
Huizhou Jushun Iron and Steel Plant,1,620.0,0.0,33.26,110.6820141947698,1,1,1,China,23.178652,114.279374
Heyuan Huacheng Metal Products Co Ltd,1,620.0,0.0,21.89,19.631514206603477,1,1,1,China,23.56658,114.598993
Rio Tinto Iron and Titanium Canada Inc,1,600.0,0.0,76.0,,0,1,1,Canada,46.044367,-73.138474
Acciaierie di Calvisano SpA,1,600.0,0.0,54.0,,0,1,1,Italy,45.371651,10.331967
E-Top Metal Co Ltd,1,600.0,0.0,23.0,,0,1,1,Taiwan,24.167872,120.505482
Amreli Steels Ltd,1,600.0,0.0,15.0,,0,1,1,Pakistan,24.800326,67.504851
Scaw Metals Group Pty Ltd,1,600.0,384.0,102.0,,0,1,1,South Africa,-26.273316,28.163761
F&F Steel,1,600.0,0.0,12.47,,0,1,1,Iraq,36.113741,43.979714
SN MAIA Siderurgia Nacional SA,1,600.0,0.0,52.0,,0,1,1,Portugal,41.255085,-8.555285
Arabian Gulf Steel Industries Selling Port LLC,1,600.0,0.0,18.0,,0,1,1,United Arab Emirates,24.283335,54.463384
Industrie Riunite Odolesi IRO SpA,1,600.0,0.0,75.0,,0,1,1,Italy,45.645688,10.374305
Hai Kwang Enterprise Corp,1,600.0,0.0,57.0,,0,1,1,Taiwan,22.550634,120.365645
Tembo Steels Uganda Ltd,1,600.0,600.0,4.0,,0,1,1,Uganda,0.611975,33.457629
Shiyan Fuyan Iron and Steel Co Ltd,1,600.0,0.0,23.0,19.82600055084537,1,1,1,China,32.650367,110.654794
Dinson Iron & Steel Company Pvt Ltd,1,600.0,600.0,1.72,,0,1,1,Zimbabwe,-18.940658,30.608968
Kam Industries (Nigeria) Ltd,1,600.0,0.0,30.0,,0,1,1,Nigeria,8.390993,4.674475
Sichuan Gangchen Stainless Steel Co Ltd,1,600.0,0.0,6.23,24.282159397350696,1,1,1,China,29.501044,103.607365
Aco Verde do Brasil SA,1,600.0,720.0,11.0,,0,1,1,Brazil,-4.874373,-47.4073517
Bangkok Steel Industry PCL,1,600.0,0.0,62.0,,0,1,1,Thailand,13.647672,100.553882
Fujian Dingxin Industry Co Ltd,1,600.0,0.0,18.0,0.41021040798248615,1,1,1,China,26.7695,119.738519
Shougang Guiyang SPECIAL Steel Co Ltd,1,600.0,0.0,68.0,4.924655419002118,1,1,1,China,26.873592,106.73215
Deutsche Edelstahlwerke GmbH,1,600.0,0.0,99.0,,0,1,1,Germany,50.922844,8.024006
Nakayama Steel Works Ltd,1,600.0,0.0,97.0,2751.2091879763093,1,1,1,Japan,34.628162,135.459688
Nakayama Steel Products Co Ltd,1,600.0,0.0,75.81,2540.1602410410055,1,1,1,Japan,34.699762,135.430119
TY Steel Co Ltd,1,600.0,0.0,9.0,,0,1,1,Thailand,12.857307,101.21314
Mughal Iron & Steel Industries Ltd,1,583.0,0.0,27.0,,0,1,1,Pakistan,31.653035,74.183149
State Company for Iron and Steel (Iraq),1,580.0,0.0,,,0,1,1,Iraq,30.2471634,47.832418
Fogang Dawei Special Steel Co Ltd,1,575.0,0.0,14.29,1.9799023515448217,1,1,1,China,23.893972,113.500829
A. Finkl & Sons Corp,1,573.0,0.0,15.0,,0,1,1,United States,41.724915,-87.589968
Nucor Steel Kingman LLC,1,572.0,0.0,0.39,,0,1,1,United States,35.143192,-114.089568
Vietnam - Italy Steel JSC,1,552.0,0.0,24.0,,0,1,1,Vietnam,20.946428,106.025454
Sichuan Shehong Chuanzhong Construction Materials Co Ltd,1,550.0,0.0,25.89,8.66350185537279,1,1,1,China,30.830726,105.367695
Iton Seine SAS,1,550.0,0.0,110.0,,0,1,1,France,49.033678,1.561022
Tuyen Quang Iron Steel Co Ltd,1,550.0,200.0,12.1,,0,1,1,Vietnam,21.738739,105.247545
VNSTEEL Southern Steel Co Ltd,1,550.0,0.0,21.0,,0,1,1,Vietnam,10.576597,107.028995
Makstil AD,1,550.0,0.0,59.0,,0,1,1,North Macedonia,42.016228,21.46605
Hybar LLC,1,544.0,0.0,0.72,,0,1,1,United States,35.686814,-89.961981
S.C. Silcotub SA,1,535.0,0.0,22.0,,0,1,1,Romania,44.217275,27.29968
Gerdau SA,1,530.0,0.0,46.0,,0,1,1,Brazil,-22.89918,-45.347726
Gallantt Ispat Ltd,1,528.0,545.0,32.0,16.501173160541043,1,1,1,India,26.757009,83.199086
Sunflag Iron and Steel Co Ltd,1,525.0,562.0,37.0,0.9759432278106024,1,1,1,India,21.232929,79.632398
Aceros AZA SA,1,520.0,0.0,26.68,,0,1,1,Chile,-33.294729,-70.727881
Guangdong Yuehua Iron & Steel Group Co Ltd,1,520.0,0.0,21.81,5.232198382686267,1,1,1,China,24.275783,113.388896
Chongqing Pengcheng Steel Co Ltd,1,520.0,0.0,27.67,17.252369474511024,1,1,1,China,29.259699,106.214031
Taishan Baofeng Iron & Steel Co Ltd,1,520.0,0.0,23.0,34.670892691775,1,1,1,China,22.425677,112.788855
KMK Tempo JSC,1,504.0,0.0,10.0,,0,1,1,Russia,55.723465,52.541024
Siderurgica Norte Brasil SA,1,504.0,175.0,19.0,,0,1,1,Brazil,-5.414287,-49.081305
Krasnyi Oktyabr' Corporation JSC,1,501.0,0.0,128.0,,0,1,1,Russia,48.754025,44.561004
Liaoyang Xinyi Special Steel Co Ltd,1,500.0,0.0,17.2,135.45936104981513,1,1,1,China,41.225003,122.970488
VAS Steel Tue Minh JSC,1,500.0,0.0,10.0,,0,1,1,Vietnam,11.113343,106.831064
Asean Steel JSC,1,500.0,0.0,,,0,1,1,Vietnam,12.59912,107.93922
Ada - Aceria De Angola SA,1,500.0,0.0,11.0,,0,1,1,Angola,-8.5824,13.405271
Corporación AG SA,1,500.0,0.0,32.0,,0,1,1,Guatemala,14.232007,-90.815444
Adhunik Metaliks Ltd,1,500.0,330.0,22.81,8.84356135319053,1,1,1,India,22.308371,84.763584
Cognor Holding SA,1,500.0,0.0,33.0,,0,1,1,Poland,50.357438,18.610739
Mindong Saiqi Economic Development Zone Fuhua Steel Rolling Co Ltd,1,500.0,0.0,27.0,3.871375423779641,1,1,1,China,26.961516,119.654272
"Guangde Xinyuanda Metal Products Co., Ltd. Co Ltd",1,500.0,0.0,14.24,2.0797682594891524,1,1,1,China,31.0494162,119.5296269
Ittehad Steels Pvt Ltd,1,500.0,0.0,13.0,,0,1,1,Pakistan,31.643426,73.198542
Guizhou Hexing Metal Products Co Ltd,1,500.0,0.0,14.0,0.6015662002167821,1,1,1,China,26.509525,107.570458
Guangdong Fogang Jincheng Metal Products Co Ltd,1,500.0,0.0,21.98,5.915395619021736,1,1,1,China,23.741965,113.502168
Metalfer Steel Mill Sremska Mitrovica doo,1,500.0,0.0,18.0,,0,1,1,Serbia,44.977213,19.64601
Anhui Jin'an Stainless Steel Foundry Co Ltd,1,500.0,0.0,4.0,1.6951967265365848,1,1,1,China,31.763956,115.924372
Megasider Zaragoza SA,1,500.0,0.0,68.0,,0,1,1,Spain,41.56988,-0.856566
Anhui Jingxian Longxin Iron and Steel Co Ltd,1,500.0,0.0,18.0,1.6058286610480597,1,1,1,China,30.709058,118.436638
Jilin Steel Group Taihua Metal Equipment Manufacture Co Ltd,1,500.0,0.0,17.58,2.1472014637913723,1,1,1,China,44.138826,125.914941
Shri Bajrang Power and Ispat Ltd,1,500.0,600.0,13.0,7.2062465172706585,1,1,1,India,21.48619,81.771697
Lao Cai Cast Iron and Steel,1,500.0,500.0,12.0,,0,1,1,Vietnam,22.306931,104.12992
VAS Steel An Hung Tuong LLC,1,500.0,0.0,38.0,,0,1,1,Vietnam,11.054204,106.615962
Guangdong Zhanhong Steel Plant,1,500.0,0.0,23.0,0.8731149984088573,1,1,1,China,23.037858,114.970593
StavStal' LLC,1,500.0,0.0,10.0,,0,1,1,Russia,44.688323,41.927331
GLGH Steel LLC,1,500.0,0.0,255.0,,0,1,1,Romania,45.293492,21.90241
Viet Nhat Advanced Steel JSC,1,500.0,0.0,16.0,,0,1,1,Vietnam,20.90553,106.628701
Guangdong Yueshao Iron & Steel Co Ltd,1,500.0,0.0,12.48,25.79171606879199,1,1,1,China,24.688355,113.657408
Linyi Meide Gengchen Metal Materials Co Ltd,1,500.0,1160.0,8.55,8.74867982693379,1,1,1,China,35.188667,119.087048
Ningbo Haoyang New MATERIALS Techonology Co Ltd,1,500.0,0.0,6.39,64.77901709506979,1,1,1,China,30.267113,121.052503
Kishiwada Steel Co Ltd,1,500.0,0.0,69.22,772.4873888279049,1,1,1,Japan,34.477479,135.353918
Zhejiang TSINGSHAN IRON&STEEL Co Ltd,1,500.0,0.0,21.8,19.087543274362588,1,1,1,China,28.136096,120.380401
Hubei Dazhan Steel & Iron Co Ltd,1,500.0,0.0,33.0,8.238015431480498,1,1,1,China,31.006752,113.754995
Delta Steel Mills Co,1,500.0,0.0,79.0,,0,1,1,Egypt,30.11843,31.281264
Acciaierie di Sicilia SpA,1,500.0,0.0,28.0,,0,1,1,Italy,37.438448,15.03287
Qinyang Hongda Iron & Steel Co Ltd,1,500.0,0.0,23.0,10.399754839649818,1,1,1,China,35.184849,112.902248
Huainan Hongtai Steel Limited Liability Co,1,500.0,0.0,25.0,58.66784037143864,1,1,1,China,32.619248,116.905869
YunNan Province Tiangao Nickel Alloy Co Ltd,1,500.0,0.0,16.16,0.7839715871213131,1,1,1,China,24.80128,104.063455
AFA Steel,1,500.0,0.0,5.0,,0,1,1,Iran,46.843697,46.843697
Rashmi Metaliks Ltd,2,498.0,500.0,22.0,22.857078707625153,2,1,1,India,23.033503500000002,87.186836
Qianxinan Prefecture Juxin Industry & Trade General Co,1,490.0,0.0,33.0,10.670549472653512,1,1,1,China,25.150857,105.041722
Agha Steel Industries Ltd,1,450.0,0.0,14.14,,0,1,1,Pakistan,24.841851,67.310159
Mukand Sumi Special Steel Ltd,1,450.0,450.0,4.55,2.082346917780862,1,1,1,India,15.328976,76.258613
Shyam Steel Industries Ltd,1,420.0,420.0,2.0,14.420939779385838,1,1,1,India,23.590212,86.724603
Xinjiang Xin'an Special Steel Co Ltd,1,400.0,0.0,14.3,0.09356278802654579,1,1,1,China,44.290299,86.595826
Mashiz Bardsir Steel Industries Co,1,400.0,0.0,36.0,,0,1,1,Iran,29.948688,56.732593
Myanmar Economic Corp,1,400.0,0.0,,,0,1,1,Myanmar,21.377652,95.372079
Ozmert Algeria SARL,1,390.0,500.0,3.0,,0,1,1,Algeria,35.47858,-0.62139
MSP Steel & Power Ltd,1,385.0,375.0,24.0,1.4225331160567785,1,1,1,India,21.87673,83.554495
Action Ispat and Power Pvt Ltd,1,375.0,220.0,,5.805877880269985,1,1,1,India,21.839759,83.982227
Faizan Steel,1,365.0,0.0,16.0,,0,1,1,Pakistan,24.897652,66.985678
Al Qaryan Steel Co,1,350.0,0.0,9.0,,0,1,1,Saudi Arabia,26.280741,49.956755
Marcegaglia Stainless Sheffield Ltd,1,300.0,0.0,49.0,,0,1,1,United Kingdom,53.399598,-1.395818
Thai Nguyen Iron And Steel JSC,1,300.0,300.0,63.0,,0,1,1,Vietnam,21.557484,105.8728
Donalam SRL,1,300.0,0.0,53.0,,0,1,1,Romania,44.904569,25.458124
NR Ispat and Power Pvt Ltd,1,297.0,456.0,18.0,2.838328969173788,1,1,1,India,22.013086,83.330372
Jai Balaji Industries Ltd,2,295.0,890.0,17.0,11.16623689083924,2,1,1,India,23.485256999999997,87.36084149999999
Welspun Corp Ltd,1,288.0,644.0,22.0,4.7659074196411275,1,1,1,India,23.112781,70.0866885
Chongqing Yuxi Iron & Steel (Group) Co Ltd,1,260.0,1000.0,25.97,11.223182376781105,1,1,1,China,29.488759,105.862658
Linzhou Hexin Foundry Co Ltd,1,240.0,550.0,20.47,7.322649122500465,1,1,1,China,36.112742,113.861135
Arian Steel Co,1,240.0,0.0,25.0,,0,1,1,Iran,35.744901,50.222553
Captain Steel India Ltd,2,208.0,0.0,2.0,23.028103553745577,2,1,1,India,23.319004303795843,87.09046517280512
Government of Tunisia,1,200.0,0.0,64.0,,0,1,1,Tunisia,37.13763,9.81281
Empresa Siderúrgica del Mutún SA,1,200.0,250.0,0.97,,0,1,1,Bolivia,-19.137325,-57.880605
Shyam Steel Manufacturing Ltd,1,126.0,227.0,,22.719479503342374,1,1,1,India,23.564157,87.089552
Yazdani Steel and Power Ltd,1,110.0,72.0,23.0,6.547422441157219,1,1,1,India,20.928285,86.036604
Orissa Sponge Iron and Steel Ltd,1,101.0,250.0,31.0,0.608413278216026,1,1,1,India,21.801994,85.56751
Nilachal Iron & Power Ltd,1,99.0,379.0,24.0,11.445803729918417,1,1,1,India,22.874863,86.063646
Crest Steel and Power Pvt Ltd,1,96.0,232.0,21.13,14.944243393447687,1,1,1,India,21.190313,81.19922
Jai Balaji Jyoti Steels Ltd,1,92.0,120.0,23.0,6.446021811460793,1,1,1,India,22.085338,84.86184
Kaavian Steel Co,1,35.0,0.0,25.0,,0,1,1,Iran,31.283549,48.572468
Anyang Huixin Special Steel Co Ltd,1,0.0,0.0,21.0,58.2738301485095,1,1,1,China,36.152418,114.15839
Honghe Iron and Steel Co Ltd,1,0.0,0.0,17.92,11.42346850046836,1,1,1,China,23.470733,103.272784
Van Merksteijn International BV,1,0.0,0.0,,,0,1,1,Netherlands,53.440581,6.844773
Jiangsu Xingda Steel Group Co Ltd,1,0.0,0.0,22.96,9.982553385670315,1,1,1,China,34.501981,117.316278
Jiangxi Yuanxing Iron and Steel Co Ltd,1,0.0,0.0,18.21,1.634578263888375,1,1,1,China,24.881098,114.802833
Unitex Steel Mills Ltd,1,0.0,0.0,,,0,1,1,Bangladesh,22.945182,91.512387
Hebei PROVINCE Longfengshan Casting Industry Co Ltd,1,0.0,2000.0,27.0,19.6128676081678,1,1,1,China,36.705105,114.105387
Ussuri Capital,1,0.0,0.0,,,0,1,1,Romania,44.133338,28.64001
Abba Steel Ltd,1,0.0,0.0,1.0,,0,1,1,Namibia,-17.397866,15.891022
Uttam Galva Ferous Ltd,1,0.0,0.0,,3.220759119033792,1,1,1,India,15.184613,76.824905
Jiangsu Suxin Special Steel Co Ltd,1,0.0,0.0,65.0,361.83227656997354,1,1,1,China,31.400644,120.475103
Huarui (Handan) Casting & Pipe Co Ltd,1,0.0,683.0,21.89,24.40143006012335,1,1,1,China,36.561049,114.102793
Jiangsu Shente Steel Corp,1,0.0,0.0,18.43,16.79957910500358,1,1,1,China,31.471123,119.485941
Zhengzhou YONGTONG SPECIAL Steel Co Ltd,1,0.0,0.0,29.0,21.330363191279616,1,1,1,China,34.64443,112.937985
Huangshi Xingang Heavy Industry Technology Co Ltd,1,0.0,0.0,2.0,6.472009319361092,1,1,1,China,30.097108,115.284652
Huangshi Xinxing Pipe Industry Co Ltd,1,0.0,700.0,17.64,49.2078375759768,1,1,1,China,30.181393,114.944879
Vale SA,1,0.0,0.0,1.0,,0,1,1,Brazil,-5.408654,-49.103539
Yildizlar Yatirim Holding AŞ,1,0.0,0.0,0.0,,0,1,1,Türkiye,40.870333,29.55767
Groupe Industriel Sider SpA,1,0.0,0.0,57.0,,0,1,1,Algeria,36.795924,7.707633
Anyang Xinpu Steel Co Ltd,1,0.0,0.0,20.41,74.7822118960527,1,1,1,China,36.163203,114.296223
Zibo Qilin Fushan Steel Co Ltd,1,0.0,0.0,18.33,108.26652448934178,1,1,1,China,36.887998,118.145416
Tongshan Liguo Iron and Steel Co Ltd,1,0.0,0.0,19.58,4.4684578633576235,1,1,1,China,34.55486,117.327039
Jinzhou Jinxing Special Steel Co Ltd,1,0.0,0.0,25.1,49.79084972013703,1,1,1,China,41.188888,121.225043
GravitHy,2,0.0,0.0,,,0,2,1,"Finland, France",52.855224,13.115966
Ardakan Steel Complex Co,1,0.0,960.0,14.0,,0,1,1,Iran,32.373942,53.759655
Tianjin Tianzhong Giant Heavy Industry Co Ltd,1,0.0,0.0,20.51,7.480390462280222,1,1,1,China,39.501442,118.719554
Tianjin Tianfeng Steel Co Ltd,1,0.0,0.0,19.12,28.850368250119615,1,1,1,China,38.832642,117.102765
Tianjin Teda Investment Holdings Co Ltd; DELONG Steel Ltd,1,0.0,0.0,,,0,1,1,Saudi Arabia,25.0,45.0
Tianjin Rongcheng Group Tangshan Special Steel Co Ltd; Tangshan Zhengfeng Steel Co Ltd,1,0.0,0.0,2.2,47.456933823496875,1,1,1,China,39.85271,118.181279
Tianjin Rongcheng Group Tangshan Special Steel Co Ltd,1,0.0,0.0,21.0,126.97506483017482,1,1,1,China,39.551552,118.137993
Gostar Almas Steel Co,1,0.0,1400.0,,,0,1,1,Iran,36.215731,46.499322
Tianjin Metallurgy Group Zhasan Steel Co Ltd,1,0.0,0.0,11.3,30.780078349647543,1,1,1,China,38.825269,117.08849
KIC Metaliks Ltd,1,0.0,235.0,28.05,13.254338433329314,1,1,1,India,23.507539,87.277914
Arvand Kaveh Steel Co,1,0.0,0.0,,,0,1,1,Iran,30.505458,48.272024
Hebei Xinwuan Iron and Steel Group Co Ltd,1,0.0,0.0,,,0,1,1,Malaysia,3.586453,113.359851
Gohar Zamin Mining and Industrial Company,1,0.0,3440.0,0.3,,0,1,1,Iran,29.953217,56.699701
Green Iron Magnetite Project,1,0.0,0.0,,,0,1,1,Australia,-34.595209,135.84922
Çağ Çelik Iron and Steel Inc,1,0.0,0.0,,,0,1,1,Türkiye,41.23542,32.645679
ArcelorMittal SA; Société Nationale Industrielle et Minière SA,1,0.0,0.0,,,0,1,1,Mauritania,19.513799,-10.553879
Vedanta Iron and Steel Ltd,1,0.0,1000.0,34.0,5.616403742347652,1,1,1,India,15.526866,73.986671
Hebei Tianzhu IRON&STEEL (GROUP) Co Ltd,1,0.0,0.0,19.5,92.68132131371237,1,1,1,China,39.803524,118.205663
Hebei Wenfeng STEEL&IRON Co Ltd,1,0.0,0.0,20.0,21.013936468018457,1,1,1,China,36.64577,114.124258
GuangDong Xinxing Ductile Iron Pipes Co Ltd,1,0.0,700.0,11.0,3.021980894178408,1,1,1,China,22.09914,111.665479
UMB Steel SRL,2,0.0,0.0,185.5,,0,1,1,Romania,45.624066,22.628083
Hebei Xinfeng High-pressure Flange and Pipe Fitting Co Ltd,1,0.0,0.0,,,0,1,1,Egypt,29.707611,32.28672
Jindal Steel Chhattisgarh Ltd,1,0.0,0.0,,3.2773210832347166,1,1,1,India,21.895041,83.376759
Greensteel Australia Pty Ltd,1,0.0,0.0,,,0,1,1,Australia,-34.4637185,150.8865407
Green Steel of WA Pty Ltd,2,0.0,0.0,,,0,1,1,Australia,-31.054427999999998,115.5199465
Triangul Metals Tebinbulak JSC,2,0.0,0.0,0.0,,0,1,1,Uzbekistan,41.0954103,63.98869785
Tosyalı Holding AŞ,2,0.0,0.0,16.0,,0,2,2,"Saudi Arabia, Türkiye",32.2805115,42.650332
Hebei Xinghua Iron and Steel Co Ltd,1,0.0,0.0,23.0,18.00434319038897,1,1,1,China,36.744936,114.111602
Tosyali Sulb Steel Industries Joint Company,1,0.0,0.0,,,0,1,1,Libya,32.1818,20.124361
Jingdong Steel,1,0.0,0.0,,,0,1,1,Algeria,35.698361,4.478169
Tosyali Iron and Steel Angola SA; Sonangol EP,1,0.0,0.0,,,0,1,1,Angola,-15.263743,16.065494
Vardhman Special Steels Limited,1,0.0,0.0,,20.69666436820163,1,1,1,India,30.890103,75.908673
Yuxi Iron and Steel Group Zhenfei Iron and Steel Co Ltd,1,0.0,0.0,6.46,3.599817080936492,1,1,1,China,24.074756,102.765983
Jiangsu Longyuan Steel Co Ltd,1,0.0,0.0,15.77,7.112894615188654,1,1,1,China,34.538033,117.329589
Xindia Steels Ltd,1,0.0,0.0,,2.1209327198101526,1,1,1,India,15.293421,76.234947
Yunnan Qujing Shuangyou Iron and Steel Co Ltd,1,0.0,990.0,14.0,22.25510343466974,1,1,1,China,25.54218,103.781041
Al Atoun Steel Industries,1,0.0,0.0,,,0,1,1,Saudi Arabia,24.029,38.180077
Xinjiang Bayi Steel Southern Xinjiang Steel Baicheng Co Ltd,1,0.0,0.0,,,0,1,1,Cambodia,11.56703,104.863893
Gulf Tubing Co,1,0.0,0.0,,,0,1,1,Saudi Arabia,27.502041,49.189647
Yunnan Qujing Iron and Steel Group Yanggang Iron and Steel Co Ltd,1,0.0,0.0,4.89,9.55113670056736,1,1,1,China,25.308777,103.876391
Xinjiang Kunyu Lron & Steel Co Ltd,1,0.0,0.0,14.72,10.45129931455566,1,1,1,China,44.404189,84.966753
Hybrit Development AB,1,0.0,0.0,,,0,1,1,Sweden,67.189096,20.720752
Yunnan Qujing Iron & Steel Group Yue Steel Iron & Steel Co Ltd,1,0.0,0.0,56.0,9.565479465631332,1,1,1,China,25.304544,103.889418
Iranian Ghadir Iron & Steel Co,1,0.0,1200.0,14.84,,0,1,1,Iran,32.3912,53.7496
Hydnum Steel SL,1,0.0,0.0,,,0,1,1,Spain,38.688849,-4.107015
Aktobe Generatsiya LLC,1,0.0,0.0,0.05,,0,1,1,Kazakhstan,50.355117,57.145119
Ajaokuta Steel Co Ltd,1,0.0,0.0,,,0,1,1,Nigeria,7.511336,6.689364
Ahya Steel Folad Baft Co,1,0.0,1600.0,7.0,,0,1,1,Iran,29.289109,56.490707
Xiwang METAL Science Technology Co Ltd,1,0.0,0.0,14.01,26.242318438921348,1,1,1,China,36.928208,117.694654
Xuan Thien Group JSC,2,0.0,0.0,,,0,1,1,Vietnam,20.238415,106.1449115
Xuanhua Iron and Steel Group Co Ltd,1,0.0,0.0,102.0,18.07096023878305,1,1,1,China,40.589591,115.090889
Xuzhou Baofeng Special Steel Co Ltd,1,0.0,0.0,11.94,95.26548624028058,1,1,1,China,34.364872,117.322633
Iranian Alborz Steel Co,1,0.0,0.0,,,0,1,1,Iran,36.614049,53.234213
Xuzhou TaiFa Special Steel Technology Co Ltd,1,0.0,0.0,16.0,54.12375879844818,1,1,1,China,34.448514,117.271876
Inner Mongolia Wanzhou Special Steel Co Ltd,1,0.0,0.0,,0.09835586351665573,1,1,1,China,40.977329,110.022924
Inner Mongolia Mingtuo Ferrite New Material Co Ltd,1,0.0,0.0,3.0,97.52280274547867,1,1,1,China,40.597557,109.683202
African Natural Resources & Mines Ltd,1,0.0,1000.0,1.45,,0,1,1,Nigeria,9.462715,7.368
Yunnan Jingye Steel Co,1,0.0,0.0,2.5,4.004588131565665,1,1,1,China,25.023852,102.312086
Hyron Africa,1,0.0,15.0,0.86,,0,1,1,Namibia,-22.084183,17.4099154
Halyvourgiki SA,1,0.0,0.0,91.0,,0,1,1,Greece,38.043873,23.508083
Inner Mongolia (Naiman) Jingan Non-ferrous Metal Materials Co Ltd,1,0.0,0.0,,31.991072852940253,1,1,1,China,43.696186,122.219433
Handan Iron and Steel Group Co Ltd,1,0.0,0.0,64.91,103.60424995136609,1,1,1,China,36.601308,114.439889
Hebei Bishi Industry Group Co Ltd,1,0.0,0.0,,,0,1,1,Indonesia,-6.896426,110.220286
Yichang Fulong Iron & Steel Co Ltd,1,0.0,0.0,,37.64876470029784,1,1,1,China,30.586332,111.398846
Alton Steel Inc,1,0.0,0.0,23.0,,0,1,1,United States,38.884465,-90.14579
Xiangfen County Xingyuan Steel Group Co Ltd,1,0.0,0.0,20.2,7.748705206177757,1,1,1,China,35.880324,111.387956
Hebei Jingdong Pipe Industry Co Ltd,1,0.0,550.0,23.65,17.71214644803642,1,1,1,China,39.932656,118.836844
Xiangfen County XinJinShan Special Steel Co Ltd,1,0.0,0.0,23.06,17.972329145485894,1,1,1,China,35.934831,111.49707
Yuxi Xinxing Iron & Steel Co Ltd,1,0.0,0.0,22.06,18.347397772988092,1,1,1,China,24.249024,102.521747
VinMetal Joint Stock Company JSC,1,0.0,0.0,,,0,1,1,Vietnam,18.353226,105.903042
Vina Roma Quang Tri Steel JSC,1,0.0,0.0,,,0,1,1,Vietnam,16.756559,107.329547
Antara Steel Mills Sdn Bhd,1,0.0,900.0,42.0,,0,1,1,Malaysia,5.253839,115.242717
Anshan Iron and Steel Group Co Ltd,1,0.0,0.0,,,0,1,1,Indonesia,-4.244263,122.371221
Vulcan Green Steel LLC,1,0.0,0.0,,,0,1,1,Nigeria,9.082,8.6753
Hebei Baoxin Iron and Steel Group Co Ltd,1,0.0,0.0,19.0,25.205611257495427,1,1,1,China,36.555205,114.108273
Guangxi Liugang Zhongjin Stainless Steel Co Ltd,1,0.0,3310.0,13.0,1.1327268646523603,1,1,1,China,21.67261,109.741866
Hubei Wucheng Iron and Steel Group Co Ltd,1,0.0,0.0,26.0,44.80745626671575,1,1,1,China,30.341239,114.857744
JSW Utkal Steel Ltd,1,0.0,0.0,0.0,2.574454859012517,1,1,1,India,20.216667,86.55
WISCO Group Xiangyang Heavy Equipment MATERIALS Co Ltd,1,0.0,0.0,27.0,62.67531411157154,1,1,1,China,32.10704,112.235621
JSW Steel Ltd; POSCO Holdings Inc,1,0.0,0.0,,2.4804843597507134,1,1,1,India,20.248632,86.156416
Weglokoks Stal SP zoo,1,0.0,0.0,,,0,1,1,Poland,50.289858,18.874414
JSW Steel Italy Piombino SpA,1,0.0,0.0,161.0,,0,1,1,Italy,42.93652,10.537794
Weining Hengchang Furnace Charge & Casting Co Ltd,1,0.0,694.0,21.69,1.4578267468749408,1,1,1,China,26.783556,104.394517
Wu'an Yongcheng Zhuye Co Ltd,1,0.0,0.0,19.0,17.215520856612887,1,1,1,China,36.660278,113.993995
Wuan Mingfang Iron & Steel Co Ltd,1,0.0,0.0,37.0,23.610129845355072,1,1,1,China,36.710754,114.207855
Hebei Guanfeng Metallurgical Industry Co Ltd,1,0.0,500.0,18.93,18.000980555199195,1,1,1,China,36.73422,114.111085
Wugang Zhongjia Iron & Steel Co Ltd,1,0.0,1220.0,24.0,4.215744641482717,1,1,1,China,33.29175,113.458011
Andrade Valladares Engenharia e Construcao Ltda,1,0.0,500.0,38.0,,0,1,1,Brazil,-4.887877,-47.392157
JSW Rayalaseema Steel Limited,1,0.0,0.0,,1.320693216095183,1,1,1,India,14.76855,78.403263
Asia United Steel,1,0.0,0.0,,,0,1,1,Kazakhstan,43.600662,76.317112
JSW Jharkhand Steel Ltd,1,0.0,0.0,0.0,0.6516504961700048,1,1,1,India,23.188108,85.715097
JSW Green Steel Ltd,1,0.0,900.0,33.0,0.6023227039557636,1,1,1,India,18.530853,72.947091
JSW Bengal Steel Ltd,1,0.0,0.0,,2.398555454956515,1,1,1,India,22.575726,87.310258
Wuxi Xinsanzhou Special Steel Co Ltd,1,0.0,0.0,39.84,341.49079535441916,1,1,1,China,31.681005,120.251785
Amir Kabir Arak Steel Co,1,0.0,0.0,,,0,1,1,Iran,34.083379,49.752451
JO Steel Holdings PLC,1,0.0,0.0,,,0,1,1,Saudi Arabia,27.491064,49.258418
Altos Hornos de Mexico SAB de CV,1,0.0,0.0,82.0,,0,1,1,Mexico,26.876889,-101.416612
Wuhan Shunle Stainless Steel Co Ltd,1,0.0,0.0,27.0,457.00569320672275,1,1,1,China,30.394434,114.257701
ETRHB Industrie SpA,1,0.0,0.0,,,0,1,1,Algeria,36.834412,7.45494
KSP Steel LLC,1,0.0,0.0,19.0,,0,1,1,Kazakhstan,52.334465,76.956302
Shanxi Liheng Iron and Steel Co Ltd,1,0.0,0.0,17.0,10.781145412752904,1,1,1,China,35.701541,111.42671
Mitsui-Kobe Steel JV,1,0.0,0.0,,,0,1,1,Oman,19.529594,57.61573
Moldova Steel Works JSC,1,0.0,0.0,41.0,,0,1,1,Moldova,47.783771,29.02835
Companhia Siderurgica do Cuchi SA,1,0.0,96.0,2.47,,0,1,1,Angola,-14.650166,16.925606
Compania Siderurgica Huachipato SA,1,0.0,0.0,74.71,,0,1,1,Chile,-36.746421,-73.129171
Shaanxi Iron and Steel Group Co Ltd,1,0.0,0.0,,,0,1,1,Indonesia,-3.404326,105.409279
Moon Iron and Steel Company SAOC,1,0.0,0.0,6.0,,0,1,1,Oman,24.409437,56.520134
Mount Zynai 0304 Mining Corp,1,0.0,0.0,0.0,,0,1,1,Philippines,7.716994,122.998671
Complejo Siderurgico de Guayana CA,1,0.0,1000.0,28.0,,0,1,1,Venezuela,8.297662,-62.780149
Setareh Simin Hormoz Co,1,0.0,0.0,,,0,1,1,Iran,27.192922,56.114617
Fasa Steel Complex Co,1,0.0,0.0,,,0,1,1,Iran,28.977453,53.867836
National Steel Complex Ltd,1,0.0,0.0,13.13,,0,1,1,Pakistan,24.794779,67.353032
Corporacion Venezolana de Guayana,1,0.0,820.0,35.23,,0,1,1,Venezuela,8.290142,-62.805419
Nemo Industries Inc,1,0.0,0.0,,,0,1,1,United States,30.09283875301732,-90.9539266739139
Sarmad Iron and Steel Complex Abarkouh,1,0.0,0.0,,,0,1,1,Iran,31.222989,53.392728
Corrugados Getafe SL,1,0.0,0.0,78.0,,0,1,1,Spain,40.310803,-3.703568
Fangchenggang Jinxi Steel Technology Co Ltd,1,0.0,0.0,,2.862341767214195,1,1,1,China,21.646525,108.369582
Cristian Lay SL,1,0.0,0.0,,,0,1,1,Spain,43.179125,-2.255939
Mintal Group Co Ltd,1,0.0,0.0,,0.16499988572728078,1,1,1,China,41.7915,109.865367
Shandong Chuanyang Group Co Ltd,1,0.0,0.0,19.69,100.70984162163647,1,1,1,China,36.894784,117.888366
Shandong Guangfu Group Co Ltd,1,0.0,0.0,39.0,35.95484521038417,1,1,1,China,36.863145,117.616918
Shandong Xinhua Special Steel Group Co Ltd,1,0.0,0.0,18.47,7.549674421261408,1,1,1,China,36.256175,116.179833
Chart and Capstone Integrated Ltd,1,0.0,0.0,0.0,,0,1,1,Nigeria,7.69346,6.806937
Shanxi HUAQIANG Iron and Steel Co Ltd,1,0.0,500.0,22.84,10.733466286309632,1,1,1,China,35.670848,111.378887
Mesabi Mining LLC,1,0.0,0.0,0.0,,0,1,1,United States,47.383441,-93.219413
Shanxi Dongfang Hengliu Precision Casting Co,1,0.0,0.0,16.04,36.22477330837265,1,1,1,China,36.080051,111.647754
Chengde Shengfeng Iron & Steel Co Ltd,1,0.0,0.0,17.0,1.7413770612337791,1,1,1,China,40.622466,118.490845
Chengde Zhaofeng Steel Group Co Ltd,1,0.0,0.0,19.0,1.7732125935271337,1,1,1,China,40.593875,118.633334
Metinvest Adria SpA,1,0.0,0.0,,,0,1,1,Italy,42.93652,10.537794
Shandong Taishan Steel Group Co Ltd,1,0.0,0.0,57.0,21.76958304100642,1,1,1,China,36.22141,117.627728
Mikhailovsky HBI LLC,1,0.0,0.0,,,0,1,1,Russia,52.360448,35.397314
Chongli Steel Manufacturing Co Ltd,1,0.0,0.0,14.0,4.748819416086411,1,1,1,China,36.602468,113.755744
Shandong Minyuan Steel & Iron Co Ltd,1,0.0,0.0,19.7,48.42539300869336,1,1,1,China,36.728409,117.426582
Metinvest Holding LLC,1,0.0,0.0,,,0,1,1,Ukraine,49.039389,31.332628
Shandong Longsheng Iron and Steel Co Ltd,1,0.0,0.0,18.07,93.80451351147337,1,1,1,China,36.891189,118.187041
Shandong Laigang Yongfeng Steel Corp,1,0.0,0.0,19.55,54.17689602814175,1,1,1,China,36.7993,116.8026
Mianeh Steel,1,0.0,800.0,9.0,,0,1,1,Iran,37.37881,47.736689
Shandong Iron Steel Group Yongfeng Zibo Co Ltd,1,0.0,0.0,4.74,98.0190968107729,1,1,1,China,36.906036,118.111833
Sabzevar Pars Steel Complex,1,0.0,800.0,8.0,,0,1,1,Iran,36.58952,57.571719
DST Nghi Son Iron and Steel JSC,1,0.0,0.0,,,0,1,1,Vietnam,19.367379,105.675841
Ningxia Boyu Hongxing Special Steel Group Co Ltd,1,0.0,0.0,19.14,4.809226641315249,1,1,1,China,39.273832,106.75146
Port Hedland Iron Pty Ltd,1,0.0,0.0,,,0,1,1,Australia,-20.395832,118.537975
Orissa Steel & Power Pvt Ltd,1,0.0,0.0,,0.9777865320675528,1,1,1,India,22.3591,87.017184
Public Investment Fund (Saudi Arabia); Baoshan Iron & Steel Co Ltd; Saudi Arabian Oil Co,1,0.0,0.0,0.0,,0,1,1,Saudi Arabia,27.502597,49.180369
Progressive Green Solutions JV,1,0.0,0.0,,,0,1,1,Australia,-28.70725,114.900163
Premium Steel and Mines Ltd,1,0.0,0.0,44.0,,0,1,1,Nigeria,5.480763,5.769839
Prakash Sponge Iron and Power Pvt Ltd,1,0.0,90.0,,0.3049088690764993,1,1,1,India,14.152912,76.665824
Electrasteel Inc,1,0.0,0.0,,,0,1,1,United States,40.06301,-105.221982
Ekos Steel Mill PLC,1,0.0,0.0,8.0,,0,1,1,Ethiopia,8.781155,38.932065
Donelektrostal LLC,1,0.0,0.0,,,0,1,1,Russia,47.740352,40.18942
Dnipro Metallurgical Plant PJSC,1,0.0,0.0,139.0,,0,1,1,Ukraine,48.48079,34.978097
Perwaja Steel Sdn Bhd,1,0.0,0.0,42.0,,0,1,1,Malaysia,4.264364,103.461728
Persian Gulf Saba Steel,1,0.0,1500.0,9.0,,0,1,1,Iran,27.189076,56.105633
Persian Gulf Negin Steel,1,0.0,0.0,,,0,1,1,Iran,34.475932,60.292146
Perfect Channel Sdn Bhd,1,0.0,0.0,,,0,1,1,Malaysia,5.778871,100.49907
Egyptian Iron & Steel Co,1,0.0,0.0,64.0,,0,1,1,Egypt,29.774458,31.312013
Ecolant LLC,1,0.0,0.0,0.0,,0,1,1,Russia,55.286989,42.169516
PT Xinheng Metal Indonesia,1,0.0,0.0,,,0,1,1,Indonesia,-2.830574,122.157448
QazSpetsSteel LLC,1,0.0,0.0,,,0,1,1,Kazakhstan,50.286408,57.168382
Qeshm Steel Development Co,1,0.0,0.0,,,0,1,1,Iran,26.826494,55.957708
Ezhou Hongtai Steel Co Ltd,1,0.0,0.0,22.75,29.090616147530906,1,1,1,China,30.532352,114.747597
Nová Huť sro,1,0.0,0.0,74.0,,0,1,1,Czech Republic,49.792139,18.309875
SMS Group GmbH,1,0.0,0.0,,,0,1,1,Egypt,26.787872,30.572474
Eurasian Resources Group SARL; China Baowu Steel Group Co Ltd,1,0.0,0.0,,,0,1,1,Kazakhstan,52.9775332,63.1825737
Dar Al Arkan Real Estate Development Company SJSC,1,0.0,0.0,,,0,1,1,Saudi Arabia,21.524005,39.240633
Esteel Enterprise Sabah Sdn Bhd,1,0.0,0.0,0.0,,0,1,1,Malaysia,6.104211,116.202218
Daric Investment Holding Co,4,0.0,0.0,,,0,1,1,Iran,37.86893375,46.46809225
Novasco BV,1,0.0,0.0,113.83,,0,1,1,France,49.241492,6.152631
Essar Global Fund Ltd,1,0.0,0.0,,,0,1,1,Saudi Arabia,27.544749,49.208103
Nu-Iron Unlimited,1,0.0,2000.0,19.14,,0,1,1,Trinidad and Tobago,10.399138,-61.486326
Electrosteel Castings Ltd,1,0.0,575.0,32.0,1.5457258677435226,1,1,1,India,13.717188,79.630588
Republic Steel Corp,2,0.0,0.0,133.0,,0,1,1,United States,41.127235999999996,-81.7325635
Equest Steel Pty Ltd,1,0.0,0.0,,,0,1,1,Australia,-27.42083,153.127715
Rashmi Green Hydrogen Steel Pvt Ltd,1,0.0,0.0,,13.350549361137542,1,1,1,India,22.331489,87.398085
Ramsarup Industries Ltd,1,0.0,930.0,19.0,41.19641424564325,1,1,1,India,22.977477,88.457443
Eqlid Pars Steel Co,1,0.0,0.0,,,0,1,1,Iran,30.944867,52.892849
Devki Group,1,0.0,0.0,,,0,1,1,Uganda,0.681522,34.178037
Nucor Steel Louisiana LLC,1,0.0,2500.0,13.0,,0,1,1,United States,30.076693,-90.859953
Changli Xingguo Precision Machinery Co Ltd,1,0.0,1100.0,30.47,12.722598592822267,1,1,1,China,39.704921,118.897417
Meranti Steel Pte Ltd,2,0.0,0.0,,,0,2,2,"Oman, Thailand",16.16514,79.409817
KVV Liepājas metalurgs AS,1,0.0,0.0,,,0,1,1,Latvia,56.525273,21.0267
Ceylon Steel Co Ltd,1,0.0,0.0,,,0,1,1,Sri Lanka,6.128077,81.075224
Tangshan Fengnan Kaiheng Iron & Steel Co Ltd,1,0.0,0.0,21.0,63.438670219208504,1,1,1,China,39.4632,118.247191
Baldota Steel and Power Ltd,1,0.0,0.0,0.0,1.7830570975814448,1,1,1,India,15.332616,76.206778
Kocaer Çelik Sanayi ve Ticaret AŞ,1,0.0,0.0,,,0,1,1,Türkiye,37.858651,27.845846
Tangshan DELONG Steel Co Ltd,1,0.0,0.0,23.67,2.411357942052931,1,1,1,China,39.19256,118.899533
Baobab Steel Ltd,1,0.0,0.0,,,0,1,1,Mozambique,-15.724345,33.762664
Baosteel Special Metals Co Ltd,1,0.0,0.0,65.41,1280.753311052834,1,1,1,China,31.379422,121.484652
Kunming Iron & Steel Holding Co Ltd,1,0.0,0.0,,,0,1,1,Myanmar,21.423783,96.454378
Kurdistan Steel Co,1,0.0,0.0,,,0,1,1,Iran,35.936932,47.762024
TT Iron Steel Company Ltd,1,0.0,0.0,46.0,,0,1,1,Trinidad and Tobago,10.403605,-61.482939
Baotou Baoxin Special Steel Co Ltd,1,0.0,0.0,17.39,0.010052547082109451,1,1,1,China,41.362925,110.988771
TANG Shan Iron and Steel Group Co Ltd,1,0.0,0.0,77.0,147.77045350034737,1,1,1,China,39.648587,118.212487
Kurum International ShA,1,0.0,0.0,28.0,,0,1,1,Albania,41.094611,20.026117
Swadesh Metallics Pvt Ltd,1,0.0,0.0,,3.401386022002053,1,1,1,India,21.625706,81.705254
Surjagad Ispat Pvt Ltd,1,0.0,0.0,0.0,0.025462142925987027,1,1,1,India,19.487201,79.968551
Sun Metal Casting LLC,1,0.0,0.0,12.0,,0,1,1,Oman,22.632992,59.416971
Langfang Guangyuan Metalwork Co Ltd,1,0.0,0.0,11.0,72.13604936439161,1,1,1,China,39.181466,116.838667
Baotou DA AN IRON&STEEL Co Ltd,2,0.0,0.0,22.81,126.96260802919087,2,1,1,China,40.688731000000004,109.75999300000001
Tangshan GUOYI SPECIAL Steel Co Ltd,1,0.0,0.0,16.0,77.04766330735693,1,1,1,China,39.659153,118.411488
Pakistan Steel Mills Corp Pvt Ltd,1,0.0,0.0,43.41,,0,1,1,Pakistan,24.809977,67.35244
Khouzestan Steel Co,1,0.0,0.0,37.0,,0,1,1,Iran,31.270091,48.732904
Kalyani Steels Ltd,1,0.0,0.0,0.0,2.6057485371551157,1,1,1,India,20.601819,85.594653
Tekhnologicheskiye Investitsii LLC,1,0.0,0.0,24.0,,0,1,1,Ukraine,47.982276,37.810634
Tata Steel UK Ltd,1,0.0,0.0,121.0,,0,1,1,United Kingdom,51.577368,-3.783013
Atibir Industries Co Ltd,1,0.0,600.0,17.0,3.9236781094455893,1,1,1,India,24.145239,86.334999
Azerbaijan Integrated Steel Mill Complex,1,0.0,0.0,,,0,1,1,Azerbaijan,40.721908,46.363526
Tata Metaliks Ltd,1,0.0,600.0,36.0,13.461799303000394,1,1,1,India,22.385611,87.287179
Tanshan Iron and Steel,1,0.0,0.0,,,0,1,1,North Korea,40.67524,129.201745
Azerbaijan Metal Company LLC,1,0.0,0.0,,,0,1,1,Azerbaijan,40.8217502,46.0170067
Kapila Metals Pvt Ltd,1,0.0,0.0,,1.6760395517645925,1,1,1,India,19.874223,75.817553
Tangshan Jianlong Steel SPECIAL Steel Co Ltd,1,0.0,0.0,20.0,5.964064788571842,1,1,1,China,40.167686,117.964004
Tangshan Xinbaotai Iron & Steel Co Ltd,1,0.0,0.0,19.0,29.331056720195328,1,1,1,China,39.861425,118.03667
Azna Steel,1,0.0,0.0,5.97,,0,1,1,Iran,33.464353,49.391373
Tangshan Stainless Steel Co Ltd,2,0.0,0.0,23.0,15.094519865915213,2,1,1,China,39.445598000000004,118.448707
BPA Metallics Pvt Ltd,1,0.0,0.0,,3.2773210832347166,1,1,1,India,21.926993,83.374089
Kazakhstal LLP,1,0.0,0.0,,,0,1,1,Kazakhstan,49.8902647,73.7561639
Khouzestan Oxin Steel Co,1,0.0,0.0,1.0,,0,1,1,Iran,31.277236,48.747422
Tangshan Jinma Iron & Steel Group Co Ltd,1,0.0,0.0,12.0,24.904472955347863,1,1,1,China,39.700499,118.456775
Stoylenskiy Gorno-Obogatitel'nyi Kombinat JSC,1,0.0,0.0,,,0,1,1,Russia,51.243964,37.783498
Baotou Deshun Spec. Steel Co Ltd,1,0.0,0.0,18.9,0.03545566982765674,1,1,1,China,40.9019,110.336253
Stegra AB,2,0.0,0.0,0.0,,0,2,1,"Spain, Sweden",53.134544500000004,9.00497
Mariupolskyi Metalurgiinyi Kombinat Imeni Illicha PrAT,1,0.0,0.0,129.0,,0,1,1,Ukraine,47.1402768,37.5943416
Blastr Green Steel AS,1,0.0,0.0,0.0,,0,1,1,Finland,60.0175,23.9126
Makran Steel Co,1,0.0,0.0,,,0,1,1,Iran,25.4483977,60.6408488
Marcegaglia Holding SpA,1,0.0,0.0,53.0,,0,1,1,France,43.445004,4.846805
Shougang Yili Iron & Steel Co Ltd,1,0.0,1645.0,68.0,0.1568329964382737,1,1,1,China,43.528516,83.276706
Briquetera del Orinoco CA,1,0.0,2200.0,26.0,,0,1,1,Venezuela,8.274965,-62.819282
CVG Ferrominera Orinoco CA,1,0.0,1000.0,36.0,,0,1,1,Venezuela,8.33468,-62.728842
Cambodia Iron & Steel Mining Industry Group Co Ltd,1,0.0,0.0,,,0,1,1,Cambodia,13.366642,105.118129
Shiu Wing Steel Ltd,1,0.0,0.0,1.0,,0,1,1,Hong Kong,22.369498,113.926095
Maegma Minerals Sdn Bhd,1,0.0,0.0,,,0,1,1,Malaysia,4.2405829,100.5949428
Shijiazhuang Hongsen Melting & Casting Co Ltd,1,0.0,516.0,19.47,21.13535677435515,1,1,1,China,38.021527,114.916959
Matesi,1,0.0,0.0,26.0,,0,1,1,Venezuela,8.300159,-62.780136
Max Aicher GmbH & Co KG,1,0.0,0.0,8.0,,0,1,1,Slovakia,48.886028,21.82705
Megasteel Sdn Bhd,1,0.0,0.0,96.0,,0,1,1,Malaysia,2.8072653,101.6055808
Shanxi Zhongsheng Iron and Steel Co Ltd,1,0.0,1130.0,19.32,10.643335780231777,1,1,1,China,35.727776,111.330122
Meghna Re-rolling and Steel Mills Ltd,1,0.0,0.0,,,0,1,1,Bangladesh,23.585487,90.648875
Century Steel Pte Ltd,1,0.0,0.0,,,0,1,1,Pakistan,34.072714,72.141584
Bhushan Power & Steel Ltd,1,0.0,0.0,,0.7430653673162916,1,1,1,India,22.665526,85.64622
MK Azovstal' PrAT,1,0.0,0.0,,,0,1,1,Ukraine,47.094724,37.596862
Baotou Jiyu Steel Co Ltd,1,0.0,0.0,21.79,115.92623159170353,1,1,1,China,40.662343,109.696243
Fujian Hengwang Investment Co Ltd,2,0.0,0.0,,,0,1,1,Kazakhstan,42.91958135,71.67270725
Bashundhara Multi Steel Industries Ltd,1,0.0,0.0,0.0,,0,1,1,Bangladesh,22.719278,91.470382
Lebedinskiy GOK JSC,1,0.0,4600.0,55.0,,0,1,1,Russia,51.261995,37.654622
Star Infrastructure Development Corp,1,0.0,0.0,3.0,,0,1,1,Bangladesh,22.774191,91.574601
Fushun HANWANG Direct Reduced Iron Co Ltd,1,0.0,799.0,23.5,9.789150217556113,1,1,1,China,41.670998,123.85143
Liberty Galati SA,1,0.0,0.0,58.0,,0,1,1,Romania,45.434119,27.976244
Berhard Development Corporation (Private) Ltd,1,0.0,0.0,1.55,,0,1,1,Zimbabwe,-19.055102,29.782424
Linyi Jiangxin Steel Co Ltd,1,0.0,0.0,18.58,98.28063260470425,1,1,1,China,34.951117,118.305389
Lloyds Metals and Energy Ltd,2,0.0,756.0,17.0,1.1671224314028246,2,1,1,India,19.850123,79.4664715
"Fugang METAL Manufacturing Co.ltd.,jilinjigang Steel Group",1,0.0,0.0,17.6,114.39509749565121,1,1,1,China,44.022802,125.505627
Sinosteel Corp Ltd,1,0.0,0.0,,,0,1,1,Kenya,0.461697,37.991283
Sin Yuan Steel LLP,1,0.0,0.0,6.0,,0,1,1,Kazakhstan,42.272259,69.7261
Long Son Phu My Iron & Steel Co,1,0.0,0.0,,,0,1,1,Vietnam,14.457367,109.0789538
Luannan Huarui Steel Co Ltd,1,0.0,0.0,19.0,6.7260248257854975,1,1,1,China,39.51833,118.715766
Fuhai Group New Energy Holding Co Ltd,1,0.0,0.0,,,0,1,1,Indonesia,-1.556636,103.679366
Bhagyalaxmi Metals Pvt Ltd,1,0.0,0.0,,0.14989116350809,1,1,1,India,20.088919,79.71792
Luoyang Luogang Group of Steel and Iron Co Ltd,1,0.0,0.0,19.0,45.131716874276634,1,1,1,China,34.798477,112.580505
Henan Changtai Stainless Steel Plate Co Ltd,1,0.0,0.0,14.0,23.018762076056046,1,1,1,China,34.702951,112.955911
