GEM plant ID,Plant name (English),Owner,Parent (English),Country/area,Region,Subnational unit,Latitude,Longitude,Coordinate accuracy,Plant status,Number of units,Plant age (years),Nominal crude steel capacity (ttpa),Nominal iron capacity (ttpa),Ferronickel capacity (ttpa),Sinter plant capacity (ttpa),Coking plant capacity (ttpa),Pelletizing plant capacity (ttpa),Main production equipment,Workforce size,GEM wiki page,LitPop nearest cell value (USD),LitPop assets within 20 km (USD bn),Distance to LitPop cell (km),LitPop country
P100000120882,Aba Iron and Steel Payas plant,ABA Çelik Demir LŞ,ABA Çelik Demir LŞ [100.0%],Türkiye,Europe,Hatay,36.747413,36.21733,exact,operating,1,43.0,1100.0,0.0,,,,,EAF,900,https://www.gem.wiki/Aba_Iron_and_Steel_Payas_plant,,,3265.769650048151,
P100000120753,Abba Steel Ohangwena steel plant,Abba Steel Ltd,Abba Steel Ltd [100.0%],Namibia,Africa,Ohangwena,-17.397866,15.891022,approximate,construction,1,1.0,0.0,0.0,,,,,EAF,5500,https://www.gem.wiki/Abba_Steel_Ohangwena_steel_plant,,,7266.295666379319,
P100000120802,Abinsk Electric Steel Works,Abinski Elektrometallurgicheski Zavod LLC,Novostal-M LLC [100.0%],Russia,Eurasia,Krasnodar,44.881938,38.12751,exact,operating,1,12.0,1600.0,0.0,,,,,EAF,4500,https://www.gem.wiki/Abinsk_Electric_Steel_Works,,,2966.743029470439,
P100000120020,Abul Khair Steel Sitakunda plant,Abul Khair Steel Ltd,Abul Khair Ltd,Bangladesh,Asia Pacific,Chittagong,22.472008,91.734827,exact,operating,1,11.0,1400.0,0.0,,,,,EAF,unknown,https://www.gem.wiki/Abul_Khair_Steel_Sitakunda_plant,,,63.401381390880545,
P100000120620,Acciaierie d'Italia Taranto steel plant,Acciaierie d'italia SpA,Acciaierie d'italia SpA [100.0%],Italy,Europe,Province of Taranto,40.508993,17.207589,exact,operating pre-retirement,4,61.0,7800.0,4000.0,,,,,DRI; EAF; BF; BOF,11000,https://www.gem.wiki/Acciaierie_d'Italia_Taranto_steel_plant,,,4729.998652525923,
P100000120634,Acciaierie Venete Borgo Valsugana steel plant,Acciaierie Venete SpA,Acciaierie Venete SpA [100.0%],Italy,Europe,Province of Trentino-Alto Adige,46.049182,11.440394,exact,operating,1,47.0,600.0,0.0,,,,,EAF,115,https://www.gem.wiki/Acciaierie_Venete_Borgo_Valsugana_steel_plant,,,4996.957727180255,
P100000120636,Acciaierie Venete Padua steel plant,Acciaierie Venete SpA,Acciaierie Venete SpA [100.0%],Italy,Europe,Province of Podova,45.419168,11.906625,exact,operating,2,35.0,600.0,0.0,,,,,EAF,601,https://www.gem.wiki/Acciaierie_Venete_Padua_steel_plant,,,4981.316815837246,
P100000120635,Acciaierie Venete Sarezzo steel plant,Acciaierie Venete SpA,Acciaierie Venete SpA [100.0%],Italy,Europe,Province of Brescia,45.648691,10.209114,exact,operating,1,59.0,540.0,0.0,,,,,EAF,139,https://www.gem.wiki/Acciaierie_Venete_Sarezzo_steel_plant,,,5100.962809777583,
P100000120005,Aceria Angola Bengo steel plant,Ada - Aceria De Angola SA,Sa Machado Lda,Angola,Africa,Bengo,-8.5824,13.405271,exact,operating,1,11.0,500.0,0.0,,,,,IF,600,https://www.gem.wiki/Aceria_Angola_Bengo_steel_plant,,,6945.2718776403335,
P100000121029,Acerinox Columbus Stainless steel plant,Columbus Stainless (Pty) Ltd,Acerinox SA [76.0%]; Industrial Development Corporation of South Africa Ltd [24.0%],South Africa,Africa,Mpumalanga,-25.796313,29.497972,exact,operating,1,60.0,850.0,0.0,,,,,EAF,1319,https://www.gem.wiki/Acerinox_Columbus_Stainless_steel_plant,,,6386.220223530925,
P100000120454,Acerinox Europa Los Barrios steel plant,Acerinox Europa SAU,Acerinox SA [100.0%],Spain,Europe,Cádiz,36.181686,-5.426626,exact,operating,1,56.0,1200.0,0.0,,,,,EAF,1746,https://www.gem.wiki/Acerinox_Europa_Los_Barrios_steel_plant,,,6722.285060897012,
P100000120768,Aceros Arequipa Pisco steel plant,Corporacion Aceros Arequipa SA,Corporacion Aceros Arequipa SA [100.0%],Peru,Central & South America,Ica,-13.788622,-76.168173,exact,operating,2,39.0,1250.0,0.0,,,,,EAF; DRI,730,https://www.gem.wiki/Aceros_Arequipa_Pisco_steel_plant,,,14836.208875779099,
P100001045296,Action Ispat and Power Jharsuguda steel plant,Action Ispat and Power Pvt Ltd,Action Ispat and Power Pvt Ltd [100.0%],India,Asia Pacific,Odisha,21.839759,83.982227,exact,operating,2,,375.0,220.0,,,,,DRI; IF; Steel other/unspecified,unknown,https://www.gem.wiki/Action_Ispat_and_Power_Jharsuguda_steel_plant,645075019.3542067,5.805877880269985,4.629909798368542,India
P100001025815,Adhunik Metaliks Kuanrmunda steel plant,Adhunik Metaliks Ltd,natural person(s) [36.1%]; small shareholder(s) [28.8%]; Mahanada Suppliers Pvt Ltd [22.6%]; Sunrwoth Stocks Pvt Ltd [12.5%],India,Asia Pacific,Odisha,22.308371,84.763584,exact,operating,1,22.81,500.0,330.0,,,,,BF; DRI; EAF,1500,https://www.gem.wiki/Adhunik_Metaliks_Kuanrmunda_steel_plant,721177173.7528095,8.84356135319053,3.4346769031056885,India
P100000120757,African Natural Resources and Mines Kaduna steel plant,African Natural Resources & Mines Ltd,African Industries Ltd,Nigeria,Africa,Kaduna State,9.462715,7.368,exact,operating,2,1.45,0.0,1000.0,,,,5400.0,DRI; Steel other/unspecified,3500,https://www.gem.wiki/African_Natural_Resources_and_Mines_Kaduna_steel_plant,,,6625.848622757787,
P100000120624,AFV Accaierie Beltrame Vicenza steel plant,AFV Acciaierie Beltrame SpA,Beltrame Holding SpA [91.9%]; unknown [8.1%],Italy,Europe,Province of Vicenza,45.522097,11.499295,exact,operating,1,50.0,1200.0,0.0,,,,,EAF,419,https://www.gem.wiki/AFV_Accaierie_Beltrame_Vicenza_steel_plant,,,5008.654869673477,
P100000121240,AFV Donalam Targoviste steel plant,Donalam SRL,Beltrame Holding SpA [86.1%]; unknown [7.6%],Romania,Europe,Județul Dâmbovița,44.904569,25.458124,exact,operating pre-retirement,2,53.0,300.0,0.0,,,,,EAF,730,https://www.gem.wiki/AFV_Donalam_Targoviste_steel_plant,,,3958.4556522774237,
P100000120423,AG der Dillinger Hüttenwerke Dillingen steel plant,AG der Dillinger Hüttenwerke AG,Montan-Stiftung-Saar [50.9%]; ArcelorMittal SA [29.8%]; unknown [8.7%],Germany,Europe,Saarland,49.353884,6.746603,exact,operating pre-retirement,4,57.0,2760.0,4782.0,,,,,DRI; EAF; BF; BOF,3600,https://www.gem.wiki/AG_der_Dillinger_Hüttenwerke_Dillingen_steel_plant,,,5237.631096620485,
P100000120494,AG Sidegua Masagua steel plant,Corporación AG SA,Fundacion Jose Luis Gabriel; Industrial Assets Fund LP,Guatemala,Central & South America,Escuintla,14.232007,-90.815444,exact,operating,1,32.0,500.0,0.0,,,,,EAF,1080,https://www.gem.wiki/AG_Sidegua_Masagua_steel_plant,,,11389.568804841449,
P100000120782,Agha Steel Industries Karachi plant,Agha Steel Industries Ltd,Agha Steel Industries Ltd [100.0%],Pakistan,Asia Pacific,Sindh,24.841851,67.310159,exact,operating,2,14.14,450.0,0.0,,,,,EAF; BF,unknown,https://www.gem.wiki/Agha_Steel_Industries_Karachi_plant,,,140.8387944779394,
P100000121224,Ahya Steel Folad Baft Company DRI plant,Ahya Steel Folad Baft Co,Bank of Industry and Mine (Iran); Tourism Financial Group,Iran,Middle East,Kerman,29.289109,56.490707,exact,operating,1,7.0,0.0,1600.0,,,,,DRI,700,https://www.gem.wiki/Ahya_Steel_Folad_Baft_Company_DRI_plant,,,1300.5577491637514,
P100000120644,Aichi Steel Chita plant (Tokai),Aichi Steel Corp,Aichi Steel Corp [100.0%],Japan,Asia Pacific,Chūbu,35.044558,136.900772,exact,operating,1,83.0,1495.0,0.0,,,,,EAF,965,https://www.gem.wiki/Aichi_Steel_Chita_plant_(Tokai),110186877555.41345,1237.334301589118,5.2500946996512186,Japan
P100000120756,Ajaokuta Steel plant,Ajaokuta Steel Co Ltd,Ajaokuta Steel Co Ltd [100.0%],Nigeria,Africa,Kogi State,7.511336,6.689364,exact,construction,1,,0.0,0.0,,2610.0,880.0,,BF; BOF,10000,https://www.gem.wiki/Ajaokuta_Steel_plant,,,6777.581314893949,
P100000121166,Aktobe Generatsiya steel plant,Aktobe Generatsiya LLC,Aktobe Generatsiya LLC [100.0%],Kazakhstan,Eurasia,Aktobe,50.355117,57.145119,approximate,announced,1,0.05,0.0,0.0,,1300.0,,,BF; BOF,2600,https://www.gem.wiki/Aktobe_Generatsiya_steel_plant,,,1744.228075587858,
P100000120840,Al Atoun Yanbu steel plant,Al Atoun Steel Industries,Al Atoun Steel Industries [100.0%],Saudi Arabia,Middle East,Medina Province,24.029,38.180077,approximate,cancelled,1,,0.0,0.0,,,,,EAF,unknown,https://www.gem.wiki/Al_Atoun_Yanbu_steel_plant,,,3045.6150285534195,
P100000120835,Al Ittefaq Arab Steel Dammam plant,Arab Steel Co,Hilal Al-Tuwairqi [60.0%]; unknown [40.0%],Saudi Arabia,Middle East,Eastern Province,26.277917,49.949177,exact,operating,2,37.0,2600.0,1400.0,,,,2500.0,DRI; EAF,350,https://www.gem.wiki/Al_Ittefaq_Arab_Steel_Dammam_plant,,,1856.6465433237004,
P100000120836,Al Ittefaq National Steel Dammam plant,National Steel Co,Hilal Al-Tuwairqi; unknown,Saudi Arabia,Middle East,Eastern Province,26.244786,49.969064,exact,operating,1,22.0,1000.0,0.0,,,,,EAF,unknown,https://www.gem.wiki/Al_Ittefaq_National_Steel_Dammam_plant,,,1854.3957979080212,
P100000121248,Al Qaryan steel plant,Al Qaryan Steel Co,Al Qaryan Group [75.0%]; Al Wabel for Trading and Industry [25.0%],Saudi Arabia,Middle East,Dammam,26.280741,49.956755,exact,operating,2,9.0,350.0,0.0,,,,,IF; EAF,unknown,https://www.gem.wiki/Al_Qaryan_steel_plant,,,1855.9167153640087,
P100000120446,Al-Ezz Dekheila Steel Alexandria plant,Al Ezz Dekheila Steel Company Alexandria SAE,Al Ezz Dekheila Steel Company Alexandria SAE [100.0%],Egypt,Africa,Alexandria,31.123467,29.80987,exact,operating,1,40.0,3340.0,2320.0,,,,,DRI; EAF,3756,https://www.gem.wiki/Al-Ezz_Dekheila_Steel_Alexandria_plant,,,3852.283779443057,
P100000120905,Alchevsk Metallurgical Plant,Alchevsk Metallurgical Plant PJSC,Southern Mining and Metallurgical Complex LLC,Ukraine,Europe,Luhansk,48.478111,38.770787,exact,operating,3,130.0,5472.0,5239.0,,5400.0,989.0,,BF; BOF,10000,https://www.gem.wiki/Alchevsk_Metallurgical_Plant,,,2929.760983389616,
P100000120623,Alfa Acciai Brescia steel plant,Alfa Acciai SpA,Siderurgica Investimenti SRL,Italy,Europe,Province of Brescia,45.508698,10.248464,exact,operating,1,71.0,2000.0,0.0,,,,,EAF,300,https://www.gem.wiki/Alfa_Acciai_Brescia_steel_plant,,,5102.523607032682,
P100000120637,Alfa Acciai Catania steel plant,Acciaierie di Sicilia SpA,Siderurgica Investimenti SRL,Italy,Europe,Province of Sicily,37.438448,15.03287,exact,operating,1,28.0,500.0,0.0,,,,,EAF,176,https://www.gem.wiki/Alfa_Acciai_Catania_steel_plant,,,5020.876643952806,
P100000120439,Algerian Qatari Steel Jijel plant,Algerian Qatari Steel,Industries Qatar QPSC [49.0%]; FNI - Fonds National d’Investissement [5.0%]; Groupe Industriel Sider SpA,Algeria,Africa,Jijel,36.753961,6.24442,exact,operating,2,9.0,2100.0,2500.0,,,,,DRI; EAF,2800,https://www.gem.wiki/Algerian_Qatari_Steel_Jijel_plant,,,5767.869210408978,
P100000120059,Algoma steel plant,Algoma Steel Group Inc,Algoma Steel Group Inc [100.0%],Canada,North America,Ontario,46.518984,-84.374068,exact,operating,3,125.0,1850.0,0.0,,,,,EAF; BF; BOF,2780,https://www.gem.wiki/Algoma_steel_plant,,,8577.700577452802,
P100000120750,Alliance Steel Kuantan plant,Alliance Steel (M) Sdn Bhd,Guangxi Beibu Gulf International Port Group Co Ltd [50.0%]; Guangxi Shenglong Metallurgical Co Ltd [50.0%],Malaysia,Asia Pacific,Pahang,4.007595,103.344458,exact,operating,2,9.0,3500.0,3500.0,,,1100.0,720.0,BF; BOF; Iron other/unspecified; Steel other/unspecified,3500,https://www.gem.wiki/Alliance_Steel_Kuantan_plant,,,1095.512410758795,
P100001063588,Alter Steel Pinkenba steel plant,Equest Steel Pty Ltd,Westview Group,Australia,Asia Pacific,Queensland,-27.42083,153.127715,approximate,announced,1,,0.0,0.0,,,,,EAF,216,https://www.gem.wiki/Alter_Steel_Pinkenba_steel_plant,,,6132.754992731248,
P100000120998,Alton Steel plant,Alton Steel Inc,Alton Steel Inc [100.0%],United States,North America,Illinois,38.884465,-90.14579,exact,retired,1,23.0,0.0,0.0,,,,,EAF,250,https://www.gem.wiki/Alton_Steel_plant,,,9226.589223431127,
P100000120724,Altos Hornos De Mexico SA (AHMSA) steel plant,Altos Hornos de Mexico SAB de CV,Grupo Acerero del Norte SA de CV [64.0%]; small shareholder(s) [36.0%],Mexico,North America,Coahuila,26.876889,-101.416612,exact,mothballed,1,82.0,0.0,0.0,,2263.0,821.0,4200.0,BF; BOF; EAF,7366,https://www.gem.wiki/Altos_Hornos_De_Mexico_SA_(AHMSA)_steel_plant,,,9604.448017040624,
P100001064479,Amir Azerbaijan Steel plant,AFA Steel,AFA Steel [100.0%],Iran,Middle East,East Azerbaijan,46.843697,46.843697,approximate,operating,1,5.0,500.0,0.0,,,,,IF,300,https://www.gem.wiki/Amir_Azerbaijan_Steel_plant,,,2306.7236019746165,
P100000121247,Amirkabir Arak Steel plant,Amir Kabir Arak Steel Co,Amirkabir Khazar Steel Co,Iran,Middle East,Markazi,34.083379,49.752451,approximate,construction,1,,0.0,0.0,,,,,DRI; EAF,400,https://www.gem.wiki/Amirkabir_Arak_Steel_plant,,,2041.4032872128976,
P100000121232,Amreli Steels Dhabeji plant,Amreli Steels Ltd,Amreli Steels Ltd [100.0%],Pakistan,Asia Pacific,Sindh,24.800326,67.504851,exact,operating,2,15.0,600.0,0.0,,,,,IF; Steel other/unspecified,757,https://www.gem.wiki/Amreli_Steels_Dhabeji_plant,,,125.16469137618408,
P100000120803,Amurstal steel plant,Amurstal LLC,Armada JSC [100.0%],Russia,Eurasia,Khabarovsk,50.563131,136.976362,exact,operating,3,84.0,1150.0,0.0,,,,,EAF; DRI,2277,https://www.gem.wiki/Amurstal_steel_plant,,,307.4234930806936,
P100000120163,Angang Group Xinyang Iron and Steel Co Ltd,"Xinyang Iron & Steel Co.,ltd of Angang Group",natural person(s) [65.2%]; Henan PROVINCE HENGCHANG Trading Co Ltd [15.8%]; unknown [10.4%]; Henan State Owned Capital Operation Group Co Ltd [8.6%],China,Asia Pacific,Henan,32.488704,114.038243,exact,operating,2,55.0,3600.0,2988.0,,,600.0,,BF; BOF,3711,https://www.gem.wiki/Angang_Group_Xinyang_Iron_and_Steel_Co_Ltd,382250327.83036226,0.6384139897826049,3.39230213234901,China
P100000120089,Angang Lianzhong Stainless Steel Co Ltd,Angang Lianzhong Stainless Steel Corp,Ansteel Group Co Ltd [60.0%]; Lianzhong Co Ltd [18.2%]; power rich Co Ltd [17.4%]; unknown [4.4%],China,Asia Pacific,Guangdong,23.126822,113.505817,exact,operating,1,25.0,1900.0,0.0,,,,,EAF,1764,https://www.gem.wiki/Angang_Lianzhong_Stainless_Steel_Co_Ltd,23605391215.706425,291.90076720202063,3.671571994215557,China
P100000120219,Angang Steel Co Ltd,Angang Steel Co Ltd,Angang Steel Co Ltd [100.0%],China,Asia Pacific,Liaoning,41.148267,122.983054,exact,operating,3,27.43,20650.0,16610.0,,,,,BF; BOF; DRI,31456,https://www.gem.wiki/Angang_Steel_Co_Ltd,44422407772.444046,146.0408865718665,3.3135165743109662,China
P100000120220,Angang Steel Co Ltd Bayuquan branch,Angang Steel Co Ltd,Angang Steel Co Ltd [100.0%],China,Asia Pacific,Liaoning,40.308494,122.13079,exact,operating,1,20.0,7500.0,6400.0,,,,,BF; BOF,4072,https://www.gem.wiki/Angang_Steel_Co_Ltd_Bayuquan_branch,6209926726.154055,17.12409080753589,1.934468068348785,China
P100000120070,Anhui Changjiang Steel Co Ltd,Anhui Changjiang Steel Co Ltd,Maanshan Iron & Steel Co Ltd [55.0%]; natural person(s) [37.2%]; unknown [7.8%],China,Asia Pacific,Anhui,31.502272,118.465162,exact,operating,1,23.0,3800.0,3340.0,,1375.0,,,BF; BOF; EAF,3705,https://www.gem.wiki/Anhui_Changjiang_Steel_Co_Ltd,2369022303.7466125,73.10513578409086,4.4280500581230315,China
P100000120071,Anhui Guihang Special Steel Co Ltd,Anhui Guihang Special Steel Co Ltd,Anhui Guihang Special Steel Co Ltd [100.0%],China,Asia Pacific,Anhui,30.531068,117.251147,exact,operating,1,15.89,2700.0,2080.0,,,,,BF; BOF,3000,https://www.gem.wiki/Anhui_Guihang_Special_Steel_Co_Ltd,189683194.67400867,8.789207161689111,4.055693196107127,China
P100000120391,Anhui Jin an Stainless Steel Casting Co Ltd,Anhui Jin'an Stainless Steel Foundry Co Ltd,Anhui Xinda Steel Development Co Ltd [100.0%],China,Asia Pacific,Anhui,31.763956,115.924372,exact,operating,1,4.0,500.0,0.0,,,,,EAF,279,https://www.gem.wiki/Anhui_Jin_an_Stainless_Steel_Casting_Co_Ltd,413630926.1177371,1.6951967265365848,4.449717583599526,China
P100000120417,Anhui Jingxian Longxin Iron and Steel Co Ltd,Anhui Jingxian Longxin Iron and Steel Co Ltd,Anhui Jingxian Longxin Iron and Steel Co Ltd [100.0%],China,Asia Pacific,Anhui,30.709058,118.436638,exact,operating,2,18.0,500.0,0.0,,,,,EAF,454,https://www.gem.wiki/Anhui_Jingxian_Longxin_Iron_and_Steel_Co_Ltd,271114715.91688704,1.6058286610480597,2.075694470832129,China
P100000120402,Anhui Langxi Hongtai Iron and Steel Co Ltd,Anhui Langxi County Fuhang Steel Co Ltd,Anhui Langxi County Fuhang Steel Co Ltd [100.0%],China,Asia Pacific,Anhui,31.246635,119.120443,exact,operating,2,24.0,1000.0,0.0,,,,,EAF,541,https://www.gem.wiki/Anhui_Langxi_Hongtai_Iron_and_Steel_Co_Ltd,86904812.1034762,2.171380708106674,4.280936338794981,China
P100001025923,Anhui Lixin Special Steel Co Ltd,"Guangde Xinyuanda Metal Products Co., Ltd. Co Ltd","Guangde Xinyuanda Metal Products Co., Ltd. Co Ltd [100.0%]",China,Asia Pacific,Anhui,31.0494162,119.5296269,exact,operating,1,14.24,500.0,0.0,,,,,EAF,335,https://www.gem.wiki/Anhui_Lixin_Special_Steel_Co_Ltd,60598213.36689451,2.0797682594891524,1.4346207475889654,China
P100000120313,Anhui Shoukuang Dachang Metal Material Co Ltd,Anhui Shoukuang Dachang Metal Material Co Ltd,CSCEC Rongdong Investment Holding Co Ltd [89.0%]; Fang TongZhou Holding Co Ltd [7.9%]; unknown [3.1%],China,Asia Pacific,Anhui,32.329171,115.954963,exact,operating,1,16.0,3000.0,7442.0,,,1200.0,,BF; BOF,3955,https://www.gem.wiki/Anhui_Shoukuang_Dachang_Metal_Material_Co_Ltd,26192474.427464876,0.38586981032875084,4.182302137654248,China
P100000120748,Ann Joo Integrated Steel Penang plant,Ann Joo Integrated Steel Sdn Bhd,Ann Joo Resources Bhd [100.0%],Malaysia,Asia Pacific,Penang,5.380391,100.377598,exact,operating,1,19.0,900.0,500.0,,,,,BF; EAF,663,https://www.gem.wiki/Ann_Joo_Integrated_Steel_Penang_plant,,,737.8591727805164,
P100000120749,Ann Joo Steel Selangor plant,Ann Joo Steel Bhd,Ann Joo Resources Bhd [100.0%],Malaysia,Asia Pacific,Selangor,3.042585,101.537011,exact,operating,1,65.0,820.0,0.0,,,,,EAF,663,https://www.gem.wiki/Ann_Joo_Steel_Selangor_plant,,,949.6092591424119,
P100000120231,Anshan Baode Iron and Steel Co Ltd,Anshan Baode Iron & Steel Co Ltd,Anshan Baode Iron & Steel Co Ltd [100.0%],China,Asia Pacific,Liaoning,41.173613,122.945501,exact,operating,1,26.73,1800.0,1150.0,,2395.0,,,BF; BOF,2235,https://www.gem.wiki/Anshan_Baode_Iron_and_Steel_Co_Ltd,4381066890.384275,145.04235074704485,4.0072630790867105,China
P100000120509,Anshan Iron and Steel Central Sulawesi steel plant,Anshan Iron and Steel Group Co Ltd,Ansteel Group Co Ltd [100.0%],Indonesia,Asia Pacific,Central Sulawesi,-4.244263,122.371221,approximate,cancelled,1,,0.0,0.0,,,,,BOF; Iron other/unspecified,unknown,https://www.gem.wiki/Anshan_Iron_and_Steel_Central_Sulawesi_steel_plant,,,2856.580223616821,
P100000120221,Ansteel Group Chaoyang Steel and Iron Co Ltd,Angang Steel Co Ltd,Angang Steel Co Ltd [100.0%],China,Asia Pacific,Liaoning,41.528945,120.369983,exact,operating,1,18.59,2100.0,2600.0,,,,,BF; BOF,2050,https://www.gem.wiki/Ansteel_Group_Chaoyang_Steel_and_Iron_Co_Ltd,3344426880.8404565,22.599358739509764,1.4749342878875358,China
P100000120170,Anyang Huixin Special Steel Co Ltd,Anyang Huixin Special Steel Co Ltd,"Henan Jingchang Coal Chemical Co Ltd [90.0%]; Henan Xinlei Group HOLDINGS Co Ltd [6.2%]; Henan LIYUAN Coking Group Co Ltd [1.3%]; Henan Shuncheng Group,coal Co Ltd [1.3%]; Henan Yulong Coking Co Ltd [1.3%]",China,Asia Pacific,Henan,36.152418,114.15839,exact,retired,1,21.0,0.0,0.0,,,,,BF; BOF,unknown,https://www.gem.wiki/Anyang_Huixin_Special_Steel_Co_Ltd,3691623504.775808,58.2738301485095,4.276141181870941,China
P100000120160,Anyang Iron and Steel Co Ltd,Anyang Iron & Steel Co Ltd,Anyang Iron & Steel Co Ltd [100.0%],China,Asia Pacific,Henan,36.122129,114.283145,exact,operating,3,68.0,1300.0,7969.0,,,,,BF; BOF; EAF,12094,https://www.gem.wiki/Anyang_Iron_and_Steel_Co_Ltd,17037663839.757977,79.07257743887372,0.8293028583503114,China
P100000120166,Anyang Xinpu Steel Co Ltd,Anyang Xinpu Steel Co Ltd,natural person(s) [49.0%]; Minyuan Iron and Steel Group Co Ltd [34.0%]; Fujian Mingfa Investment Co Ltd [17.0%],China,Asia Pacific,Henan,36.163203,114.296223,exact,retired,1,20.41,0.0,0.0,,,,,BF; BOF,unknown,https://www.gem.wiki/Anyang_Xinpu_Steel_Co_Ltd,17037663839.757977,74.7822118960527,4.267636368725959,China
P100000120029,Aperam Stainless Belgium Châtelet steel plant,Aperam Stainless Belgium NV,Aperam SA [100.0%],Belgium,Europe,Wallonie,50.414998,4.532443,exact,operating,1,50.0,1000.0,0.0,,,,,EAF,1998,https://www.gem.wiki/Aperam_Stainless_Belgium_Châtelet_steel_plant,,,5359.0143439670055,
P100000120028,Aperam Stainless Belgium Genk steel plant,Aperam Stainless Belgium NV,Aperam SA [100.0%],Belgium,Europe,Limburg,50.933973,5.511494,exact,operating,1,56.0,1200.0,0.0,,,,,EAF,1192,https://www.gem.wiki/Aperam_Stainless_Belgium_Genk_steel_plant,,,5277.3312782362855,
P100000120053,Aperam Timóteo steel plant,Aperam Inox America do Sul SA,Aperam SA,Brazil,Central & South America,Minas Gerais,-19.531272,-42.639979,exact,operating,1,77.0,900.0,701.0,,,,,BF; EAF,3598,https://www.gem.wiki/Aperam_Timóteo_steel_plant,,,12919.271819703503,
P100000121217,Arabian Gulf Steel Industries Abu Dhabi plant,Arabian Gulf Steel Industries Selling Port LLC,Arabian Gulf Steel Industries Selling Port LLC [100.0%],United Arab Emirates,Middle East,Abu Dhabi,24.283335,54.463384,exact,operating,1,18.0,600.0,0.0,,,,,IF,750,https://www.gem.wiki/Arabian_Gulf_Steel_Industries_Abu_Dhabi_plant,,,1395.5484476409756,
P100000120006,ArcelorMittal Acindar Villa Constitución steel plant,Acindar Industria Argentina de Aceros SA,ArcelorMittal SA [100.0%],Argentina,Central & South America,Santa Fe,-33.249936,-60.300415,exact,operating,1,80.0,2000.0,600.0,,,,,DRI; EAF,1594,https://www.gem.wiki/ArcelorMittal_Acindar_Villa_Constitución_steel_plant,,,14841.395351820951,
P100000120459,ArcelorMittal Asturias (Aviles) steel plant,ArcelorMittal España SA,ArcelorMittal SA [99.8%]; small shareholder(s) [0.2%],Spain,Europe,Asturias,43.554741,-5.87259,exact,operating,1,76.0,4200.0,0.0,,,,,BOF,3205,https://www.gem.wiki/ArcelorMittal_Asturias_(Aviles)_steel_plant,,,6368.721548859134,
P100000120452,ArcelorMittal Asturias (Gijón) steel plant,ArcelorMittal España SA,ArcelorMittal SA [99.8%]; small shareholder(s) [0.2%],Spain,Europe,Asturias,43.525092,-5.731926,exact,operating,4,55.0,1200.0,4700.0,,,,,BOF; DRI; EAF; BF,3375,https://www.gem.wiki/ArcelorMittal_Asturias_(Gijón)_steel_plant,,,6360.008306496523,
P100000120050,ArcelorMittal Barra Mansa steel plant,ArcelorMittal Brasil SA,ArcelorMittal SA [97.1%]; small shareholder(s) [2.9%],Brazil,Central & South America,Rio de Janeiro,-22.525806,-44.191067,exact,operating,1,89.0,800.0,0.0,,,,,EAF,232,https://www.gem.wiki/ArcelorMittal_Barra_Mansa_steel_plant,,,13168.304765692506,
P100000120532,ArcelorMittal Bellary steel plant,ArcelorMittal SA,ArcelorMittal SA [100.0%],India,Asia Pacific,Karnataka,15.139498,76.918417,approximate,cancelled,1,,0.0,0.0,,,,,Iron other/unspecified; Steel other/unspecified,unknown,https://www.gem.wiki/ArcelorMittal_Bellary_steel_plant,490816268.93993175,2.8439064121632844,4.57783916596781,India
P100000120426,ArcelorMittal Bremen steel plant,ArcelorMittal Bremen GmbH,ArcelorMittal SA [100.0%],Germany,Europe,Bremen,53.133305,8.688193,exact,operating,2,69.0,3960.0,3900.0,,2100.0,2000.0,,BF; BOF; DRI; EAF,3100,https://www.gem.wiki/ArcelorMittal_Bremen_steel_plant,,,5011.585999653395,
P100000120997,ArcelorMittal Calvert steel plant,AM/NS Calvert LLC,ArcelorMittal SA [100.0%],United States,North America,Alabama,31.148446,-87.990521,exact,operating,2,1.0,1500.0,0.0,,,,,EAF,1700,https://www.gem.wiki/ArcelorMittal_Calvert_steel_plant,,,10039.719300364619,
P100000120785,ArcelorMittal Dąbrowa Górnicza steel plant,ArcelorMittal Poland SA,ArcelorMittal SA [100.0%],Poland,Europe,Silesia,50.342417,19.285037,exact,operating,2,50.0,5001.0,2300.0,,,,,BF; BOF,8800,https://www.gem.wiki/ArcelorMittal_Dąbrowa_Górnicza_steel_plant,,,4335.028570638201,
P100000120714,ArcelorMittal Differdange steel plant,ArcelorMittal SA,ArcelorMittal SA [100.0%],Luxembourg,Europe,Esch-sur-Alzette,49.527966,5.900398,exact,operating,1,130.0,1350.0,0.0,,,,,EAF,800,https://www.gem.wiki/ArcelorMittal_Differdange_steel_plant,,,5291.441678353497,
P100000120058,ArcelorMittal Dofasco steel plant,ArcelorMittal Dofasco GP,ArcelorMittal SA [100.0%],Canada,North America,Ontario,43.269255,-79.804858,exact,operating,5,114.0,4050.0,2929.0,,,,,EAF; DRI; BF; BOF,5000,https://www.gem.wiki/ArcelorMittal_Dofasco_steel_plant,,,9020.751519208872,
P100000120428,ArcelorMittal Duisburg steel plant,ArcelorMittal Duisburg GmbH,ArcelorMittal SA [100.0%],Germany,Europe,North Rhine-Westphalia,51.462987,6.744612,exact,operating pre-retirement,2,174.0,1300.0,0.0,,,,,EAF; BOF,800,https://www.gem.wiki/ArcelorMittal_Duisburg_steel_plant,,,5179.680110570848,
P100000120472,ArcelorMittal Dunkerque steel plant,ArcelorMittal Atlantique et Lorraine SAS,ArcelorMittal Atlantique et Lorraine SAS [100.0%],France,Europe,Haus-de-France,51.041274,2.292948,exact,operating,4,63.0,6750.0,5400.0,,9600.0,1380.0,,BF; BOF; EAF; DRI,3200,https://www.gem.wiki/ArcelorMittal_Dunkerque_steel_plant,,,5490.964691566488,
P100000120425,ArcelorMittal Eisenhüttenstadt steel plant,ArcelorMittal Eisenhüttenstadt GmbH,ArcelorMittal SA [100.0%],Germany,Europe,Brandenburg,52.168649,14.623473,exact,operating,2,76.0,2400.0,1825.0,,2900.0,,,BF; BOF; DRI; EAF,2700,https://www.gem.wiki/ArcelorMittal_Eisenhüttenstadt_steel_plant,,,4633.146431521894,
P100000120715,ArcelorMittal Esch-Belval steel plant,ArcelorMittal SA,ArcelorMittal SA [100.0%],Luxembourg,Europe,Esch-sur-Alzette,49.504175,5.993759,exact,operating,2,115.0,2250.0,0.0,,,,,EAF,1000,https://www.gem.wiki/ArcelorMittal_Esch-Belval_steel_plant,,,5285.662757544493,
P100000120475,ArcelorMittal Florange steel plant,ArcelorMittal Atlantique et Lorraine SAS,ArcelorMittal Atlantique et Lorraine SAS [100.0%],France,Europe,Grand Est,49.331722,6.143107,exact,retired,1,112.0,0.0,0.0,,4400.0,700.0,,BF; BOF,2300,https://www.gem.wiki/ArcelorMittal_Florange_steel_plant,,,5280.4255558589475,
P100000120027,ArcelorMittal Gent steel plant,ArcelorMittal SA,ArcelorMittal SA [100.0%],Belgium,Europe,Vlaanderen,51.169929,3.804462,exact,operating,2,60.0,5200.0,5000.0,,6935.0,1200.0,,BF; BOF; DRI; EAF,1933,https://www.gem.wiki/ArcelorMittal_Gent_steel_plant,,,5385.626452746783,
P100000120427,ArcelorMittal Hamburg steel plant,ArcelorMittal Hamburg GmbH,ArcelorMittal SA [100.0%],Germany,Europe,Hamburg,53.522601,9.900749,exact,operating,2,57.0,1100.0,600.0,,,,,DRI; EAF,530,https://www.gem.wiki/ArcelorMittal_Hamburg_steel_plant,,,4924.763020911344,
P100000120045,ArcelorMittal Juiz de Fora steel plant,ArcelorMittal Brasil SA,ArcelorMittal SA [97.1%]; small shareholder(s) [2.9%],Brazil,Central & South America,Minas Gerais,-21.626963,-43.462361,exact,operating,2,42.0,1100.0,360.0,,,,,BF; EAF,1000,https://www.gem.wiki/ArcelorMittal_Juiz_de_Fora_steel_plant,,,13068.690127856855,
P100000120786,ArcelorMittal Kraków steel plant,ArcelorMittal Poland SA,ArcelorMittal SA [100.0%],Poland,Europe,Lesser Poland,50.083849,20.096306,exact,retired,1,66.0,0.0,0.0,,,,,BF; BOF,1200,https://www.gem.wiki/ArcelorMittal_Kraków_steel_plant,,,4280.711138204316,
P100000120906,ArcelorMittal Kryvyi Rih steel plant,ArcelorMittal Kryvyi Rih PJSC,ArcelorMittal SA [95.1%]; small shareholder(s) [4.9%],Ukraine,Europe,Dnipropetrovsk,47.874411,33.392993,exact,operating,3,92.0,1083.0,3618.0,,1095.0,1250.0,,BF; BOF; Steel other/unspecified,22000,https://www.gem.wiki/ArcelorMittal_Kryvyi_Rih_steel_plant,,,3324.6353158420447,
P100000120725,ArcelorMittal Lázaro Cárdenas steel plant,ArcelorMittal México SA de CV,ArcelorMittal SA [100.0%],Mexico,North America,Michoacán,17.930688,-102.201498,exact,operating,1,49.29,6500.0,4652.0,,,,1300.0,BF; BOF; DRI; EAF,8000,https://www.gem.wiki/ArcelorMittal_Lázaro_Cárdenas_steel_plant,,,10298.842359706798,
P100001081899,ArcelorMittal Mauritania green steel plant,ArcelorMittal SA; Société Nationale Industrielle et Minière SA,ArcelorMittal SA [100.0%]; Government of Mauritania [78.4%]; small shareholder(s) [8.3%]; Kia Corp [7.7%]; Arab Mining Co [5.7%],Mauritania,Africa,unknown,19.513799,-10.553879,approximate,announced,1,,0.0,0.0,,,,,DRI; Steel other/unspecified,unknown,https://www.gem.wiki/ArcelorMittal_Mauritania_green_steel_plant,,,8045.182711529141,
P100000120473,ArcelorMittal Méditerranée Fos sur Mer steel plant,ArcelorMittal Méditerranée SAS,ArcelorMittal SA [100.0%],France,Europe,Provence-Alpes-Côte d'Azur,43.43283,4.887166,exact,operating,4,52.0,5100.0,2500.0,,6800.0,1650.0,,BOF; EAF; BF,2500,https://www.gem.wiki/ArcelorMittal_Méditerranée_Fos_sur_Mer_steel_plant,,,5579.850536693155,
P100000120035,ArcelorMittal Monlevade steel plant,ArcelorMittal Brasil SA,ArcelorMittal SA [97.1%]; small shareholder(s) [2.9%],Brazil,Central & South America,Minas Gerais,-19.832129,-43.130164,exact,operating,2,89.0,1200.0,1040.0,,1827.0,,,BF; BOF; EAF,975,https://www.gem.wiki/ArcelorMittal_Monlevade_steel_plant,,,12978.220761985585,
P100000120057,ArcelorMittal Montreal steel plant,ArcelorMittal Long Products Canada GP,ArcelorMittal SA [100.0%],Canada,North America,Quebec,45.835148,-73.254957,exact,operating,1,112.0,2400.0,1650.0,,,,,DRI; EAF,1900,https://www.gem.wiki/ArcelorMittal_Montreal_steel_plant,,,8849.525498689358,
P100000121027,ArcelorMittal Newcastle Steel Works,ArcelorMittal South Africa Ltd,ArcelorMittal South Africa Ltd [100.0%],South Africa,Africa,Kwazulu Natal,-27.705376,30.014063,exact,retired,2,54.84,0.0,0.0,,2200.0,945.0,,EAF; BF; BOF,1896,https://www.gem.wiki/ArcelorMittal_Newcastle_Steel_Works,,,6451.647015922605,
P100001025671,ArcelorMittal Nippon Steel Anakapalle steel plant,ArcelorMittal Nippon Steel India Ltd,ArcelorMittal SA [60.0%]; Nippon Steel Corp [40.0%],India,Asia Pacific,Andhra Pradesh,17.407103,82.723183,approximate,construction,2,,0.0,0.0,,,,,BF; BOF,unknown,https://www.gem.wiki/ArcelorMittal_Nippon_Steel_Anakapalle_steel_plant,114947781.09143434,0.878569966872321,3.9020001660214367,India
P100001025669,ArcelorMittal Nippon Steel Gadchiroli steel plant,ArcelorMittal Nippon Steel India Ltd,ArcelorMittal SA [60.0%]; Nippon Steel Corp [40.0%],India,Asia Pacific,Maharashtra,20.168486,79.987119,approximate,announced,1,,0.0,0.0,,,,,EAF,unknown,https://www.gem.wiki/ArcelorMittal_Nippon_Steel_Gadchiroli_steel_plant,36499350.191805646,0.15109508164819344,5.353243705406725,India
P100000120513,ArcelorMittal Nippon Steel Hazira plant,ArcelorMittal Nippon Steel India Ltd,ArcelorMittal SA [60.0%]; Nippon Steel Corp [40.0%],India,Asia Pacific,Gujarat,21.112377,72.647304,exact,operating,3,31.0,9600.0,11570.0,,1480.0,1350.0,4000.0,BF; DRI; EAF; Iron other/unspecified; Steel other/unspecified; BOF,7000,https://www.gem.wiki/ArcelorMittal_Nippon_Steel_Hazira_plant,3529225319.3115263,17.88981814992343,2.706011973059551,India
P100000120573,ArcelorMittal Nippon Steel Kendrapara plant,ArcelorMittal Nippon Steel India Ltd,ArcelorMittal SA [60.0%]; Nippon Steel Corp [40.0%],India,Asia Pacific,Odisha,20.71042,86.282806,approximate,announced,1,,0.0,0.0,,,,,BF; BOF,16000,https://www.gem.wiki/ArcelorMittal_Nippon_Steel_Kendrapara_plant,163832705.0805086,5.391496789592815,0.950359509188043,India
P100000121178,ArcelorMittal Nippon Steel Paradip plant,ArcelorMittal Nippon Steel India Ltd,ArcelorMittal SA [60.0%]; Nippon Steel Corp [40.0%],India,Asia Pacific,Odisha,20.284771,86.658266,approximate,announced,1,,0.0,0.0,,,,,BF; BOF,7000,https://www.gem.wiki/ArcelorMittal_Nippon_Steel_Paradip_plant,1296918868.074968,2.508369140694995,3.5532419354518154,India
P100000120458,ArcelorMittal Olaberria-Bergara (Olaberria) steel plant,Arcelormittal Olaberria-Bergara SL,ArcelorMittal SA; small shareholder(s),Spain,Europe,Gipuzkoa,43.03829,-2.219625,exact,operating,1,34.0,1450.0,0.0,,,,,EAF,500,https://www.gem.wiki/ArcelorMittal_Olaberria-Bergara_(Olaberria)_steel_plant,,,6126.734419776705,
P100000120040,ArcelorMittal Pecém steel plant,ArcelorMittal Brasil SA,ArcelorMittal SA [97.1%]; small shareholder(s) [2.9%],Brazil,Central & South America,Ceará,-3.585917,-38.858932,exact,operating,1,10.0,3046.0,3192.0,,4747.0,1130.0,,BF; BOF,2500,https://www.gem.wiki/ArcelorMittal_Pecém_steel_plant,,,11903.171858481028,
P100000120041,ArcelorMittal Piracicaba steel plant,ArcelorMittal Brasil SA,ArcelorMittal SA [97.1%]; small shareholder(s) [2.9%],Brazil,Central & South America,São Paulo,-22.698154,-47.657146,exact,operating,1,71.0,1100.0,0.0,,,,,EAF,500,https://www.gem.wiki/ArcelorMittal_Piracicaba_steel_plant,,,13516.76549998995,
P100000120036,ArcelorMittal Resende steel plant,ArcelorMittal Brasil SA,ArcelorMittal SA [97.1%]; small shareholder(s) [2.9%],Brazil,Central & South America,Rio de Janeiro,-22.493597,-44.512628,exact,operating,1,17.0,1000.0,0.0,,,,,EAF,668,https://www.gem.wiki/ArcelorMittal_Resende_steel_plant,,,13199.164523269643,
P100000121030,ArcelorMittal Saldanha Steel Works,ArcelorMittal South Africa Ltd,ArcelorMittal South Africa Ltd [100.0%],South Africa,Africa,Western Cape,-32.97952,18.023228,exact,mothballed,1,28.0,0.0,0.0,,,,,DRI; EAF; Iron other/unspecified,568,https://www.gem.wiki/ArcelorMittal_Saldanha_Steel_Works,,,7741.399954301739,
P100000120453,ArcelorMittal Sestao steel plant,Arcelormittal Sestao SL,ArcelorMittal SA; small shareholder(s),Spain,Europe,Vizcaya,43.313144,-2.998964,exact,operating,1,124.0,2000.0,0.0,,,,,EAF,250,https://www.gem.wiki/ArcelorMittal_Sestao_steel_plant,,,6171.161388726861,
P100000120719,ArcelorMittal Sonasid Jorf Lasfar steel plant,ArcelorMittal SA,ArcelorMittal SA [100.0%],Morocco,Africa,Casablanca-Settat,33.136529,-8.603555,exact,operating,1,21.0,800.0,0.0,,,,,EAF,729,https://www.gem.wiki/ArcelorMittal_Sonasid_Jorf_Lasfar_steel_plant,,,7146.308902812513,
P100000120970,ArcelorMittal Texas DRI plant,ArcelorMittal SA,ArcelorMittal SA [100.0%],United States,North America,Texas,27.888929,-97.282062,exact,operating,2,8.39,0.0,2000.0,,,,,DRI,270,https://www.gem.wiki/ArcelorMittal_Texas_DRI_plant,,,9783.019407264079,
P100000120034,ArcelorMittal Tubarão steel plant,ArcelorMittal Tubarão Comercial SA,ArcelorMittal Tubarão Comercial SA [100.0%],Brazil,Central & South America,Espírito Santo,-20.253447,-40.242298,exact,operating,1,43.0,7500.0,7280.0,,6500.0,3254.0,,BF; BOF,5000,https://www.gem.wiki/ArcelorMittal_Tubarão_steel_plant,,,12704.32458229004,
P100000121028,ArcelorMittal Vanderbijlpark Steel Works,ArcelorMittal South Africa Ltd,ArcelorMittal South Africa Ltd [100.0%],South Africa,Africa,Gauteng,-26.657367,27.82231,exact,operating,4,72.38,3360.0,3860.0,,3100.0,1420.0,,BF; BOF; DRI; EAF,4500,https://www.gem.wiki/ArcelorMittal_Vanderbijlpark_Steel_Works,,,6578.840221846883,
P100000120790,ArcelorMittal Warszawa steel plant,Arcelormittal Warszawa SP zoo,ArcelorMittal SA [100.0%],Poland,Europe,Mazowieckie,52.291337,20.917302,exact,operating,1,69.0,750.0,0.0,,,,,EAF,535,https://www.gem.wiki/ArcelorMittal_Warszawa_steel_plant,,,4205.073257610184,
P100000120607,Ardakan Steel Yazd plant,Ardakan Steel Complex Co,Jahan Profil Pars Co,Iran,Middle East,Yazd,32.373942,53.759655,exact,operating,2,14.0,0.0,960.0,,,,,DRI; EAF,650,https://www.gem.wiki/Ardakan_Steel_Yazd_plant,,,1629.458726100334,
P100000120597,Arfa Iron and Steel Yazd plant,Arfa Iron and Steel Co,Chadelmu Mining and Industrial Co [43.7%]; small shareholder(s) [24.7%]; Yaran Tube Rolling Mill Co [17.0%]; Social Insurance Fund of Farmers and Villagers [3.9%]; Sadr Tamin Investment Co [1.7%]; Iranian Mines & Mining Industries Development & Renovation Organization,Iran,Middle East,Yazd,32.39309,53.7566,exact,operating,1,14.89,1000.0,1200.0,,,,,DRI; EAF,1350,https://www.gem.wiki/Arfa_Iron_and_Steel_Yazd_plant,,,1630.353085701756,
P100001063425,Arian Steel Fath Abad plant,Arian Steel Co,Arian Steel Co [100.0%],Iran,Middle East,Qazvin,35.744901,50.222553,exact,operating,2,25.0,240.0,0.0,,,,,EAF; IF,1000,https://www.gem.wiki/Arian_Steel_Fath_Abad_plant,,,2063.0173706307596,
P100000120568,Arjas Steel Tadipatri plant,Arjas Steel Pvt Ltd,ADV Partners Holdings Ltd,India,Asia Pacific,Andhra Pradesh,14.873471,78.048425,exact,operating,1,13.3,1005.0,1024.0,,450.0,200.0,,BF; BOF,1800,https://www.gem.wiki/Arjas_Steel_Tadipatri_plant,216622786.99645334,0.85552531758188,0.7459444056556344,India
P100000120841,Arkan Steel Jeddah plant,Dar Al Arkan Real Estate Development Company SJSC,Dar Al Arkan Real Estate Development Company SJSC [100.0%],Saudi Arabia,Middle East,Makkah,21.524005,39.240633,approximate,announced,1,,0.0,0.0,,,,,EAF,unknown,https://www.gem.wiki/Arkan_Steel_Jeddah_plant,,,2977.923569172667,
P100000120590,Arvand Jahanara Steel Khouzestan plant,Arvand Jahanara Steel Co,Arvand Jahanara Steel Co [100.0%],Iran,Middle East,Khouzestan,30.510886,48.241356,exact,operating,2,4.0,1200.0,0.0,,,,,EAF; DRI,800,https://www.gem.wiki/Arvand_Jahanara_Steel_Khouzestan_plant,,,2104.3452951174945,
P100000120604,Arvand Kaveh Steel Khoramshahr plant,Arvand Kaveh Steel Co,Arvand Kaveh Steel Co [100.0%],Iran,Middle East,Khuzestan,30.505458,48.272024,exact,announced,1,,0.0,0.0,,,,,DRI; EAF,unknown,https://www.gem.wiki/Arvand_Kaveh_Steel_Khoramshahr_plant,,,2101.353528830544,
P100001045594,ASEAN Steel Hoa Phu steel plant,Asean Steel JSC,Asean Steel JSC [100.0%],Vietnam,Asia Pacific,Dak Lak,12.59912,107.93922,exact,operating,1,,500.0,0.0,,,,,Steel other/unspecified,unknown,https://www.gem.wiki/ASEAN_Steel_Hoa_Phu_steel_plant,,,651.8844785302585,
P100000120825,Ashinskiy Metallurgical plant,Ashinskiy Metzavod PJSC,Ashinskiy Metzavod PJSC [100.0%],Russia,Eurasia,Chelyabinsk,54.99484,57.277548,exact,operating,1,126.0,1000.0,0.0,,,,,EAF,4226,https://www.gem.wiki/Ashinskiy_Metallurgical_plant,,,1956.1370321912466,
P100001080915,Asia United Steel plant,Asia United Steel,Asia United Steel [100.0%],Kazakhstan,Eurasia,Almaty,43.600662,76.317112,approximate,construction,1,,0.0,0.0,,,,,EAF,600,https://www.gem.wiki/Asia_United_Steel_plant,,,296.39450235478506,
P100000120891,Asil Celik Orhangazi steel plant,Asil Celik Sanayi ve Ticaret AŞ,small shareholder(s) [21.7%]; Parsan Makina Parçaları Sanayi AŞ [20.1%]; Güriş Inşaat ve Muhendislik AŞ [19.5%]; Omtaş Otomotiv Transmisyon Aksamı Sanayi ve Ticaret AŞ [5.5%]; Diler Holding AŞ,Türkiye,Europe,Bursa,40.42752,29.270141,exact,operating,1,47.0,730.0,0.0,,,,,EAF,361,https://www.gem.wiki/Asil_Celik_Orhangazi_steel_plant,,,3747.7400496517353,
P100000120564,Atibir Industries Bhorandiha steel plant,Atibir Industries Co Ltd,Sribir Group of Companies,India,Asia Pacific,Jharkhand,24.145239,86.334999,exact,operating,2,17.0,0.0,600.0,,680.0,300.0,300.0,BF; BOF,unknown,https://www.gem.wiki/Atibir_Industries_Bhorandiha_steel_plant,510655890.86209947,3.9236781094455893,4.641210419430883,India
P100000120046,AVB Açailândia steel plant,Aco Verde do Brasil SA,Grupo Ferroeste,Brazil,Central & South America,Maranhão,-4.874373,-47.4073517,exact,operating,1,11.0,600.0,720.0,,,,,BF; BOF,3000,https://www.gem.wiki/AVB_Açailândia_steel_plant,,,12827.415196608576,
P100000120067,AZA Colina steel plant,Aceros AZA SA,Ingenieria e Inversiones Ltda; Inversiones Los Andes SA; Inversiones Reyosan SpA; Matco Cables SpA,Chile,Central & South America,Región Metropolitana,-33.294729,-70.727881,exact,operating,1,26.68,520.0,0.0,,,,,EAF,667,https://www.gem.wiki/AZA_Colina_steel_plant,,,15702.031823514062,
P100000121043,Azerbaijan Integrated Steel Mill Complex,Azerbaijan Integrated Steel Mill Complex,Baku Steel Company QSC; China CAMC Engineering Co Ltd,Azerbaijan,Eurasia,Ganja-Dashkasan,40.721908,46.363526,approximate,cancelled,1,,0.0,0.0,,,,,DRI; EAF,unknown,https://www.gem.wiki/Azerbaijan_Integrated_Steel_Mill_Complex,,,2318.0194699684534,
P100001061353,Azerbaijan Metal Company Shamkir HBI plant,Azerbaijan Metal Company LLC,Fonte GreenMet Investments Fund OEIC LLC [50.0%]; AzerGold CJSC,Azerbaijan,Eurasia,Gazakh-Tovuz,40.8217502,46.0170067,approximate,announced,1,,0.0,0.0,,,,,DRI,1600,https://www.gem.wiki/Azerbaijan_Metal_Company_Shamkir_HBI_plant,,,2346.128123962356,
P100000120605,Azna Steel Lorestan plant,Azna Steel,Azna Steel [100.0%],Iran,Middle East,Lorestan,33.464353,49.391373,exact,construction,2,5.97,0.0,0.0,,,,,EAF,560,https://www.gem.wiki/Azna_Steel_Lorestan_plant,,,2054.767199304979,
P100000120907,Azovstal Iron and Steel Works,MK Azovstal' PrAT,Metinvest BV [100.0%],Ukraine,Europe,Donetsk,47.094724,37.596862,exact,retired,1,,0.0,0.0,,,,,BF; BOF,10702,https://www.gem.wiki/Azovstal_Iron_and_Steel_Works,,,3007.2809763139853,
P100000120606,Bafgh Mineral Complex Iron and Steel Yazd plant,Bafgh Mineral Complex Iron & Steel Co,Bafgh Mineral Complex Iron & Steel Co [100.0%],Iran,Middle East,Yazd,31.699307,55.440187,exact,operating,2,5.0,1200.0,800.0,,,,5000.0,DRI; EAF,4904,https://www.gem.wiki/Bafgh_Mineral_Complex_Iron_and_Steel_Yazd_plant,,,1456.0937063948693,
P100000120384,Baicheng Fuda Bar Rolling Co Ltd,Baicheng Fuda Bar Rolling Co Ltd,Baicheng Fuda Bar Rolling Co Ltd [100.0%],China,Asia Pacific,Jilin,45.593303,122.895588,exact,operating,2,16.31,788.0,0.0,,,,,EAF,30,https://www.gem.wiki/Baicheng_Fuda_Bar_Rolling_Co_Ltd,4030918213.477184,8.484178442533148,3.8713190160247324,China
P100000120016,Baku Steel Company steel plant,Baku Steel Company QSC,Baku Steel Company QSC [100.0%],Azerbaijan,Eurasia,Narimanov,40.43136,49.886867,exact,operating,1,25.0,800.0,0.0,,,,,EAF,2000,https://www.gem.wiki/Baku_Steel_Company_steel_plant,,,2023.9748174281071,
P100000120817,Balakovo Steel Plant,MZ Balakovo JSC,Novostal-M LLC,Russia,Eurasia,Saratov,51.936009,47.81591,exact,operating,2,13.0,1250.0,0.0,,,,,EAF,4100,https://www.gem.wiki/Balakovo_Steel_Plant,,,2398.968905976765,
P100001023581,Baldota Koppal steel plant,Baldota Steel and Power Ltd,Baldota Steel and Power Ltd [100.0%],India,Asia Pacific,Karnataka,15.332616,76.206778,exact,announced,1,0.0,0.0,0.0,,,,,BF; BOF; Iron other/unspecified; Steel other/unspecified,10000,https://www.gem.wiki/Baldota_Koppal_steel_plant,185356174.34875867,1.7830570975814448,4.5564120576102765,India
P100000120864,Bangkok Steel Industry Samut Prakan steel plant,Bangkok Steel Industry PCL,Bangkok Steel Industry PCL [100.0%],Thailand,Asia Pacific,Samut Prakan,13.647672,100.553882,exact,operating,1,62.0,600.0,0.0,,,,,EAF,unknown,https://www.gem.wiki/Bangkok_Steel_Industry_Samut_Prakan_steel_plant,,,811.9702027535861,
P100000120256,Baoshan Iron and Steel Co Ltd Headquarters,Baoshan Iron & Steel Co Ltd,Baoshan Iron & Steel Co Ltd [100.0%],China,Asia Pacific,Shanghai,31.41623,121.440087,exact,operating,1,49.0,19800.0,16800.0,,,,,BF; BOF; EAF; Iron other/unspecified,12859,https://www.gem.wiki/Baoshan_Iron_and_Steel_Co_Ltd_Headquarters,72345769161.90762,826.77781601877,4.900770908949886,China
P100000120779,BaoSteel and SteelAsia Philippines steel plant,SteelAsia Manufacturing Corp,SteelAsia Manufacturing Corp [100.0%],Philippines,Asia Pacific,unknown,12.585909,123.207423,approximate,announced,1,,0.0,0.0,,,,,EAF,2000,https://www.gem.wiki/BaoSteel_and_SteelAsia_Philippines_steel_plant,,,1302.6879488339207,
P100000120336,Baosteel Desheng Stainless Steel Co Ltd,Baosteel Desheng Stainless Steel Co Ltd,China Baowu Steel Group Co Ltd [70.0%]; Fujian Wugang Group Co Ltd [30.0%],China,Asia Pacific,Fujian,26.48747,119.654461,exact,operating,2,15.0,3220.0,4761.0,,2960.0,,,BF; BOF,2155,https://www.gem.wiki/Baosteel_Desheng_Stainless_Steel_Co_Ltd,53661889.35483706,4.512597560270481,6.2649805208647456,China
P100000120289,Baosteel Group Xinjiang Bayi Iron and Steel Co Ltd,Baosteel Group Xinjiang Bayi Iron & Steel Co Ltd,Baosteel Group Xinjiang Bayi Iron & Steel Co Ltd [100.0%],China,Asia Pacific,Xinjiang,43.852147,87.304639,exact,operating,3,30.34,7300.0,7263.0,,,,,BF; BOF; EAF; Iron other/unspecified,3058,https://www.gem.wiki/Baosteel_Group_Xinjiang_Bayi_Iron_and_Steel_Co_Ltd,931469524.817334,94.62030026999606,2.7457203596496,China
P100000120257,Baosteel Special Steel Co Ltd,Baosteel Special Metals Co Ltd,China Baowu Steel Group Co Ltd [100.0%],China,Asia Pacific,Shanghai,31.379422,121.484652,exact,retired,1,65.41,0.0,0.0,,,,,EAF,unknown,https://www.gem.wiki/Baosteel_Special_Steel_Co_Ltd,72345769161.90762,1280.753311052834,2.546448361863095,China
P100000120085,Baosteel Zhanjiang Iron and Steel Co Ltd,Baosteel Zhanjiang Iron & Steel Co Ltd,Baoshan Iron & Steel Co Ltd [90.0%]; Guangdong Hengjian Investment Holding Co Ltd [10.0%],China,Asia Pacific,Guangdong,21.056035,110.48657,exact,operating,1,15.0,14328.0,13250.0,,14488.0,4018.0,,BF; BOF; DRI; EAF,4956,https://www.gem.wiki/Baosteel_Zhanjiang_Iron_and_Steel_Co_Ltd,1178377706.3453572,3.7871052616167664,3.337527518081368,China
P100000121076,Baotou Baoxin Special Steel Co Ltd,Baotou Baoxin Special Steel Co Ltd,Baotou Baoxin Special Steel Co Ltd [100.0%],China,Asia Pacific,Inner Mongolia,41.362925,110.988771,exact,retired,1,17.39,0.0,0.0,,,,,BF; BOF,unknown,https://www.gem.wiki/Baotou_Baoxin_Special_Steel_Co_Ltd,883833.8895358075,0.010052547082109451,2.8730216295858675,China
P100000121143,Baotou Da'an Iron and Steel Co Ltd Kundulun District,Baotou DA AN IRON&STEEL Co Ltd,Baotou DA AN IRON&STEEL Co Ltd [100.0%],China,Asia Pacific,Inner Mongolia,40.715119,109.821653,approximate,cancelled,1,,0.0,0.0,,,,,BF; BOF,unknown,https://www.gem.wiki/Baotou_Da'an_Iron_and_Steel_Co_Ltd_Kundulun_District,16316239267.774508,137.99898446667822,2.6376480439346204,China
P100000120186,Baotou Daan Iron and Steel Co Ltd Hondlon District,Baotou DA AN IRON&STEEL Co Ltd,Baotou DA AN IRON&STEEL Co Ltd [100.0%],China,Asia Pacific,Inner Mongolia,40.662343,109.698333,exact,retired,1,22.81,0.0,0.0,,,,,BF; BOF,3317,https://www.gem.wiki/Baotou_Daan_Iron_and_Steel_Co_Ltd_Hondlon_District,563557793.4713724,115.92623159170353,4.237208706216257,China
P100000121142,Baotou Deshun Special Steel Co Ltd,Baotou Deshun Spec. Steel Co Ltd,Baotou Deshun Spec. Steel Co Ltd [100.0%],China,Asia Pacific,Inner Mongolia,40.9019,110.336253,exact,construction,2,18.9,0.0,0.0,,,,,BF; BOF,unknown,https://www.gem.wiki/Baotou_Deshun_Special_Steel_Co_Ltd,1018690.4685914837,0.03545566982765674,4.4222056413816695,China
P100000120172,Baowu Group Echeng Iron and Steel Co Ltd,Baowu Group Echeng Iron & Steel Co Ltd,China Baowu Steel Group Co Ltd [75.0%]; Guangdong Guangwu Holding Group Co Ltd [25.0%],China,Asia Pacific,Hubei,30.39574,114.861313,exact,operating,1,68.0,4971.0,4263.0,,,,,BF; BOF,5388,https://www.gem.wiki/Baowu_Group_Echeng_Iron_and_Steel_Co_Ltd,14250230836.869875,38.86424715792722,2.65370058528345,China
P100000121040,BAP Al-Khair steel plant,Public Investment Fund (Saudi Arabia); Baoshan Iron & Steel Co Ltd; Saudi Arabian Oil Co,Baoshan Iron & Steel Co Ltd [100.0%]; Public Investment Fund (Saudi Arabia) [100.0%]; Saudi Arabian Oil Co [100.0%],Saudi Arabia,Middle East,Eastern Province,27.502597,49.180369,approximate,construction,1,0.0,0.0,0.0,,,,,DRI; EAF,unknown,https://www.gem.wiki/BAP_Al-Khair_steel_plant,,,1946.7359470067718,
P100000120019,Bashundhara Steel Mirsarai plant,Bashundhara Multi Steel Industries Ltd,Bashundhara Group Ltd,Bangladesh,Asia Pacific,Chittagong,22.719278,91.470382,exact,construction,2,0.0,0.0,0.0,,,,,DRI; EAF,3000,https://www.gem.wiki/Bashundhara_Steel_Mirsarai_plant,,,36.584272197815054,
P100000120223,Bengang Steel Plates Co Ltd,Bengang Steel Plates Co Ltd,Bengang Steel Plates Co Ltd [100.0%],China,Asia Pacific,Liaoning,41.274132,123.722099,exact,operating,4,28.65,13440.0,12841.0,,,,,BF; BOF; EAF,17044,https://www.gem.wiki/Bengang_Steel_Plates_Co_Ltd,10302505895.931911,39.78858125536222,2.263767432779187,China
P100000120435,Benteler Steel Tube Lingen plant,Benteler Steel/Tube GmbH,Benteler International AG,Germany,Europe,Lower Saxony,52.467622,7.317169,exact,operating,1,52.0,650.0,0.0,,,,,EAF,260,https://www.gem.wiki/Benteler_Steel_Tube_Lingen_plant,,,5116.580710782113,
P100000120224,Benxi Beiying Iron and Steel Group Co Ltd Beitai Town,Benxi Beiying Iron & Steel (GROUP) Co Ltd,Ansteel Group Co Ltd [46.5%]; Bengang Group Co Ltd [27.7%]; Liaoning Huida Enterprise Management Co Ltd [8.2%]; China Minmetals Corp [7.0%]; unknown [6.4%]; Beijing Jianlong Investment Co Ltd [2.9%]; Fushun State-Owned Assets Management Co Ltd [1.3%],China,Asia Pacific,Liaoning,41.224814,123.608374,exact,operating,3,23.88,2600.0,7800.0,,,,,BF; BOF,18675,https://www.gem.wiki/Benxi_Beiying_Iron_and_Steel_Group_Co_Ltd_Beitai_Town,423489077.5911907,38.10186946597005,2.300484556328499,China
P100000121253,BER-PIG Iron and Steel Company Redcliff plant,Berhard Development Corporation (Private) Ltd,Berhard Development Corporation (Private) Ltd [100.0%],Zimbabwe,Africa,Midlands,-19.055102,29.782424,approximate,announced,1,1.55,0.0,0.0,,1200.0,,,BF,1000,https://www.gem.wiki/BER-PIG_Iron_and_Steel_Company_Redcliff_plant,,,5999.558856604225,
P100001062088,Bhagyalaxmi Metals Mul steel plant,Bhagyalaxmi Metals Pvt Ltd,Bhagyalaxmi Metals Pvt Ltd [100.0%],India,Asia Pacific,Maharashtra,20.088919,79.71792,exact,announced,1,,0.0,0.0,,,,,DRI; IF,unknown,https://www.gem.wiki/Bhagyalaxmi_Metals_Mul_steel_plant,20100548.68457569,0.14989116350809,4.135018520071528,India
P100000120002,BILDCO Abu Dhabi steel plant,Abu Dhabi National for Building Materials Co PJSC,Abu Dhabi National for Building Materials Co PJSC [100.0%],United Arab Emirates,Middle East,Abu Dhabi,24.37872,54.475153,exact,operating,1,,1000.0,0.0,,,,,EAF,unknown,https://www.gem.wiki/BILDCO_Abu_Dhabi_steel_plant,,,1394.218392624897,
P100000120471,Blastr Inkoo steel plant,Blastr Green Steel AS,Vanir Green Industries AS,Finland,Europe,Uusimaa,60.0175,23.9126,exact,announced,1,0.0,0.0,0.0,,,,,DRI; EAF,1200,https://www.gem.wiki/Blastr_Inkoo_steel_plant,,,3994.312012767596,
P100000120761,BlueScope New Zealand Steel Glenbrook,New Zealand Steel Ltd,BlueScope Steel Ltd [100.0%],New Zealand,Asia Pacific,South Auckland,-37.206878,174.728098,exact,operating,2,57.0,1320.0,652.0,,,,,DRI; EAF; BOF,1400,https://www.gem.wiki/BlueScope_New_Zealand_Steel_Glenbrook,,,7881.22470398931,
P100000120937,BlueScope North Star Steel plant,North Star BlueScope Steel Ltd,BlueScope Steel Ltd [100.0%],United States,North America,Ohio,41.568783,-84.048129,exact,operating,1,30.0,3034.0,0.0,,,,,EAF,400,https://www.gem.wiki/BlueScope_North_Star_Steel_plant,,,9113.105460314238,
P100000120012,BlueScope Port Kembla steel plant,BlueScope Steel Ltd,BlueScope Steel Ltd [100.0%],Australia,Asia Pacific,New South Wales,-34.463834,150.886191,exact,operating,3,98.0,3200.0,3000.0,,,,,BOF; BF,3000,https://www.gem.wiki/BlueScope_Port_Kembla_steel_plant,,,6864.36416351316,
P100000120995,BlueScope Steel EAF plant,BlueScope Steel Ltd,BlueScope Steel Ltd [100.0%],United States,North America,unknown,39.815712,-101.275181,approximate,announced,1,,0.0,0.0,,,,,EAF,unknown,https://www.gem.wiki/BlueScope_Steel_EAF_plant,,,8538.819781909158,
P100000120512,BMM Ispat Danapur steel plant,BMM Ispat Ltd,JSW Projects Ltd [58.5%]; natural person(s) [41.5%],India,Asia Pacific,Karnataka,15.16972,76.37971,exact,operating,1,20.0,2208.0,1640.0,,2500.0,800.0,2400.0,BF; BOF; DRI; EAF; IF,300,https://www.gem.wiki/BMM_Ispat_Danapur_steel_plant,326466748.184155,2.1917445087997494,4.323253166412142,India
P100000120617,Bonab Steel Complex,Bonab Steel Complex,Tourism Financial Group,Iran,Middle East,East Azerbaijan,37.417437,46.035778,exact,operating,2,21.0,1000.0,0.0,,,,,EAF; IF; DRI,unknown,https://www.gem.wiki/Bonab_Steel_Complex,,,2405.378072914301,
P100001061667,BPA Metallics Raigarh steel plant,BPA Metallics Pvt Ltd,BPA Metallics Pvt Ltd [100.0%],India,Asia Pacific,Chhattisgarh,21.926993,83.374089,approximate,announced,1,,0.0,0.0,,,,,DRI; Steel other/unspecified,unknown,https://www.gem.wiki/BPA_Metallics_Raigarh_steel_plant,400367384.08294696,3.2773210832347166,3.4861521558449913,India
P100000120483,British Steel Scunthorpe plant,British Steel Ltd,Jingye Steel (Uk) Holding Ltd,United Kingdom,Europe,England,53.580827,-0.616509,exact,operating pre-retirement,3,162.0,4500.0,3000.0,,,,,EAF; BF; BOF,3000,https://www.gem.wiki/British_Steel_Scunthorpe_plant,,,5599.872133334981,
P100000121223,British Steel Teesside plant,British Steel Ltd,Jingye Steel (Uk) Holding Ltd,United Kingdom,Europe,England,54.589435,-1.133055,exact,cancelled,1,,0.0,0.0,,,,,EAF,unknown,https://www.gem.wiki/British_Steel_Teesside_plant,,,5589.316906211442,
P100000120022,BSRM Ltd Mirsarai steel plant,Bangladesh Steel Re-Rolling Mills Ltd,Bangladesh Steel Re-Rolling Mills Ltd [100.0%],Bangladesh,Asia Pacific,Chattogram,22.870631,91.545862,exact,operating,1,9.72,1150.0,0.0,,,,,IF,1250,https://www.gem.wiki/BSRM_Ltd_Mirsarai_steel_plant,,,19.023149192146295,
P100000120021,BSRM Steels Mirsarai plant,BSRM Steels Ltd,BSRM Steels Ltd [100.0%],Bangladesh,Asia Pacific,Chattogram,22.873774,91.545562,exact,operating,1,7.0,770.0,0.0,,,,,IF,1250,https://www.gem.wiki/BSRM_Steels_Mirsarai_plant,,,18.67307289021732,
P100000120592,Butia Iranian Steel Kerman plant,Butia Iranian Steel Co,Mabna Khavar Miyaneh Co; Pars Aryan Investment Co; Pasargad Arzesh Afarinan Co; Rahbord Sarmaye Iranian Co; small shareholder(s); Tejarat Pishegan Mihan Negar Pars Co,Iran,Middle East,Kerman,30.4912,56.8214,exact,operating,1,15.0,1500.0,2000.0,,,,2500.0,DRI; EAF,700,https://www.gem.wiki/Butia_Iranian_Steel_Kerman_plant,,,1293.7721323891012,
P100000120056,Byelorussian Steel Works,BMZ-Upravlyayushchaya Kompaniya Kholdinga BMK JSC,BMZ-Upravlyayushchaya Kompaniya Kholdinga BMK JSC [100.0%],Belarus,Europe,Gomel Region,52.849321,29.988985,exact,operating,1,42.0,3000.0,0.0,,,,,EAF,11789,https://www.gem.wiki/Byelorussian_Steel_Works,,,3593.9623027956027,
P100001047724,Cag Celik steel plant,Çağ Çelik Iron and Steel Inc,Çağ Çelik Iron and Steel Inc [100.0%],Türkiye,Europe,Karabük,41.23542,32.645679,exact,announced,1,,0.0,0.0,,,,,EAF,350,https://www.gem.wiki/Cag_Celik_steel_plant,,,3451.5509780527805,
P100000121154,Cambodia Iron and Steel Preah Vihear Plant,Cambodia Iron & Steel Mining Industry Group Co Ltd,Cambodia Iron & Steel Mining Industry Group Co Ltd [100.0%],Cambodia,Asia Pacific,Preah Vihear,13.366642,105.118129,exact,cancelled,1,,0.0,0.0,,,,,BF; BOF,unknown,https://www.gem.wiki/Cambodia_Iron_and_Steel_Preah_Vihear_Plant,,,691.6129935791796,
P100000120125,Cangzhou China Railway Equipment Manufacture Material Co Ltd,Cangzhou China Railway Equipment Manufacturing Materials Co Ltd,China Railway Materials Group Holdings Ltd [49.0%]; Shuangyao Investment Co Ltd [25.0%]; Hebei Xinhua United Metallurgical Holding Group Co Ltd [15.6%]; Sinogiant Steel HOLDINGS Group Ltd [9.4%]; unknown [1.0%],China,Asia Pacific,Hebei,38.289221,117.814367,exact,operating,1,20.0,7500.0,7100.0,,5775.0,988.0,,BF; BOF,10100,https://www.gem.wiki/Cangzhou_China_Railway_Equipment_Manufacture_Material_Co_Ltd,477468708.0493724,5.40813344460381,1.9997405742411747,China
P100000120385,Cangzhou Lingang Sanling Metal Co Ltd,Cangzhou Lingang Sanling Metal Co Ltd,Cangzhou Lingang Sanling Metal Co Ltd [100.0%],China,Asia Pacific,Hebei,38.311738,117.457779,exact,operating,2,31.0,1000.0,0.0,,,,,EAF,240,https://www.gem.wiki/Cangzhou_Lingang_Sanling_Metal_Co_Ltd,90759574.23978685,7.571902942512999,2.2323541934157154,China
P100000120066,CAP Acero Huachipato steel plant,Compania Siderurgica Huachipato SA,CAP SA [100.0%],Chile,Central & South America,Concepción,-36.746421,-73.129171,exact,retired,1,74.71,0.0,0.0,,,500.0,,BF; BOF,1193,https://www.gem.wiki/CAP_Acero_Huachipato_steel_plant,,,15652.4797586403,
P100001082544,Captain Steel Debipur steel plant,Captain Steel India Ltd,Captain Steel India Ltd [100.0%],India,Asia Pacific,West Bengal,23.782149607591688,86.83591234561024,exact,operating,2,4.0,208.0,0.0,,,,,IF,1000,https://www.gem.wiki/Captain_Steel_Debipur_steel_plant,3502964540.9216847,44.24969194419705,4.115518237278131,India
P100001023577,Captain Steel Garbeta steel plant,Captain Steel India Ltd,Captain Steel India Ltd [100.0%],India,Asia Pacific,West Bengal,22.855859,87.345018,approximate,announced,1,0.0,0.0,0.0,,,,,Iron other/unspecified; Steel other/unspecified,unknown,https://www.gem.wiki/Captain_Steel_Garbeta_steel_plant,218626361.52550003,1.8065151632941001,3.737166333717496,India
P100000120984,Cascade Steel Rolling Mills,Cascade Steel Rolling Mills Inc,Radius Recycling Inc [100.0%],United States,North America,Oregon,45.228035,-123.163599,exact,operating,1,58.0,860.0,0.0,,,,,EAF,280,https://www.gem.wiki/Cascade_Steel_Rolling_Mills,,,6802.2333442461995,
P100000120892,Cebitas steel plant,Çebitaş Demir Çelik Endüstrisi AŞ,Çebitaş Demir Çelik Endüstrisi AŞ [100.0%],Türkiye,Europe,İzmir,38.74074,26.951743,exact,operating,1,37.0,860.0,0.0,,,,,EAF,450,https://www.gem.wiki/Cebitas_steel_plant,,,3986.9028965246225,
P100000120456,Celsa Barcelona Castellbisbal steel plant,Compania Espanola de Laminacion SL,Anchorage Capital Advisors LP; Anchorage Capital Group LLC; Attestor Services Ltd; Deutsche Bank AG; GoldenTree Asset Management LP; Midwood Holdings LLC; Strategic Value Partners LLC,Spain,Europe,Barcelona,41.454855,1.980107,exact,operating,1,69.0,2500.0,0.0,,,,,EAF,850,https://www.gem.wiki/Celsa_Barcelona_Castellbisbal_steel_plant,,,5884.605046259671,
P100000120474,Celsa France Boucau steel plant,Celsa France SAS,Anchorage Capital Advisors LP; Anchorage Capital Group LLC; Attestor Services Ltd; Deutsche Bank AG; GoldenTree Asset Management LP; Midwood Holdings LLC; Strategic Value Partners LLC,France,Europe,Nouvelle-Aquitaine,43.529693,-1.500971,exact,operating,1,61.0,1200.0,0.0,,,,,EAF,311,https://www.gem.wiki/Celsa_France_Boucau_steel_plant,,,6051.138888146899,
P100000120462,Celsa Global Steel Wire Santander plant,Global Steel Wire SA,Anchorage Capital Advisors LP; Anchorage Capital Group LLC; Attestor Services Ltd; Deutsche Bank AG; GoldenTree Asset Management LP; Midwood Holdings LLC; Strategic Value Partners LLC,Spain,Europe,Cantabria,43.445344,-3.839228,exact,operating,1,127.0,750.0,0.0,,,,,EAF,650,https://www.gem.wiki/Celsa_Global_Steel_Wire_Santander_plant,,,6226.359248513695,
P100000120788,Celsa Huta Ostrowiec steel plant,Celsa Huta Ostrowiec SP zoo,Anchorage Capital Advisors LP; Anchorage Capital Group LLC; Attestor Services Ltd; Deutsche Bank AG; GoldenTree Asset Management LP; Midwood Holdings LLC; Strategic Value Partners LLC,Poland,Europe,Świętokrzyskie,50.947305,21.448763,exact,operating,1,213.0,1220.0,0.0,,,,,EAF,1804,https://www.gem.wiki/Celsa_Huta_Ostrowiec_steel_plant,,,4177.066752767812,
P100000120467,Celsa Nervacero steel plant,Nervacero SA,Anchorage Capital Advisors LP; Anchorage Capital Group LLC; Attestor Services Ltd; Deutsche Bank AG; GoldenTree Asset Management LP; Midwood Holdings LLC; Strategic Value Partners LLC,Spain,Europe,Vizcaya,43.30806,-3.026309,exact,operating,1,55.0,1000.0,0.0,,,,,EAF,330,https://www.gem.wiki/Celsa_Nervacero_steel_plant,,,6173.405249175484,
P100000120784,Century Steel Khyber plant,Century Steel Pte Ltd,Century Steel Pte Ltd [100.0%],Pakistan,Asia Pacific,Khyber Pakhtunkhwa,34.072714,72.141584,exact,construction,2,,0.0,0.0,,,,,Steel other/unspecified; Iron other/unspecified,1000,https://www.gem.wiki/Century_Steel_Khyber_plant,,,155.38740896557346,
P100000120690,Ch'ollima Steel Complex steel plant,Government of North Korea,Government of North Korea [100.0%],North Korea,Asia Pacific,South Pyongan,38.926348,125.582628,exact,operating,2,70.0,752.0,0.0,,,,,EAF,8000,https://www.gem.wiki/Ch'ollima_Steel_Complex_steel_plant,,,159.54946389415935,
P100000120687,Ch'ŏngjin Ironworks steel plant,Government of North Korea,Government of North Korea [100.0%],North Korea,Asia Pacific,North Hamgyeong,41.777936,129.792399,exact,operating,1,84.0,2000.0,1699.0,,,,,BF; BOF; DRI; EAF,unknown,https://www.gem.wiki/Ch'ŏngjin_Ironworks_steel_plant,,,69.54083870264509,
P100000121225,Chadormalu Mining and Industrial Company Yazd steel plant,Chadormalu Mining & Industrial Co,Chadormalu Mining & Industrial Co [100.0%],Iran,Middle East,Yazd,32.387328,53.747706,exact,operating,1,9.0,1200.0,1586.0,,,,4000.0,DRI; EAF,unknown,https://www.gem.wiki/Chadormalu_Mining_and_Industrial_Company_Yazd_steel_plant,,,1630.9652300200983,
P100001023452,Chan May green steel plant,unknown,unknown [100.0%],Vietnam,Asia Pacific,Thua Thien-Hue,16.3354,108.0248,approximate,announced,1,,0.0,0.0,,,,,Steel other/unspecified,unknown,https://www.gem.wiki/Chan_May_green_steel_plant,,,251.15900639027245,
P100001064089,Changli Xingguo Precision Machinery Co Ltd,Changli Xingguo Precision Machinery Co Ltd,Changli Xingguo Precision Machinery Co Ltd [100.0%],China,Asia Pacific,Hebei,39.704921,118.897417,exact,operating,1,30.47,0.0,1100.0,,,,,BF,840,https://www.gem.wiki/Changli_Xingguo_Precision_Machinery_Co_Ltd,853581286.6142415,12.722598592822267,1.95484221418347,China
P100000120194,Changshu Longteng Special Steel Co Ltd,Changshu Longteng Special Steel Co Ltd,Changshu Longteng Special Steel Co Ltd [100.0%],China,Asia Pacific,Jiangsu,31.723833,120.835685,exact,operating,2,31.75,3203.0,1040.0,,,,,BF; BOF; EAF,3469,https://www.gem.wiki/Changshu_Longteng_Special_Steel_Co_Ltd,9736930825.62187,104.9481692199524,4.098751288423972,China
P100000120265,Changzhi Xingbao Steel Co Ltd,Lucheng Xingbao Iron & Steel Co Ltd,Lucheng Xingbao Iron & Steel Co Ltd [100.0%],China,Asia Pacific,Shanxi,36.332449,113.15509,exact,operating,1,22.85,1900.0,1370.0,,,,,BF; BOF,1154,https://www.gem.wiki/Changzhi_Xingbao_Steel_Co_Ltd,2719454994.077153,42.05126745126544,5.2757247809853896,China
P100000120201,Changzhou Eastern Special Steel Co Ltd,Changzhou Dongfang Special Steel Co Ltd,Changzhou Dongrun Special Steel Co Ltd [90.0%]; natural person(s) [10.0%],China,Asia Pacific,Jiangsu,31.602554,119.724256,exact,operating,2,16.09,3300.0,1560.0,,,,,EAF; BF; BOF,2589,https://www.gem.wiki/Changzhou_Eastern_Special_Steel_Co_Ltd,1518567272.309646,46.633302332504144,2.9159584460220476,China
P100000120986,Charter Steel Cleveland plant,Charter Manufacturing Co Inc,Charter Manufacturing Co Inc [100.0%],United States,North America,Ohio,41.443147,-81.659911,exact,operating,1,20.0,635.0,0.0,,,,,EAF,410,https://www.gem.wiki/Charter_Steel_Cleveland_plant,,,9179.73927856229,
P100000120985,Charter Steel Saukville plant,Charter Manufacturing Co Inc,Charter Manufacturing Co Inc [100.0%],United States,North America,Wisconsin,43.400533,-87.9482,exact,operating,1,35.0,570.0,0.0,,,,,EAF,345,https://www.gem.wiki/Charter_Steel_Saukville_plant,,,8820.452532335701,
P100000120105,Chengde Iron and Steel Group Co Ltd,Chengde Street Ltd,HBIS Group Co Ltd [100.0%],China,Asia Pacific,Hebei,40.947707,117.719747,exact,operating,1,72.0,8000.0,8106.0,,,,,BF; BOF,12588,https://www.gem.wiki/Chengde_Iron_and_Steel_Group_Co_Ltd,896245650.7992102,7.714081987988085,1.5214853232065078,China
P100000120123,Chengde Jianlong Special Steel Co Ltd,Chengde Jianlong SPECIAL Steel Co Ltd,Beijing Jianlong Investment Co Ltd [90.2%]; unknown [9.8%],China,Asia Pacific,Hebei,40.515035,117.596071,exact,operating,1,25.0,4400.0,2191.0,,1232.0,,573.0,BF; BOF,3834,https://www.gem.wiki/Chengde_Jianlong_Special_Steel_Co_Ltd,277866579.7444777,0.9322668822339446,3.840234408819619,China
P100000120154,Chengde Shengfeng Iron and Steel Co Ltd,Chengde Shengfeng Iron & Steel Co Ltd,Chengde Shengfeng Iron & Steel Co Ltd [100.0%],China,Asia Pacific,Hebei,40.622466,118.490845,exact,retired,1,17.0,0.0,0.0,,,,,BF; BOF,50,https://www.gem.wiki/Chengde_Shengfeng_Iron_and_Steel_Co_Ltd,714450516.0938448,1.7413770612337791,2.7583211363754554,China
P100000120153,Chengde Zhaofeng Steel Group Co Ltd,Chengde Zhaofeng Steel Group Co Ltd,Chengde Zhaofeng Steel Group Co Ltd [100.0%],China,Asia Pacific,Hebei,40.593875,118.633334,exact,retired,1,19.0,0.0,0.0,,,,10000.0,BF; BOF,171,https://www.gem.wiki/Chengde_Zhaofeng_Steel_Group_Co_Ltd,25938154.368309747,1.7732125935271337,3.53172128557056,China
P100000120329,Chengdu Changfeng Iron and Steel Group Co Ltd,Chengdu Changfeng Steel Group Co Ltd,Chengdu Changfeng Steel Group Co Ltd [100.0%],China,Asia Pacific,Sichuan,31.031921,103.672956,exact,operating,2,56.0,1500.0,0.0,,,,,EAF,1020,https://www.gem.wiki/Chengdu_Changfeng_Iron_and_Steel_Group_Co_Ltd,846260426.3465284,16.03347252369645,3.5405253586582166,China
P100000120279,Chengyu Vanadium and Titanium Technology Co Ltd,Chengyu Vanadium & Titanium Technology Co Ltd,Grand Royal Co Ltd [45.2%]; Sichuan Jintong Investment Co Ltd [14.0%]; unknown [11.7%]; Sichuan Chuanwei Group Co Ltd Labor Union [9.5%]; Sichuan Chuanwei Group Co Ltd [8.6%]; Sichuan Yiweili Investment Co Ltd [6.0%]; Weiyuan Tianyue Enterprise Management Co Ltd [5.0%],China,Asia Pacific,Sichuan,29.732143,104.504339,exact,operating,3,19.46,6050.0,5000.0,,,1100.0,,BF; BOF; EAF,5350,https://www.gem.wiki/Chengyu_Vanadium_and_Titanium_Technology_Co_Ltd,69319122.10205877,0.46189257784154847,4.472458161908064,China
P100000120183,Chifeng Yuanlian Steel Co Ltd,Chifeng Yuanlian Steel Co Ltd,Tangshan Jiaqi International Trade Co Ltd [90.0%]; Chifeng Yuanjian Iron and Steel Industry Co Ltd [10.0%],China,Asia Pacific,Inner Mongolia,42.278115,119.015289,exact,operating,1,23.53,2450.0,2310.0,,,,,BF; BOF,4407,https://www.gem.wiki/Chifeng_Yuanlian_Steel_Co_Ltd,1995635766.3421109,37.1566123817631,2.641811181200093,China
P100000120327,Chifeng Zhongtang Special Steel Co Ltd,Chifeng Zhongtang Special Steel Co Ltd,Tangshan Jinma Iron & Steel Group Co Ltd [83.7%]; Hainan Mingbo Investment Co Ltd [16.0%]; unknown [0.3%],China,Asia Pacific,Inner Mongolia,41.834064,119.281883,exact,operating,1,4.0,2700.0,2740.0,,,,,BF; BOF,unknown,https://www.gem.wiki/Chifeng_Zhongtang_Special_Steel_Co_Ltd,14520160.651008502,0.19564991954064595,4.62343712317457,China
P100000120686,China Baowu Phnom Penh steel plant,Xinjiang Bayi Steel Southern Xinjiang Steel Baicheng Co Ltd,China Baowu Steel Group Co Ltd [100.0%],Cambodia,Asia Pacific,Phnom Penh,11.56703,104.863893,approximate,cancelled,1,,0.0,0.0,,,,,BF; BOF,unknown,https://www.gem.wiki/China_Baowu_Phnom_Penh_steel_plant,,,878.4197239563412,
P100000120897,China Steel Xiaogang steel plant,China Steel Corp,China Steel Corp [100.0%],Taiwan,Asia Pacific,Kaohsiung,22.555442,120.349252,exact,operating,3,55.0,10000.0,11020.0,,,,,BF; BOF; EAF,17434,https://www.gem.wiki/China_Steel_Xiaogang_steel_plant,,,289.52376390512836,
P100000121041,Chizhou Guichi Guihang Metal Products Co Ltd,Chizhou Guichi Guihang Metal Products Co Ltd,Chizhou Guichi Guihang Metal Products Co Ltd [100.0%],China,Asia Pacific,Anhui,30.532786,117.25166,exact,operating,2,26.0,1000.0,0.0,,,,,EAF,247,https://www.gem.wiki/Chizhou_Guichi_Guihang_Metal_Products_Co_Ltd,189683194.67400867,8.899067226733427,3.9567278594896065,China
P100000120286,Chongli Steel Manufacturing Co Ltd,Chongli Steel Manufacturing Co Ltd,British Asia Pan Ruogen International Co Ltd [59.2%]; unknown [40.8%],China,Asia Pacific,Hebei,36.602468,113.755744,exact,retired,1,14.0,0.0,0.0,,800.0,,,BF; BOF,2711,https://www.gem.wiki/Chongli_Steel_Manufacturing_Co_Ltd,475205331.7791578,4.748819416086411,4.06903973214916,China
P100000120074,Chongqing Iron and Steel Co Ltd,Chongqing Iron & Steel Co Ltd,Chongqing Iron & Steel Co Ltd [100.0%],China,Asia Pacific,Chongqing,29.790253,107.040368,exact,operating,1,29.0,8400.0,9735.0,,,,,BF; BOF,5341,https://www.gem.wiki/Chongqing_Iron_and_Steel_Co_Ltd,3087923383.6047015,9.498498839323997,0.20103502426437142,China
P100001064274,Chongqing Pengcheng Steel Co Ltd,Chongqing Pengcheng Steel Co Ltd,Chongqing Pengcheng Steel Co Ltd [100.0%],China,Asia Pacific,Chongqing,29.259699,106.214031,approximate,operating,1,27.67,520.0,0.0,,,,,EAF,285,https://www.gem.wiki/Chongqing_Pengcheng_Steel_Co_Ltd,3649329774.430953,17.252369474511024,3.5973445531032415,China
P100000120409,Chongqing Yonghang Steel Group Co Ltd,Chongqing Yonghang Steel Group Co Ltd,Chongqing Yonghang Steel Group Co Ltd [100.0%],China,Asia Pacific,Chongqing,29.836163,106.988138,exact,operating,1,23.0,700.0,0.0,,,,,EAF,241,https://www.gem.wiki/Chongqing_Yonghang_Steel_Group_Co_Ltd,476620864.0503676,9.03991784104774,5.187559200553067,China
P100001064279,Chongqing Yuxi Iron & Steel (Group) Co Ltd,Chongqing Yuxi Iron & Steel (Group) Co Ltd,Chongqing Yuxi Iron & Steel (Group) Co Ltd [100.0%],China,Asia Pacific,Chongqing,29.488759,105.862658,exact,operating,1,25.97,260.0,1000.0,,,,,BF; EAF,1000,https://www.gem.wiki/Chongqing_Yuxi_Iron_&_Steel_(Group)_Co_Ltd,157576554.0679347,11.223182376781105,3.5879463889204746,China
P100000120317,Chongqing Zuhang Iron and Steel Co Ltd,Chongqing Zuhang Steel Co Ltd,Chongqing Zuhang Steel Co Ltd [100.0%],China,Asia Pacific,Chongqing,29.440056,105.741929,exact,operating pre-retirement,2,18.0,1010.0,0.0,,,,,EAF,463,https://www.gem.wiki/Chongqing_Zuhang_Iron_and_Steel_Co_Ltd,419108487.0652244,10.410146660064045,3.8356713172209638,China
P100000121168,Chow Steel Kabinburi steel plant,Chow Steel Industries PCL,Chow Steel Industries PCL [100.0%],Thailand,Asia Pacific,Prachinburi,14.074757,101.84215,exact,operating,1,21.0,730.0,0.0,,,,,IF,unknown,https://www.gem.wiki/Chow_Steel_Kabinburi_steel_plant,,,793.2355047506819,
P100000120683,Chubu Steel Plate Nagoya plant,Chubu Steel Plate Co Ltd,Chubu Steel Plate Co Ltd [100.0%],Japan,Asia Pacific,Chūbu,35.118836,136.867567,exact,operating,2,67.0,800.0,0.0,,,,,EAF,372,https://www.gem.wiki/Chubu_Steel_Plate_Nagoya_plant,176716694372.9768,1425.2270228839936,0.9627021490314172,Japan
P100000120923,Cleveland-Cliffs Burns Harbor steel plant,Cleveland-Cliffs Inc,Cleveland-Cliffs Inc [100.0%],United States,North America,Indiana,41.631221,-87.143846,exact,operating,1,62.0,5001.0,4960.0,,2800.0,1877.0,,BF; BOF,4039,https://www.gem.wiki/Cleveland-Cliffs_Burns_Harbor_steel_plant,,,9027.929115405168,
P100000120919,Cleveland-Cliffs Butler steel plant,Cleveland-Cliffs Inc,Cleveland-Cliffs Inc [100.0%],United States,North America,Pennsylvania,40.845524,-79.921452,exact,operating,1,118.0,908.0,0.0,,,,,EAF,1300,https://www.gem.wiki/Cleveland-Cliffs_Butler_steel_plant,,,9280.146116053564,
P100000120927,Cleveland-Cliffs Cleveland steel plant,Cleveland-Cliffs Inc,Cleveland-Cliffs Inc [100.0%],United States,North America,Ohio,41.464041,-81.676499,exact,operating,1,113.0,4100.0,2810.0,,,,,BF; BOF,2100,https://www.gem.wiki/Cleveland-Cliffs_Cleveland_steel_plant,,,9177.139446125071,
P100000120924,Cleveland-Cliffs Coatesville steel plant,Cleveland-Cliffs Inc,Cleveland-Cliffs Inc [100.0%],United States,North America,Pennsylvania,39.977819,-75.824512,exact,operating,1,216.0,800.0,0.0,,,,,EAF,754,https://www.gem.wiki/Cleveland-Cliffs_Coatesville_steel_plant,,,9450.179189067678,
P100000120920,Cleveland-Cliffs Dearborn steel plant,Cleveland-Cliffs Inc,Cleveland-Cliffs Inc [100.0%],United States,North America,Michigan,42.308171,-83.161353,exact,mothballed,1,106.0,0.0,0.0,,,,,BF; BOF,581,https://www.gem.wiki/Cleveland-Cliffs_Dearborn_steel_plant,,,9054.209417697182,
P100000120926,Cleveland-Cliffs Indiana Harbor steel plant,Cleveland-Cliffs Inc,Cleveland-Cliffs Inc [100.0%],United States,North America,Indiana,41.669553,-87.438429,exact,operating,2,125.0,6800.0,4200.0,,2300.0,,,BF; BOF; EAF,3431,https://www.gem.wiki/Cleveland-Cliffs_Indiana_Harbor_steel_plant,,,9015.962208007088,
P100000120061,Cleveland-Cliffs Lake Erie steel plant,Cleveland-Cliffs Inc,Cleveland-Cliffs Inc [100.0%],Canada,North America,Ontario,42.805448,-80.095313,exact,operating,1,46.0,2500.0,2400.0,,,650.0,,BF; BOF,1250,https://www.gem.wiki/Cleveland-Cliffs_Lake_Erie_steel_plant,,,9065.136504566424,
P100000120971,Cleveland-Cliffs Mansfield Works,Cleveland-Cliffs Inc,Cleveland-Cliffs Inc [100.0%],United States,North America,Ohio,40.790123,-82.526239,exact,operating,1,102.0,546.0,0.0,,,,,EAF,413,https://www.gem.wiki/Cleveland-Cliffs_Mansfield_Works,,,9230.992655274786,
P100000120921,Cleveland-Cliffs Middletown steel plant,Cleveland-Cliffs Inc,Cleveland-Cliffs Inc [100.0%],United States,North America,Ohio,39.488589,-84.386197,exact,operating,2,125.0,3000.0,2090.0,,,,,BOF; DRI; BF,2363,https://www.gem.wiki/Cleveland-Cliffs_Middletown_steel_plant,,,9326.530964900769,
P100000120922,Cleveland-Cliffs Riverdale steel plant,Cleveland-Cliffs Inc,Cleveland-Cliffs Inc [100.0%],United States,North America,Illinois,41.657321,-87.625702,exact,mothballed,1,109.0,0.0,0.0,,,,,BOF,305,https://www.gem.wiki/Cleveland-Cliffs_Riverdale_steel_plant,,,9012.170107018643,
P100000120925,Cleveland-Cliffs Steelton steel plant,Cleveland-Cliffs Inc,Cleveland-Cliffs Inc [100.0%],United States,North America,Pennsylvania,40.23072,-76.838506,exact,retired,1,160.0,0.0,0.0,,,,,EAF,577,https://www.gem.wiki/Cleveland-Cliffs_Steelton_steel_plant,,,9405.084084177053,
P100000120969,Cleveland-Cliffs Toledo DRI plant,Cleveland-Cliffs Inc,Cleveland-Cliffs Inc [100.0%],United States,North America,Ohio,41.672816,-83.477833,exact,operating,1,6.0,0.0,1900.0,,,,,DRI,166,https://www.gem.wiki/Cleveland-Cliffs_Toledo_DRI_plant,,,9115.074209743127,
P100000120991,CMC Alabama steel plant,Commercial Metals Co,Commercial Metals Co [100.0%],United States,North America,Alabama,33.534372,-86.75773,exact,operating,1,32.0,653.0,0.0,,,,,EAF,409,https://www.gem.wiki/CMC_Alabama_steel_plant,,,9887.49470024492,
P100000120994,CMC Arizona steel plant,Commercial Metals Co,Commercial Metals Co [100.0%],United States,North America,Arizona,33.285828,-111.586561,exact,operating,1,17.0,890.0,0.0,,,,,EAF,558,https://www.gem.wiki/CMC_Arizona_steel_plant,,,8414.798954256388,
P100000120992,CMC South Carolina steel plant,Commercial Metals Co,Commercial Metals Co [100.0%],United States,North America,South Carolina,33.962272,-81.052011,exact,operating,1,34.0,776.0,0.0,,,,,EAF,487,https://www.gem.wiki/CMC_South_Carolina_steel_plant,,,9998.243322525452,
P100000120989,CMC Steel Florida plant,Commercial Metals Co,Commercial Metals Co [100.0%],United States,North America,Florida,30.282907,-81.978735,exact,operating,1,52.0,617.0,0.0,,,,,EAF,387,https://www.gem.wiki/CMC_Steel_Florida_plant,,,10370.260757828742,
P100000120990,CMC Steel New Jersey plant,Commercial Metals Co,Commercial Metals Co [100.0%],United States,North America,New Jersey,40.478824,-74.321187,exact,operating,1,32.0,653.0,0.0,,,,,EAF,426,https://www.gem.wiki/CMC_Steel_New_Jersey_plant,,,9419.910111238205,
P100000120929,CMC Steel Texas plant,Commercial Metals Co,Commercial Metals Co [100.0%],United States,North America,Texas,29.577459,-98.032017,exact,operating,1,44.0,943.0,0.0,,,,,EAF,591,https://www.gem.wiki/CMC_Steel_Texas_plant,,,9591.816422893517,
P100000120993,CMC Tennessee steel plant,Commercial Metals Co,Commercial Metals Co [100.0%],United States,North America,Tennessee,35.978104,-83.956572,exact,operating,1,26.0,544.0,0.0,,,,,EAF,933,https://www.gem.wiki/CMC_Tennessee_steel_plant,,,9710.797334781084,
P100001061378,CMC West Virginia steel plant,Commercial Metals Co,Commercial Metals Co [100.0%],United States,North America,West Virginia,39.5515843,-77.897771,exact,construction,1,1.0,0.0,0.0,,,,,EAF,230,https://www.gem.wiki/CMC_West_Virginia_steel_plant,,,9459.536465322673,
P100000120787,CMC Zawiercie steel plant,CMC Poland SP zoo,Commercial Metals Co [100.0%],Poland,Europe,Silesia,50.487463,19.456759,exact,operating,1,125.0,1700.0,0.0,,,,,EAF,2000,https://www.gem.wiki/CMC_Zawiercie_steel_plant,,,4321.212027571462,
P100000120503,CNR Mandan Steel South Kalimantan plant,PT Mandan Steel,CNR Group Holdings Pte Ltd [99.9%]; small shareholder(s) [0.1%],Indonesia,Asia Pacific,South Kalimantan,-3.339296,115.927125,approximate,operating,1,12.0,1000.0,1000.0,,,,,BF; BOF,unknown,https://www.gem.wiki/CNR_Mandan_Steel_South_Kalimantan_plant,,,2490.9973613806346,
P100000120867,Colakoglu Metallurgical Dilovasi steel plant,Çolakoğlu Metalürji AŞ,Çolakoğlu Metalürji AŞ [100.0%],Türkiye,Europe,Kocaeli,40.768409,29.529979,exact,operating,1,57.0,4500.0,0.0,,,,,EAF,unknown,https://www.gem.wiki/Colakoglu_Metallurgical_Dilovasi_steel_plant,,,3718.103572574586,
P100000121215,Companhia Siderurgica do Cuchi pig iron plant,Companhia Siderurgica do Cuchi SA,Ferrangoland; Modulax Industria E Comercio Ltda,Angola,Africa,Cuando Cubango,-14.650166,16.925606,exact,operating,2,2.47,0.0,96.0,,,,,BF,1200,https://www.gem.wiki/Companhia_Siderurgica_do_Cuchi_pig_iron_plant,,,6999.563669343557,
P100001045282,Crest Steel and Power Mangatta steel plant,Crest Steel and Power Pvt Ltd,Atha Group [47.5%]; Ghanashyam Misra & Sons Pvt Ltd [47.5%],India,Asia Pacific,Chhattisgarh,21.190313,81.19922,exact,operating,4,21.13,96.0,232.0,,,,1400.0,DRI; IF; BF; EAF,2500,https://www.gem.wiki/Crest_Steel_and_Power_Mangatta_steel_plant,1306781871.7744355,14.944243393447687,2.215333182207123,India
P100000120434,CSN Stahlwerk Thüringen Unterwellenborn steel plant,Stahlwerk Thueringen GmbH,Companhia Siderúrgica Nacional SA [100.0%],Germany,Europe,Thuringia,50.654574,11.43745,exact,operating,1,148.0,1100.0,0.0,,,,,EAF,700,https://www.gem.wiki/CSN_Stahlwerk_Thüringen_Unterwellenborn_steel_plant,,,4878.277765550613,
P100000120039,CSN Volta Redonda steel plant,Companhia Siderúrgica Nacional SA,Companhia Siderúrgica Nacional SA [100.0%],Brazil,Central & South America,Rio de Janeiro,-22.512631,-44.11287,exact,operating,1,80.0,6251.0,5580.0,,6930.0,1680.0,,BF; BOF; EAF,15518,https://www.gem.wiki/CSN_Volta_Redonda_steel_plant,,,13160.17467322563,
P100000121010,CVG Briquetera de Venezuela DRI plant,Matesi,Matesi [100.0%],Venezuela,Central & South America,Bolívar,8.300159,-62.780136,exact,mothballed,1,26.0,0.0,0.0,,,,,DRI,130,https://www.gem.wiki/CVG_Briquetera_de_Venezuela_DRI_plant,,,12982.647576331105,
P100000121008,CVG Briquetera del Caroní DRI plant,Corporacion Venezolana de Guayana,Corporacion Venezolana de Guayana [100.0%],Venezuela,Central & South America,Bolívar,8.290142,-62.805419,exact,operating,1,35.23,0.0,820.0,,,,,DRI,456,https://www.gem.wiki/CVG_Briquetera_del_Caroní_DRI_plant,,,12984.843296190567,
P100000121007,CVG Briquetera del Orinoco DRI plant,Briquetera del Orinoco CA,Briquetera del Orinoco CA [100.0%],Venezuela,Central & South America,Bolívar,8.274965,-62.819282,exact,operating,1,26.0,0.0,2200.0,,,,,DRI,1150,https://www.gem.wiki/CVG_Briquetera_del_Orinoco_DRI_plant,,,12987.020774622019,
P100000121005,CVG Comsigua DRI plant,Complejo Siderurgico de Guayana CA,Complejo Siderurgico de Guayana CA [100.0%],Venezuela,Central & South America,Bolívar,8.297662,-62.780149,exact,operating,1,28.0,0.0,1000.0,,,,,DRI,353,https://www.gem.wiki/CVG_Comsigua_DRI_plant,,,12982.899205107207,
P100000121006,CVG Ferrominera Orinoco DRI plant,CVG Ferrominera Orinoco CA,Corporación Siderúrgica de Venezuela SA,Venezuela,Central & South America,Bolívar,8.33468,-62.728842,exact,operating,1,36.0,0.0,1000.0,,,,,DRI,unknown,https://www.gem.wiki/CVG_Ferrominera_Orinoco_DRI_plant,,,12976.764535332957,
P100000121170,DaehanSteel Noksan steel plant,Daehan Steel Co Ltd,Daehan Steel Co Ltd [100.0%],South Korea,Asia Pacific,South Gyeongsang,35.099098,128.860339,exact,operating,1,18.22,1000.0,0.0,,,,,EAF,253,https://www.gem.wiki/DaehanSteel_Noksan_steel_plant,,,70.59776342240411,
P100000120645,Daido Steel Chita plant (Tokai),Daido Steel Co Ltd,Daido Steel Co Ltd [100.0%],Japan,Asia Pacific,Aichi,35.016404,136.864744,exact,operating,1,64.0,1500.0,0.0,,,,,EAF,3878,https://www.gem.wiki/Daido_Steel_Chita_plant_(Tokai),27104407629.54368,828.8315467514735,6.524409145870853,Japan
P100000120621,Danieli ABS Pozzuolo del Friuli steel plant,Acciaierie Bertoli Safau SpA,Danieli & C Officine Meccaniche SpA [99.9%]; small shareholder(s) [0.1%],Italy,Europe,Province of Udine,46.008483,13.255117,exact,operating,2,213.0,1500.0,0.0,,,,,EAF,1500,https://www.gem.wiki/Danieli_ABS_Pozzuolo_del_Friuli_steel_plant,,,4862.968812443421,
P100000120202,Danyang Longjiang Steel Co Ltd,Danyang Longjiang Steel Co Ltd,Hong Kong Qianlong Co Ltd [67.2%]; natural person(s) [32.8%],China,Asia Pacific,Jiangsu,32.027791,119.57706,exact,operating,1,22.59,1500.0,1500.0,,2300.0,,,BF; BOF,671,https://www.gem.wiki/Danyang_Longjiang_Steel_Co_Ltd,5805245295.940704,41.738524779286955,3.67577287637382,China
P100000120376,Daye Huaxin Industrial Co Ltd,Daye Huaxin Industrial Co Ltd,natural person(s) [56.3%]; Hubei Xinxin Steel Group Co Ltd [21.1%]; Jin Jun'an Investment Group Co Ltd [18.9%]; unknown [3.7%],China,Asia Pacific,Hubei,30.070219,114.926251,exact,operating pre-retirement,2,23.0,1150.0,1200.0,,1320.0,,1000.0,BF; BOF,2407,https://www.gem.wiki/Daye_Huaxin_Industrial_Co_Ltd,1002488417.5250294,39.90401622325707,4.4287441690084055,China
P100000120173,Daye Special Steel Co Ltd,Daye SPECIAL Steel Co Ltd,Citic Pacific Special Steel Group Co Ltd [100.0%],China,Asia Pacific,Hubei,30.204603,115.125838,exact,operating,2,19.0,3420.0,3040.0,,,,,BF; BOF; EAF,5146,https://www.gem.wiki/Daye_Special_Steel_Co_Ltd,5065987125.999837,46.026121791383694,0.42253850947874344,China
P100000121072,Daye Xinye Special Steel Co Ltd,natural person(s); Hubei Xinxin Steel Group Co Ltd,Hubei Xinxin Steel Group Co Ltd [100.0%]; natural person(s) [100.0%],China,Asia Pacific,Hubei,30.067469,114.934091,exact,operating,1,26.0,1200.0,500.0,,,,,BF; BOF,1648,https://www.gem.wiki/Daye_Xinye_Special_Steel_Co_Ltd,1002488417.5250294,40.14793881568527,3.6980349216496267,China
P100000120911,DCH Dnipro Metallurgical Plant,Dnipro Metallurgical Plant PJSC,small shareholder(s) [2.3%]; Drampisco Limited,Ukraine,Europe,Dnipropetrovsk,48.48079,34.978097,exact,mothballed,2,139.0,0.0,0.0,,,1040.0,,EAF; BF; BOF,2910,https://www.gem.wiki/DCH_Dnipro_Metallurgical_Plant,,,3208.6285098587523,
P100000120726,DEACERO Celaya steel plant,DeAcero SAPI de CV,DeAcero SAPI de CV [100.0%],Mexico,North America,Guanajuato,20.518556,-100.925556,exact,operating,2,28.0,2300.0,0.0,,,,,EAF,500,https://www.gem.wiki/DEACERO_Celaya_steel_plant,,,10170.532161520829,
P100000120730,DEACERO Ramos Arizpe steel plant,DeAcero SAPI de CV,DeAcero SAPI de CV [100.0%],Mexico,North America,Coahuila,25.511162,-100.961848,exact,operating,2,40.0,2200.0,0.0,,,,,EAF,500,https://www.gem.wiki/DEACERO_Ramos_Arizpe_steel_plant,,,9748.725214506796,
P100000120121,Delong Steel Co Ltd,DELONG Steel Ltd,British Asia Pan Ruogen International Co Ltd [100.0%],China,Asia Pacific,Hebei,37.086116,114.384832,exact,operating,1,26.0,3000.0,3000.0,,2216.0,,,BF; BOF,3700,https://www.gem.wiki/Delong_Steel_Co_Ltd,676290293.567939,57.8436837972023,4.410741225616337,China
P100000121213,Delta Steel Mill Al Qalyubia plant,Delta Steel Mills Co,Metallurgical Industries Holding Co,Egypt,Africa,Al-Qalyubia,30.11843,31.281264,exact,operating,1,79.0,500.0,0.0,,,,250.0,EAF,1448,https://www.gem.wiki/Delta_Steel_Mill_Al_Qalyubia_plant,,,3707.512491065477,
P100000120438,Deutsche Edelstahlwerke steel plant,Deutsche Edelstahlwerke GmbH,Swiss Steel Holding AG,Germany,Europe,North Rhine-Westphalia,50.922844,8.024006,exact,operating,1,99.0,600.0,0.0,,,,,EAF,800,https://www.gem.wiki/Deutsche_Edelstahlwerke_steel_plant,,,5106.655909693831,
P100001063160,Devki Group Tororo steel plant,Devki Group,Devki Group [100.0%],Uganda,Africa,unknown,0.681522,34.178037,approximate,announced,1,,0.0,0.0,,,,,BF; BOF,15000,https://www.gem.wiki/Devki_Group_Tororo_steel_plant,,,4463.871833951583,
P100000120685,Devki Steel Mills Kwale plant,Devki Steel Mills Ltd,Devki Steel Mills Ltd [100.0%],Kenya,Africa,Kwale County,-3.788806,39.316741,exact,operating,1,4.0,1000.0,500.0,,,,,BF; BOF,2500,https://www.gem.wiki/Devki_Steel_Mills_Kwale_plant,,,4334.451411189713,
P100000120504,Dexin Steel Morowali plant,Dexin Steel Pte Ltd,Best Grace Holdings Pte Ltd [100.0%],Indonesia,Asia Pacific,Central Sulawesi,-2.829514,122.174896,exact,operating,2,6.0,7000.0,4560.0,,,,,BF; BOF,1583,https://www.gem.wiki/Dexin_Steel_Morowali_plant,,,2708.6815287047284,
P100000120868,Diler Iron and Steel Dilovasi plant,Diler Demir Celik Endustri ve Ticaret AŞ,Diler Holding AŞ,Türkiye,Europe,Kocaeli,40.783161,29.533568,exact,operating,1,42.0,1300.0,0.0,,,,,EAF,500,https://www.gem.wiki/Diler_Iron_and_Steel_Dilovasi_plant,,,3717.461267089359,
P100000121031,Dinson Chivhu iron and steel plant,Dinson Iron & Steel Company Pvt Ltd,TSINGSHAN Holding Group Co Ltd [40.3%]; unknown [24.5%]; Shanghai Decent Investment (Group) Co Ltd [23.7%]; Zhejiang Qingshan Business Management Co Ltd [11.5%],Zimbabwe,Africa,Mashonaland,-18.940658,30.608968,exact,operating,2,1.72,600.0,600.0,,,,,BF; EAF; Steel other/unspecified,2200,https://www.gem.wiki/Dinson_Chivhu_iron_and_steel_plant,,,5916.440465925292,
P100001082556,Dniprospetstaal Zaporizhzhia steel plant,Dniprospetsstal Plant PJSC,VS energy Structure [47.1%]; Gazaro Ltd [16.5%]; Middleprime Limited Ltd [9.8%]; Crascoda Holdings Ltd [6.7%],Ukraine,Europe,Zaporizhzhia Oblast,47.8599249,35.1613272,exact,operating,1,92.0,1000.0,0.0,,,,,EAF; IF,3500,https://www.gem.wiki/Dniprospetstaal_Zaporizhzhia_steel_plant,,,3192.719074484725,
P100000120832,Donelektrostal Shakhty steel plant,Donelektrostal LLC,Donelektrostal LLC [100.0%],Russia,Eurasia,Rostov,47.740352,40.18942,approximate,construction,1,,0.0,0.0,,,,,DRI; EAF,700,https://www.gem.wiki/Donelektrostal_Shakhty_steel_plant,,,2817.0979455612155,
P100000120910,Donetsk Metallurgical Plant,Tekhnologicheskiye Investitsii LLC,Tekhnologicheskiye Investitsii LLC [100.0%],Ukraine,Europe,Donetsk,47.982276,37.810634,exact,mothballed,1,24.0,0.0,0.0,,,,,BF,unknown,https://www.gem.wiki/Donetsk_Metallurgical_Plant,,,2996.1337031953835,
P100000120227,Dongbei Special Steel Group Dalian Special Steel Co Ltd,Dongbei Special Steel Group Dalian Special Steel Co Ltd,Ningbo Meishan Free Trade Port Jincheng Shazhou Equity Investment Co Ltd [42.8%]; Wuhu Yinsheng Special Steel Investment Management Partnership LP [31.4%]; unknown [15.9%]; Bengang Steel Plates Co Ltd [9.9%],China,Asia Pacific,Liaoning,39.193697,122.057788,exact,operating,1,57.0,2695.0,1160.0,,,,,BF; BOF; EAF,4543,https://www.gem.wiki/Dongbei_Special_Steel_Group_Dalian_Special_Steel_Co_Ltd,278283618.2820494,3.5455963131688404,2.139732745303966,China
P100000120693,Dongkuk Steel Incheon steel plant,Dongkuk Steel Mill Co Ltd,Dongkuk Steel Mill Co Ltd [100.0%],South Korea,Asia Pacific,Seoul National Capital Area,37.486465,126.638607,exact,operating,1,54.0,2200.0,0.0,,,,,EAF,905,https://www.gem.wiki/Dongkuk_Steel_Incheon_steel_plant,,,342.02463706001527,
P100000120694,Dongkuk Steel Pohang steel plant,Dongkuk Steel Mill Co Ltd,Dongkuk Steel Mill Co Ltd [100.0%],South Korea,Asia Pacific,North Gyeongsang,36.00147,129.397609,exact,operating,1,35.0,1400.0,0.0,,,,,EAF,905,https://www.gem.wiki/Dongkuk_Steel_Pohang_steel_plant,,,153.07022628031376,
P100001063403,Dongyuan Dongnan Industrial Co Ltd,Dongyuan Dongnan Industrial Co Ltd,Dongyuan Dongnan Industrial Co Ltd [100.0%],China,Asia Pacific,Guangdong,24.038397,114.873435,exact,operating,1,16.89,720.0,0.0,,,,,EAF,unknown,https://www.gem.wiki/Dongyuan_Dongnan_Industrial_Co_Ltd,24627219.044078365,0.6125556146972252,0.39678842888437027,China
P100000120898,Dragon Steel Taichung steel plant,Dragon Steel Corp,China Steel Corp [100.0%],Taiwan,Asia Pacific,Taichung,24.226897,120.493911,exact,operating,1,33.0,6081.0,5000.0,,6200.0,2118.0,,BF; BOF; EAF,3224,https://www.gem.wiki/Dragon_Steel_Taichung_steel_plant,,,145.46609675778225,
P100000121209,DST Nghi Son steel plant,DST Nghi Son Iron and Steel JSC,DST Nghi Son Iron and Steel JSC [100.0%],Vietnam,Asia Pacific,Thanh Hoa,19.367379,105.675841,approximate,construction,1,,0.0,0.0,,,,,EAF,10000,https://www.gem.wiki/DST_Nghi_Son_steel_plant,,,305.31305486775517,
P100000120640,Duferco Travi e Profilati San Zeno Naviglio steel plant,Duferco Travi e Profilati SpA,Duferco Participations Holding SA,Italy,Europe,Province of Brescia,45.478363,10.209234,exact,operating,1,22.0,950.0,0.0,,,,,EAF,214,https://www.gem.wiki/Duferco_Travi_e_Profilati_San_Zeno_Naviglio_steel_plant,,,5106.428124910083,
P100000120901,E Top Metal Changhua steel plant,E-Top Metal Co Ltd,Taiwan Steel Group,Taiwan,Asia Pacific,Changhua,24.167872,120.505482,exact,operating,1,23.0,600.0,0.0,,,,,EAF,280,https://www.gem.wiki/E_Top_Metal_Changhua_steel_plant,,,151.2170757217021,
P100000120747,Eastern Steel Kemaman plant,Eastern Steel Sdn Bhd,Beijing Jianlong Investment Co Ltd; Hiap Teck Venture Bhd; unknown,Malaysia,Asia Pacific,Terengganu,4.285062,103.432551,exact,operating,2,11.0,2700.0,2400.0,,,800.0,,BF; BOF; Steel other/unspecified,2600,https://www.gem.wiki/Eastern_Steel_Kemaman_plant,,,1096.1194327578014,
P100000120826,Ecolant steel plant,Ecolant LLC,Ekoinvest LLC [45.6%]; Lanafinans LLC [45.6%]; Oninvest LLC [4.8%]; small shareholder(s) [4.0%],Russia,Eurasia,Nizhny Novgorod,55.286989,42.169516,exact,construction,1,0.0,0.0,0.0,,,,,DRI; EAF,700,https://www.gem.wiki/Ecolant_steel_plant,,,2884.3163310173272,
P100000120869,Ege Steel Aliaga plant,Ege Celik Endustrisi Sanayi ve Ticaret AŞ,natural person(s) [98.0%]; small shareholder(s) [2.0%],Türkiye,Europe,İzmir,38.728005,26.940095,exact,operating,2,25.0,1200.0,0.0,,,,,EAF,999,https://www.gem.wiki/Ege_Steel_Aliaga_plant,,,3988.2649203508654,
P100000120443,Egyptian American Steel Rolling Company Sadat City plant,Egyptian American Steel Rolling Company SAE,Beshay Steel; National Service Products Organization,Egypt,Africa,Menofia,30.389174,30.571894,exact,operating,1,28.0,1200.0,0.0,,,,,EAF,1750,https://www.gem.wiki/Egyptian_American_Steel_Rolling_Company_Sadat_City_plant,,,3776.5369577168794,
P100000120444,Egyptian Iron & Steel Company Cairo plant,Egyptian Iron & Steel Co,Egyptian Iron & Steel Co [100.0%],Egypt,Africa,Cairo,29.774458,31.312013,exact,retired,1,64.0,0.0,0.0,,3000.0,,,BF; BOF,unknown,https://www.gem.wiki/Egyptian_Iron_&_Steel_Company_Cairo_plant,,,3703.557156735023,
P100000120445,Egyptian Sponge Iron and Steel Company Sadat City plant,Egyptian Sponge Iron & Steel Company SAE,National Service Products Organization [24.0%]; Beshay Steel,Egypt,Africa,Menofia,30.393079,30.58773,exact,operating,1,18.0,3000.0,1800.0,,,,,DRI; EAF,1500,https://www.gem.wiki/Egyptian_Sponge_Iron_and_Steel_Company_Sadat_City_plant,,,3775.032171381242,
P100000120450,Egyptian Steel Ain Sokhna plant,Egyptian Steel Group,Al Ezz Dekheila Steel Company Alexandria SAE [18.0%]; National Service Project Organization,Egypt,Africa,Suez,29.64769,32.2789,exact,operating,1,8.0,830.0,0.0,,,,,EAF,700,https://www.gem.wiki/Egyptian_Steel_Ain_Sokhna_plant,,,3609.8634531701387,
P100000120451,Egyptian Steel Beni Suef plant,Egyptian Steel Group,Al Ezz Dekheila Steel Company Alexandria SAE [18.0%]; National Service Project Organization,Egypt,Africa,Beni Suef,29.15243,31.24911,exact,operating,1,8.0,830.0,0.0,,,,,EAF,700,https://www.gem.wiki/Egyptian_Steel_Beni_Suef_plant,,,3708.745749759765,
P100000120870,Ekinciler Iron and Steel Iskenderun plant,Ekinciler Demir ve Celik Sanayi AŞ,Ekinciler Holding AŞ,Türkiye,Europe,Hatay,36.690115,36.205739,exact,operating,1,37.0,1250.0,0.0,,,,,EAF,unknown,https://www.gem.wiki/Ekinciler_Iron_and_Steel_Iskenderun_plant,,,3268.5788809879405,
P100000121233,Ekos Steel Dukem plant,Ekos Steel Mill PLC,Ekos Steel Mill PLC [100.0%],Ethiopia,Africa,Oromia,8.781155,38.932065,exact,cancelled,1,8.0,0.0,0.0,,,,,EAF,300,https://www.gem.wiki/Ekos_Steel_Dukem_plant,,,3522.8752707970016,
P100001042874,El Fouladh Steel Plant,Government of Tunisia,Government of Tunisia [100.0%],Tunisia,Africa,unknown,37.13763,9.81281,exact,operating,2,64.0,200.0,0.0,,,,,EAF,869,https://www.gem.wiki/El_Fouladh_Steel_Plant,,,5460.841733115042,
P100000121251,Electra iron plant,Electrasteel Inc,Electrasteel Inc [100.0%],United States,North America,Colorado,40.06301,-105.221982,exact,construction,1,,0.0,0.0,,,,,Iron other/unspecified,unknown,https://www.gem.wiki/Electra_iron_plant,,,8287.518886798187,
P100000120534,Electrosteel Bokaro steel plant,ESL Steel Ltd,Vedanta Ltd [95.5%]; small shareholder(s) [4.5%],India,Asia Pacific,Jharkhand,23.632907,86.293671,exact,operating,2,20.0,1500.0,1568.0,,2744.0,500.0,,BF; BOF; Steel other/unspecified,8895,https://www.gem.wiki/Electrosteel_Bokaro_steel_plant,1365011682.389793,34.57834434193664,0.9026165625870894,India
P100000121207,Electrosteel Castings Srikalahasthi steel plant,Electrosteel Castings Ltd,Electrosteel Castings Ltd [100.0%],India,Asia Pacific,Andhra Pradesh,13.717188,79.630588,exact,operating,4,32.0,0.0,575.0,,500.0,280.0,,BF; IF,unknown,https://www.gem.wiki/Electrosteel_Castings_Srikalahasthi_steel_plant,142335900.08133274,1.5457258677435226,1.1549090653924212,India
P100000120001,Emsteel Abu Dhabi steel plant,Emsteel Building Materials PJSC,Emsteel Building Materials PJSC [100.0%],United Arab Emirates,Middle East,Abu Dhabi,24.322033,54.467987,exact,operating,1,23.0,3500.0,4200.0,,,,,DRI; EAF,3703,https://www.gem.wiki/Emsteel_Abu_Dhabi_steel_plant,,,1395.0164857736943,
P100000121100,Eqlid Steel Pars plant,Eqlid Pars Steel Co,Eqlid Pars Steel Co [100.0%],Iran,Middle East,Fars,30.944867,52.892849,exact,construction,2,,0.0,0.0,,,,,EAF; DRI,unknown,https://www.gem.wiki/Eqlid_Steel_Pars_plant,,,1671.5426349595564,
P100000120871,Erdemir Eregli steel plant,Eregli Demir ve Celik Fabrikalari AŞ,Eregli Demir ve Celik Fabrikalari AŞ [100.0%],Türkiye,Europe,Zonguldak,41.261469,31.420106,exact,operating,3,61.0,3801.0,3575.0,,,800.0,,BF; BOF; EAF,5600,https://www.gem.wiki/Erdemir_Eregli_steel_plant,,,3551.797440862142,
P100001025570,ERG Baowu Rudny HBI plant,Eurasian Resources Group SARL; China Baowu Steel Group Co Ltd,China Baowu Steel Group Co Ltd [100.0%]; Eurasian Resources Group SARL [100.0%],Kazakhstan,Eurasia,Kostanay,52.9775332,63.1825737,approximate,announced,1,,0.0,0.0,,,,,DRI,1000,https://www.gem.wiki/ERG_Baowu_Rudny_HBI_plant,,,1510.2005996558373,
P100000120436,ESF Elbe Stahlwerke Feralpi Riesa steel plant,ESF Elbe-Stahlwerke Feralpi GmbH,Feralpi Holding SpA,Germany,Europe,Saxony,51.3128,13.280386,exact,operating,1,34.0,1400.0,0.0,,,,,EAF,737,https://www.gem.wiki/ESF_Elbe_Stahlwerke_Feralpi_Riesa_steel_plant,,,4738.376909293627,
P100000120580,Esfahan Steel Isfahan plant,Esfahan Steel Co,Iranian Mines & Mining Industries Development & Renovation Organization,Iran,Middle East,Isfahan,32.418304,51.331314,exact,operating,2,55.0,3600.0,3565.0,,,2035.0,,BF; BOF; EAF,890,https://www.gem.wiki/Esfahan_Steel_Isfahan_plant,,,1850.6479430103464,
P100000121153,ESM Mutún steel plant,Empresa Siderúrgica del Mutún SA,Empresa Siderúrgica del Mutún SA [100.0%],Bolivia,Central & South America,Santa Cruz,-19.137325,-57.880605,exact,operating,2,0.97,200.0,250.0,,,,400.0,DRI; EAF,700,https://www.gem.wiki/ESM_Mutún_steel_plant,,,14442.362992272338,
P100000120842,Essar Ras Al Khair steel plant,Essar Global Fund Ltd,Triton Trust; Virgo Trust,Saudi Arabia,Middle East,Eastern Province,27.544749,49.208103,approximate,announced,1,,0.0,0.0,,,,,DRI; EAF,unknown,https://www.gem.wiki/Essar_Ras_Al_Khair_steel_plant,,,1944.658747270544,
P100000120744,Esteel Antara Labuan iron plant,Antara Steel Mills Sdn Bhd,Green Esteel Pte Ltd [100.0%],Malaysia,Asia Pacific,Labuan Island,5.253839,115.242717,exact,operating,1,42.0,0.0,900.0,,,,,DRI,unknown,https://www.gem.wiki/Esteel_Antara_Labuan_iron_plant,,,1560.8525648331697,
P100000120743,Esteel Eden Flame Johor steel plant,Eden Flame Sdn Bhd,Green Esteel Pte Ltd [100.0%],Malaysia,Asia Pacific,Johor,1.451512,103.917306,exact,operating,1,33.0,1050.0,0.0,,,,,EAF,unknown,https://www.gem.wiki/Esteel_Eden_Flame_Johor_steel_plant,,,1266.124551915522,
P100000121208,Esteel Sabah steel plant,Esteel Enterprise Sabah Sdn Bhd,Green Esteel Pte Ltd,Malaysia,Asia Pacific,Sabah,6.104211,116.202218,exact,construction,2,0.0,0.0,0.0,,,,,DRI,1752,https://www.gem.wiki/Esteel_Sabah_steel_plant,,,1519.0929571346658,
P100000120442,ETRHB Annaba steel plant,ETRHB Industrie SpA,ETRHB Industrie SpA [100.0%],Algeria,Africa,Annaba,36.834412,7.45494,approximate,cancelled,1,,0.0,0.0,,,,,EAF,unknown,https://www.gem.wiki/ETRHB_Annaba_steel_plant,,,5666.084175632364,
P100000121195,Evonith Metallics Wardha steel plant,Evonith Metallics Ltd,Nithia Capital Resources Advisors LLP [55.7%]; AB CarVal Investors LP [44.3%],India,Asia Pacific,Maharashtra,20.704605,78.620293,exact,operating,2,32.0,0.0,1400.0,,1500.0,,,BF; BOF,423,https://www.gem.wiki/Evonith_Metallics_Wardha_steel_plant,428413959.05805874,1.360705987213761,0.6415319798509546,India
P100000121236,Evonith Value Steel Wardha steel plant,Evonith Metallics Ltd,Nithia Capital Resources Advisors LLP [55.7%]; AB CarVal Investors LP [44.3%],India,Asia Pacific,Maharashtra,20.696412,78.638548,exact,operating,1,56.0,1080.0,0.0,,,,,EAF,898,https://www.gem.wiki/Evonith_Value_Steel_Wardha_steel_plant,428413959.05805874,1.3111961722800358,1.9346896023662055,India
P100000120811,Evraz NTMK steel plant,Evraz NTMK JSC,EVRAZ PLC [100.0%],Russia,Eurasia,Sverdlovsk,57.922851,60.033543,exact,operating,2,86.0,4400.0,5050.0,,,2300.0,,BF; BOF,14006,https://www.gem.wiki/Evraz_NTMK_steel_plant,,,1942.7416242148947,
P100000120822,Evraz ZSMK steel plant,Evraz ZSMK JSC,EVRAZ PLC [100.0%],Russia,Eurasia,Kemerovskaya,53.88618,87.257618,exact,operating,5,94.0,8760.0,5030.0,,7200.0,5210.0,,BF; BOF; EAF,22507,https://www.gem.wiki/Evraz_ZSMK_steel_plant,,,529.498359683815,
P100000120177,Ezhou Hongtai Steel Co Ltd,Ezhou Hongtai Steel Co Ltd,Hubei Jinshenglan Metallurgical Technology Co Ltd [62.6%]; Yuncheng Investment (Fujian) Co Ltd [9.1%]; Fujian Yongxinqi Investment Co Ltd [6.8%]; Fujian Taisong Investment Co Ltd [4.9%]; Fujian Jinkun Investment Co Ltd [4.2%]; Fuzhou Deyu Investment Co Ltd [3.6%]; Fujian Qikun Investment Co Ltd [2.5%]; Fujian Hongyao Investment Co Ltd [2.4%]; Fujian Shunle Investment Co Ltd [1.9%]; unknown [1.9%],China,Asia Pacific,Hubei,30.532352,114.747597,exact,retired,2,22.75,0.0,0.0,,,,,EAF,unknown,https://www.gem.wiki/Ezhou_Hongtai_Steel_Co_Ltd,1723280956.9704273,29.090616147530906,3.9004061516209076,China
P100000120447,Ezz Flat Steel Ain Sokhna plant,Al Ezz Flat Steel Company SAE,Ezz Steel Co [64.1%]; unknown [35.9%],Egypt,Africa,Suez,29.692045,32.322117,exact,operating,1,28.0,2880.0,1950.0,,,,,DRI; EAF,2000,https://www.gem.wiki/Ezz_Flat_Steel_Ain_Sokhna_plant,,,3605.827014087436,
P100000120448,Ezz Steel Rebar Sadat City plant,Ezz Steel Co,Ezz Steel Co [100.0%],Egypt,Africa,Menofia,30.382179,30.563029,exact,operating,1,32.0,900.0,0.0,,,,,EAF,2000,https://www.gem.wiki/Ezz_Steel_Rebar_Sadat_City_plant,,,3777.363075821948,
P100000121226,F&F Steel Erbil plant,F&F Steel,Barz Group; Hend Steel Co,Iraq,Middle East,Kurdistan,36.113741,43.979714,exact,operating,1,12.47,600.0,0.0,,,,,EAF,unknown,https://www.gem.wiki/F&F_Steel_Erbil_plant,,,2608.554246124902,
P100001043026,Faizan Steel Karachi steel plant,Faizan Steel,Faizan Steel [100.0%],Pakistan,Asia Pacific,Sindh,24.897652,66.985678,exact,operating,2,16.0,365.0,0.0,,,,,IF,unknown,https://www.gem.wiki/Faizan_Steel_Karachi_steel_plant,,,168.11408399978095,
P100000120371,Fangchenggang Jinxi Steel Technology Co Ltd,Fangchenggang Jinxi Steel Technology Co Ltd,Qian'an City Jiujiang Wire Co Ltd [100.0%],China,Asia Pacific,Guangxi,21.646525,108.369582,approximate,cancelled,1,,0.0,0.0,,,,,BF; BOF,unknown,https://www.gem.wiki/Fangchenggang_Jinxi_Steel_Technology_Co_Ltd,954514098.9683073,2.862341767214195,6.895537251337917,China
P100000120211,Fangda Special Steel Technology Co Ltd,Fangda Special Steel Technology Co Ltd,Fangda Special Steel Technology Co Ltd [100.0%],China,Asia Pacific,Jiangxi,28.645441,115.99204,exact,operating,1,67.55,2800.0,3150.0,,3843.0,,,BF; BOF,5474,https://www.gem.wiki/Fangda_Special_Steel_Technology_Co_Ltd,30850521591.191532,266.77157122941816,3.9984512064378195,China
P100000121101,Fasa Steel Complex Fars,Fasa Steel Complex Co,Fasa Steel Complex Co [100.0%],Iran,Middle East,Fars,28.977453,53.867836,exact,construction,2,,0.0,0.0,,,,2700.0,EAF; DRI,3000,https://www.gem.wiki/Fasa_Steel_Complex_Fars,,,1535.1000358269387,
P100000120899,Feng Hsin Taichung Steel plant,Feng Hsin Steel Co Ltd,Feng Hsin Steel Co Ltd [100.0%],Taiwan,Asia Pacific,Taichung,24.31287,120.712774,exact,operating,1,55.0,1800.0,0.0,,,,,EAF,894,https://www.gem.wiki/Feng_Hsin_Taichung_Steel_plant,,,154.58573171040692,
P100001063598,Fengshun Changsheng Special Steel Casting Co Ltd Qingyuan Branch,Fengshun Changsheng Precision Steel Casting Co Ltd,Fengshun Changsheng Precision Steel Casting Co Ltd [100.0%],China,Asia Pacific,Guangdong,23.507015,112.953822,approximate,operating,1,17.0,620.0,0.0,,,,,EAF,150,https://www.gem.wiki/Fengshun_Changsheng_Special_Steel_Casting_Co_Ltd_Qingyuan_Branch,1746497357.0257854,25.04935967845901,3.880444865288893,China
P100001063602,Fengshun County Agricultural Machinery Continuous Casting Co,Fengshun County Agricultural Machinery Continuous Casting Co,Fengshun County Agricultural Machinery Continuous Casting Co [100.0%],China,Asia Pacific,Guangdong,23.748318,116.13985,exact,operating,1,22.85,720.0,0.0,,,,,EAF,56,https://www.gem.wiki/Fengshun_County_Agricultural_Machinery_Continuous_Casting_Co,453215982.2079722,6.6177142401723845,4.696044900969362,China
P100001063619,Fengshun County Dongfang Metal Continuous Casting Co Ltd,Fengshun County Dongfang Metal Casting Co Ltd,Fengshun County Dongfang Metal Casting Co Ltd [100.0%],China,Asia Pacific,Guangdong,23.749104,116.138262,exact,operating,1,22.6,930.0,0.0,,,,,EAF,150,https://www.gem.wiki/Fengshun_County_Dongfang_Metal_Continuous_Casting_Co_Ltd,453215982.2079722,6.6177142401723845,4.730226968152831,China
P100001063490,Fengshun County Hongbao Industrial Co Ltd,Fengshun County Hongbao Industrial Co Ltd,Fengshun County Hongbao Industrial Co Ltd [100.0%],China,Asia Pacific,Guangdong,23.720136,115.949449,exact,operating,1,32.93,720.0,0.0,,,,,EAF,70,https://www.gem.wiki/Fengshun_County_Hongbao_Industrial_Co_Ltd,1404595.2279711333,1.0505268948101678,1.5938837531018863,China
P100001063483,Fengshun Yongshun Continuous Casting Plant,Fengshun Yongshun Continuous Casting Plant,Fengshun Yongshun Continuous Casting Plant [100.0%],China,Asia Pacific,Guangdong,23.747173,116.126241,exact,operating,1,19.27,720.0,0.0,,,,,EAF,unknown,https://www.gem.wiki/Fengshun_Yongshun_Continuous_Casting_Plant,453215982.2079722,6.6177142401723845,4.320621466464098,China
P100000120632,Feralpi Calvisano steel plant,Acciaierie di Calvisano SpA,Feralpi Holding SpA,Italy,Europe,Province of Brescia,45.371651,10.331967,exact,operating,1,54.0,600.0,0.0,,,,,EAF,150,https://www.gem.wiki/Feralpi_Calvisano_steel_plant,,,5100.712255969838,
P100000120626,Feralpi Siderurgica Lonato steel plant,Feralpi Siderurgica SpA,Feralpi Holding SpA,Italy,Europe,Province of Brescia,45.460582,10.456748,exact,operating,1,58.0,1216.0,0.0,,,,,EAF,421,https://www.gem.wiki/Feralpi_Siderurgica_Lonato_steel_plant,,,5088.525370968812,
P100000120638,Ferriera Valsabbia Odolo steel plant,Ferriera Valsabbia SpA,Valsabbia Investimenti SpA,Italy,Europe,Province of Brescia,45.642905,10.380199,exact,operating,1,58.0,1000.0,0.0,,,,,EAF,300,https://www.gem.wiki/Ferriera_Valsabbia_Odolo_steel_plant,,,5088.407666360616,
P100000120792,Ferrostal Labedy Gliwice steel plant,Cognor Holding SA,Cognor Holding SA [100.0%],Poland,Europe,Śląskie,50.357438,18.610739,exact,operating,1,33.0,500.0,0.0,,,,,EAF,81,https://www.gem.wiki/Ferrostal_Labedy_Gliwice_steel_plant,,,4382.377287953382,
P100000120630,Finarvedi Acciai Speciali Terni steel plant,Acciai Speciali Terni SpA,thyssenkrupp AG [15.0%]; Finarvedi SpA,Italy,Europe,Province of Terni,42.564752,12.66936,exact,operating,1,142.0,1450.0,0.0,,,,,EAF,2212,https://www.gem.wiki/Finarvedi_Acciai_Speciali_Terni_steel_plant,,,5017.126688010286,
P100000120619,Finarvedi Cremona steel plant,Acciaieria Arvedi SpA,Finarvedi SpA,Italy,Europe,Province of Cremona,45.145949,9.950821,exact,operating,1,34.0,4300.0,0.0,,,,,EAF,700,https://www.gem.wiki/Finarvedi_Cremona_steel_plant,,,5136.609884057018,
P100000120979,Finkl Steel Chicago plant,A. Finkl & Sons Corp,Swiss Steel Holding AG [100.0%],United States,North America,Illinois,41.724915,-87.589968,exact,operating,1,15.0,573.0,0.0,,,,,EAF,526,https://www.gem.wiki/Finkl_Steel_Chicago_plant,,,9006.038110762885,
P100001062842,"Fogang Dawei Special Steel Co., Ltd.",Fogang Dawei Special Steel Co Ltd,Fogang Dawei Special Steel Co Ltd [100.0%],China,Asia Pacific,Guangdong,23.893972,113.500829,exact,operating,1,14.29,575.0,0.0,,,,,EAF,273,"https://www.gem.wiki/Fogang_Dawei_Special_Steel_Co.,_Ltd.",794462578.72561,1.9799023515448217,4.657260078800414,China
P100000121011,Formosa Ha Tinh Steel plant,Formosa Ha Tinh Steel Corp,China Steel Corp; Formosa Plastics Corp; JFE Holdings Inc,Vietnam,Asia Pacific,Ha Tinh,18.036333,106.428271,exact,operating,2,18.0,7500.0,7250.0,,10000.0,3000.0,,BF; BOF; DRI,7500,https://www.gem.wiki/Formosa_Ha_Tinh_Steel_plant,,,247.19297913710798,
P100000121202,Fuhai Indonesia steel plant,Fuhai Group New Energy Holding Co Ltd,Fuhai Group New Energy Holding Co Ltd [100.0%],Indonesia,Asia Pacific,Sumatra,-1.556636,103.679366,approximate,cancelled,1,,0.0,0.0,,,,,BOF,unknown,https://www.gem.wiki/Fuhai_Indonesia_steel_plant,,,1436.2506485307958,
P100000120345,Fujian Dadonghai Industrial Group Co Ltd plant,Fujian Great Dong Hai Industrial Group Co Ltd,Fujian Great Dong Hai Industrial Group Co Ltd [100.0%],China,Asia Pacific,Fujian,25.737777,119.592239,exact,operating,2,8.0,5128.0,5230.0,,,,,BF; BOF,6658,https://www.gem.wiki/Fujian_Dadonghai_Industrial_Group_Co_Ltd_plant,548350467.9412751,9.094291367940356,6.031963770780705,China
P100000120314,Fujian Dingsheng Iron and Steel Co Ltd,Fujian Dingsheng Steel Co Ltd,Fujian Dingsheng Steel Co Ltd [100.0%],China,Asia Pacific,Fujian,27.224477,120.328828,exact,operating,2,8.0,1726.0,0.0,,,,,EAF; BF; BOF,1077,https://www.gem.wiki/Fujian_Dingsheng_Iron_and_Steel_Co_Ltd,65973740.548705816,2.9261774048853715,4.0896827055530585,China
P100000121065,Fujian Dingxin Industrial Co Ltd,Fujian Dingxin Industry Co Ltd,Shanghai Decent Investment (Group) Co Ltd [36.4%]; unknown [20.4%]; TSINGSHAN Holding Group Co Ltd [19.8%]; Zhejiang Qingshan Business Management Co Ltd [15.6%]; DELIXI Group Limited Co [7.8%],China,Asia Pacific,Fujian,26.7695,119.738519,exact,operating,1,18.0,600.0,0.0,300.0,,,,EAF,3070,https://www.gem.wiki/Fujian_Dingxin_Industrial_Co_Ltd,11794218.386546498,0.41021040798248615,7.432683558852185,China
P100000120416,Fujian Fuhua New Materials Group Co Ltd,Mindong Saiqi Economic Development Zone Fuhua Steel Rolling Co Ltd,Mindong Saiqi Economic Development Zone Fuhua Steel Rolling Co Ltd [100.0%],China,Asia Pacific,Fujian,26.961516,119.654272,exact,operating pre-retirement,2,27.0,500.0,0.0,,,,,EAF,417,https://www.gem.wiki/Fujian_Fuhua_New_Materials_Group_Co_Ltd,283759824.5657374,3.871375423779641,2.9226733153187996,China
P100000121066,Fujian Fuxin Special Steel Co Ltd,Fujian Fuxin Special Steel Co Ltd,Tianlong Investment Co Ltd [58.3%]; Huayang Investment (Hong Kong) Ltd [41.6%],China,Asia Pacific,Fujian,24.472439,117.94885,exact,operating,1,19.0,720.0,0.0,,,,,EAF,1413,https://www.gem.wiki/Fujian_Fuxin_Special_Steel_Co_Ltd,17250077612.688942,168.1949754836907,7.75733421329205,China
P100001025567,Fujian Hengwang Shymkent steel plant,Fujian Hengwang Investment Co Ltd,Fujian Hengwang Investment Co Ltd [100.0%],Kazakhstan,Eurasia,unknown,42.3375414,69.7356008,approximate,announced,1,,0.0,0.0,,,,,Steel other/unspecified,1000,https://www.gem.wiki/Fujian_Hengwang_Shymkent_steel_plant,,,441.4988073526387,
P100001064195,Fujian Hongfeng Industrial Group Co Ltd,Fujian Hongfeng Industrial Group Co Ltd,Fujian Hongfeng Industrial Group Co Ltd [100.0%],China,Asia Pacific,Fujian,26.868423,117.776369,approximate,operating,1,26.5,1000.0,0.0,,,,,EAF,65,https://www.gem.wiki/Fujian_Hongfeng_Industrial_Group_Co_Ltd,29883675.310433295,0.5137722319598975,1.684395317072862,China
P100000120413,Fujian Longgang New Materials Co Ltd,Fujian Longgang New Materials Co Ltd,Fujian Longgang New Materials Co Ltd [100.0%],China,Asia Pacific,Fujian,25.357408,117.362096,exact,operating,1,,1210.0,1203.0,,,,,BF; BOF,896,https://www.gem.wiki/Fujian_Longgang_New_Materials_Co_Ltd,81212030.76822813,0.9772236618419241,2.3467972138462585,China
P100000120080,Fujian Luoyuan Minguang Iron and Steel Co Ltd,Fujian Luoyuan Minguang Iron & Steel Co Ltd,Fujian Metallurgical Holding Co Ltd [53.4%]; unknown [46.6%],China,Asia Pacific,Fujian,26.483815,119.67105,exact,operating,2,12.0,2650.0,2330.0,,2230.0,,,BF; BOF,2459,https://www.gem.wiki/Fujian_Luoyuan_Minguang_Iron_and_Steel_Co_Ltd,53661889.35483706,2.783158119065886,4.6690941007973175,China
P100000120392,Fujian Qingtuo New Material Co Ltd,Fujian Qingtuo New Material Co Ltd,Shanghai Decent Investment (Group) Co Ltd [51.6%]; unknown [23.1%]; TSINGSHAN Holding Group Co Ltd [19.7%]; Zhejiang Qingshan Business Management Co Ltd [5.6%],China,Asia Pacific,Fujian,26.779301,119.767935,exact,operating,1,3.0,958.0,0.0,,,,,EAF,152,https://www.gem.wiki/Fujian_Qingtuo_New_Material_Co_Ltd,11794218.386546498,0.3062030389413436,9.86406754303144,China
P100000120077,Fujian Quanzhou Minguang Iron and Steel Co Ltd,Fujian San'an Iron & Steel Co Ltd,Fujian Metallurgical Holding Co Ltd [53.4%]; unknown [46.6%],China,Asia Pacific,Fujian,25.244396,118.029905,exact,operating,2,25.0,2300.0,2280.0,,,,,BF; BOF,2716,https://www.gem.wiki/Fujian_Quanzhou_Minguang_Iron_and_Steel_Co_Ltd,1080493062.2097301,4.5967818071613955,4.180877723570719,China
P100000120078,Fujian Sanbao Steel Co Ltd,Fujian Sanbao Steel Co Ltd,Sanbao Group Co Ltd [100.0%],China,Asia Pacific,Fujian,24.635769,117.603677,exact,operating,2,27.0,6196.0,2500.0,,,,,BF; BOF; EAF,4382,https://www.gem.wiki/Fujian_Sanbao_Steel_Co_Ltd,1437201755.3926136,45.39822870561605,2.4655939800913433,China
P100000120081,Fujian Tsingtuo Nickel Industry Co Ltd,Fujian Tsingtuo Nickel Industry Co Ltd,Shanghai Decent Investment (Group) Co Ltd [34.7%]; TSINGSHAN Holding Group Co Ltd [30.5%]; unknown [26.1%]; Zhejiang Qingshan Business Management Co Ltd [8.7%],China,Asia Pacific,Fujian,26.768925,119.765203,exact,operating,1,15.0,3000.0,3006.0,1000.0,,,,BF; EAF,3912,https://www.gem.wiki/Fujian_Tsingtuo_Nickel_Industry_Co_Ltd,11794218.386546498,0.3062030389413436,8.791308456095676,China
P100000121064,Fujian Wuhang Stainless Steel Products Co Ltd,Fujian Wuhang Stainless Steel Products Co Ltd,Fujian Wugang Group Co Ltd [38.2%]; Fujian Kaihang Stainless Steel Products Co Ltd [36.8%]; Tianwei Co Ltd [25.0%],China,Asia Pacific,Fujian,25.95923,119.452018,exact,operating,1,33.0,2000.0,0.0,,,,,EAF,2600,https://www.gem.wiki/Fujian_Wuhang_Stainless_Steel_Products_Co_Ltd,6512786661.363352,63.67400000393471,0.6392078316170705,China
P100000120079,Fujian Yixin Steel Co Ltd,Fujian Yixin Steel & Iron Co Ltd,"natural person(s) [38.4%]; unknown [23.2%]; Thailand Huihua Industrial Co Ltd [20.7%]; Labor Union Committee of Xiaojiao Rolling Mill of Sanming Iron and Steel Works, Fujian Province [17.7%]",China,Asia Pacific,Fujian,26.491308,119.63624,exact,operating pre-retirement,2,20.0,1360.0,1100.0,,,,,BF; BOF,1229,https://www.gem.wiki/Fujian_Yixin_Steel_Co_Ltd,136966250.464103,4.295239847170801,5.710215496299481,China
P100000120351,Fushun Hanking Direct Reduced Iron Co Ltd,Fushun HANWANG Direct Reduced Iron Co Ltd,Tuchuan Capital Co Ltd [99.0%]; unknown [1.0%],China,Asia Pacific,Liaoning,41.670998,123.85143,exact,operating,1,23.5,0.0,799.0,,,,,BF,646,https://www.gem.wiki/Fushun_Hanking_Direct_Reduced_Iron_Co_Ltd,26636182.46122891,9.789150217556113,4.5897047061943175,China
P100000120226,Fushun New Steel Co Ltd,Fushun New Steel Corp Ltd,Beijing Jianlong Investment Co Ltd [63.2%]; Fushun State-Owned Assets Management Co Ltd [29.3%]; unknown [7.5%],China,Asia Pacific,Liaoning,41.841223,123.753895,exact,operating,5,20.36,2700.0,3151.0,,,,,BOF; BF; Iron other/unspecified,5435,https://www.gem.wiki/Fushun_New_Steel_Co_Ltd,8540543698.927486,88.53926393068824,4.887916141922941,China
P100000120228,Fushun Special Steel Co Ltd,Fushun Special Steel Co Ltd,Fushun Special Steel Co Ltd [100.0%],China,Asia Pacific,Liaoning,41.838774,123.806586,exact,operating,1,89.0,999.0,0.0,,,,,EAF,6342,https://www.gem.wiki/Fushun_Special_Steel_Co_Ltd,8540543698.927486,72.43578849485965,4.2133962393285795,China
P100000120358,Fuzhou Wuhang Steel Products Co Ltd,Fuzhou Wuhang Steel Products Co Ltd,natural person(s) [66.2%]; Fujian Wugang Group Co Ltd [33.8%],China,Asia Pacific,Fujian,25.995101,119.495725,exact,operating,1,5.0,2000.0,0.0,,,,,EAF,323,https://www.gem.wiki/Fuzhou_Wuhang_Steel_Products_Co_Ltd,6512786661.363352,64.0650597184102,5.539435150856666,China
P100001045317,Gallantt Ispat Gorakhpur steel plant,Gallantt Ispat Ltd,Gallantt Ispat Ltd [100.0%],India,Asia Pacific,Uttar Pradesh,26.757009,83.199086,exact,operating,2,32.0,528.0,545.0,,,,792.0,DRI; IF,unknown,https://www.gem.wiki/Gallantt_Ispat_Gorakhpur_steel_plant,881769082.2374166,16.501173160541043,3.961589838759352,India
P100000120082,Gansu Jiu Steel Group Hongxing Iron and Steel Co Ltd,Gansu Jiu Steel Group Hongxing Iron and Steel Co Ltd,Gansu Jiu Steel Group Hongxing Iron and Steel Co Ltd [100.0%],China,Asia Pacific,Gansu,39.812121,98.295555,exact,operating,2,27.0,7650.0,5560.0,,9500.0,,,BF; BOF; EAF,16221,https://www.gem.wiki/Gansu_Jiu_Steel_Group_Hongxing_Iron_and_Steel_Co_Ltd,7871975322.062651,13.58456940133008,2.298545515398191,China
P100001045310,Georgsmarienhütte Osnabrück steel plant,Georgsmarienhuette GmbH,Georgsmarienhütte Holding GmbH [100.0%],Germany,Europe,Lower Saxony,52.2122334,8.0420724,exact,operating,1,170.0,650.0,0.0,,,,,EAF,1228,https://www.gem.wiki/Georgsmarienhütte_Osnabrück_steel_plant,,,5074.364477233674,
P100000120033,Gerdau Açominas Ouro Branco steel plant,Gerdau Acominas SA,Gerdau SA [100.0%],Brazil,Central & South America,Minas Gerais,-20.543507,-43.75295,exact,operating,1,40.0,3600.0,4348.0,,5462.0,2905.0,,BF; BOF,8500,https://www.gem.wiki/Gerdau_Açominas_Ouro_Branco_steel_plant,,,13063.449944935226,
P100000120980,Gerdau Cartersville steel plant,Gerdau Ameristeel Corp,Gerdau SA [98.2%],United States,North America,Georgia,34.241226,-84.799539,exact,operating,1,30.0,908.0,0.0,,,,,EAF,764,https://www.gem.wiki/Gerdau_Cartersville_steel_plant,,,9872.800844606058,
P100000120727,Gerdau Corsa Ciudad Sahagún steel plant,Gerdau Corsa SAPI de CV,Gerdau SA [73.6%]; Grupo Córdova [25.0%],Mexico,North America,Hidalgo,19.753326,-98.596483,exact,operating,1,11.0,1000.0,0.0,,,,,EAF,1545,https://www.gem.wiki/Gerdau_Corsa_Ciudad_Sahagún_steel_plant,,,10393.171425134462,
P100000120735,Gerdau Corsa Tultitlán steel plant,Gerdau Corsa SAPI de CV,Gerdau SA [73.6%]; Grupo Córdova [25.0%],Mexico,North America,State of México,19.630355,-99.180315,exact,operating,1,42.0,500.0,0.0,,,,,EAF,548,https://www.gem.wiki/Gerdau_Corsa_Tultitlán_steel_plant,,,10364.165536142982,
P100000120042,Gerdau Cosigua Santa Cruz steel plant,Gerdau Acos Longos SA,Gerdau SA [99.8%],Brazil,Central & South America,Rio de Janeiro,-22.90242,-43.749319,exact,operating,1,55.0,936.0,0.0,,,,,EAF,1500,https://www.gem.wiki/Gerdau_Cosigua_Santa_Cruz_steel_plant,,,13135.881970531536,
P100000120047,Gerdau Divinópolis steel plant,Gerdau Acos Longos SA,Gerdau SA [99.8%],Brazil,Central & South America,Minas Gerais,-20.153931,-44.878995,exact,operating,1,73.0,600.0,430.0,,,,,BF; BOF,920,https://www.gem.wiki/Gerdau_Divinópolis_steel_plant,,,13163.46228574819,
P100000120982,Gerdau Fort Smith steel plant,Gerdau Ameristeel Corp,Gerdau SA [98.2%],United States,North America,Arkansas,35.307055,-94.372912,exact,operating,1,42.0,505.0,0.0,,,,,EAF,437,https://www.gem.wiki/Gerdau_Fort_Smith_steel_plant,,,9314.475981909836,
P100000120049,Gerdau Guaíra Araucária steel plant,Gerdau Acos Longos SA,Gerdau SA [99.8%],Brazil,Central & South America,Paraná,-25.564041,-49.421729,exact,mothballed,2,44.0,0.0,0.0,,,,,EAF,300,https://www.gem.wiki/Gerdau_Guaíra_Araucária_steel_plant,,,13765.411658491133,
P100001044952,Gerdau Jackson steel mill,Gerdau Ameristeel Corp,Gerdau SA [98.2%],United States,North America,Tennessee,35.727722,-88.808842,exact,operating,1,45.0,629.0,0.0,,,,,EAF,549,https://www.gem.wiki/Gerdau_Jackson_steel_mill,,,9580.104002174925,
P100000120931,Gerdau Midlothian Steel Mill,Gerdau Ameristeel Corp,Gerdau SA [98.2%],United States,North America,Texas,32.457544,-97.034246,exact,operating,2,56.0,1500.0,0.0,,,,,EAF,1228,https://www.gem.wiki/Gerdau_Midlothian_Steel_Mill,,,9406.167606948855,
P100000120983,Gerdau Monroe steel plant,Gerdau Ameristeel Corp,Gerdau SA [98.2%],United States,North America,Michigan,41.894229,-83.358697,exact,operating,1,46.0,730.0,0.0,,,,,EAF,637,https://www.gem.wiki/Gerdau_Monroe_steel_plant,,,9094.084706075082,
P100000120932,Gerdau Petersburg Steel Mill,Gerdau Ameristeel Corp,Gerdau SA [98.2%],United States,North America,Virginia,37.181168,-77.449517,exact,operating,1,28.0,821.0,0.0,,,,,EAF,717,https://www.gem.wiki/Gerdau_Petersburg_Steel_Mill,,,9725.32628628329,
P100000120055,Gerdau Pindamonhangaba steel plant,Gerdau SA,Gerdau SA [100.0%],Brazil,Central & South America,São Paulo,-22.89918,-45.347726,exact,operating,1,46.0,530.0,0.0,,,,,EAF,2500,https://www.gem.wiki/Gerdau_Pindamonhangaba_steel_plant,,,13293.70333173783,
P100000120981,Gerdau Saint Paul steel plant,Gerdau Ameristeel Corp,Gerdau SA [98.2%],United States,North America,Minnesota,44.895442,-93.010716,exact,mothballed,1,61.0,0.0,0.0,,,,,EAF,78,https://www.gem.wiki/Gerdau_Saint_Paul_steel_plant,,,8520.43354851741,
P100000120048,Gerdau São Paulo Araçariguama steel plant,Gerdau Acos Longos SA,Gerdau SA [99.8%],Brazil,Central & South America,São Paulo,-23.43864,-47.08825,exact,operating,1,20.0,950.0,0.0,,,,,EAF,370,https://www.gem.wiki/Gerdau_São_Paulo_Araçariguama_steel_plant,,,13481.034519769208,
P100000120769,Gerdau Siderperu Chimbote steel plant,Empresa Siderurgica del Peru SAA,Empresa Siderurgica del Peru SAA [100.0%],Peru,Central & South America,Áncash,-9.059693,-78.601178,exact,operating,2,68.0,750.0,0.0,,,,,EAF; BF; DRI,791,https://www.gem.wiki/Gerdau_Siderperu_Chimbote_steel_plant,,,14262.841160390022,
P100000120009,Gerdau Sipar Pérez steel plant,Sipar Aceros SA,Gerdau SA [98.1%],Argentina,Central & South America,Santa Fe,-32.9912336,-60.7588733,exact,operating,1,9.0,650.0,0.0,,,,,EAF,716,https://www.gem.wiki/Gerdau_Sipar_Pérez_steel_plant,,,14891.798026299772,
P100000120062,Gerdau Whitby Steel Mill,Gerdau Ameristeel Corp,Gerdau SA [98.2%],Canada,North America,Ontario,43.856461,-78.908997,exact,operating,1,62.0,1200.0,0.0,,,,,EAF,600,https://www.gem.wiki/Gerdau_Whitby_Steel_Mill,,,8974.245701137399,
P100000120796,GFG Liberty Galati steel plant,Liberty Galati SA,GFG Alliance Ltd,Romania,Europe,Galați County,45.434119,27.976244,exact,mothballed pre-retirement,2,58.0,0.0,0.0,,,,,DRI; EAF; BF; BOF,5600,https://www.gem.wiki/GFG_Liberty_Galati_steel_plant,,,3754.5515802119407,
P100000120014,GFG Liberty Laverton Steel Mill,Infrabuild Australia Pty Ltd,GFG Alliance Ltd,Australia,Asia Pacific,Victoria,-37.831379,144.788169,exact,operating,1,34.0,780.0,0.0,,,,,EAF,unknown,https://www.gem.wiki/GFG_Liberty_Laverton_Steel_Mill,,,7181.864595925295,
P100000120013,GFG Liberty Steel Australia Whyalla steel plant,GFG Alliance Ltd,GFG Alliance Ltd [100.0%],Australia,Asia Pacific,South Australia,-33.009381,137.587836,exact,operating pre-retirement,2,85.0,1200.0,1200.0,,,,,DRI; EAF; BF; BOF,1500,https://www.gem.wiki/GFG_Liberty_Steel_Australia_Whyalla_steel_plant,,,6399.241397702051,
P100000120486,GFG Liberty Steel Newport plant,Liberty Steel Group,GFG Alliance Ltd,United Kingdom,Europe,Wales,51.557289,-2.962704,exact,mothballed,1,,0.0,0.0,,,,,EAF,180,https://www.gem.wiki/GFG_Liberty_Steel_Newport_plant,,,5820.345245335922,
P100000120485,GFG Liberty Steel Rotherham plant,Liberty Steel Group,GFG Alliance Ltd,United Kingdom,Europe,England,53.450712,-1.323025,exact,mothballed,2,,0.0,0.0,,,,,EAF,650,https://www.gem.wiki/GFG_Liberty_Steel_Rotherham_plant,,,5648.772435974059,
P100000120015,GFG Liberty Sydney Steel Mill,Infrabuild Australia Pty Ltd,GFG Alliance Ltd,Australia,Asia Pacific,New South Wales,-33.76601,150.849819,exact,operating,1,44.0,750.0,0.0,,,,,EAF,unknown,https://www.gem.wiki/GFG_Liberty_Sydney_Steel_Mill,,,6787.18560667885,
P100000120587,Ghadir Iron and Steel Plant Yazd,Iranian Ghadir Iron & Steel Co,Chadormalu Mining & Industrial Co; Ghadir Investment Company PJSC; Iran Alloy Steel Co; Shahrood Steel Co,Iran,Middle East,Yazd,32.3912,53.7496,exact,operating,1,14.84,0.0,1200.0,,,,,DRI,unknown,https://www.gem.wiki/Ghadir_Iron_and_Steel_Plant_Yazd,,,1630.9205085916133,
P100000120603,Ghaenat Steel Complex South Khorasan,Ghaenat Steel Complex,Iranian Mines & Mining Industries Development & Renovation Organization [100.0%],Iran,Middle East,South Khorasan,33.926909,59.007852,exact,operating,1,4.0,800.0,800.0,,,,,DRI; EAF,1400,https://www.gem.wiki/Ghaenat_Steel_Complex_South_Khorasan,,,1259.7084033437056,
P100000120798,GLGH Resita steel plant,GLGH Steel LLC,Great Lakes Global Holdings [100.0%],Romania,Europe,Caras-Severin,45.293492,21.90241,exact,operating,1,255.0,500.0,0.0,,,,,EAF,732,https://www.gem.wiki/GLGH_Resita_steel_plant,,,4225.424396541706,
P100000121216,Godawari Power and Ispat Sarora steel plant,Godawari Power and Ispat Ltd,Godawari Power and Ispat Ltd [100.0%],India,Asia Pacific,Chhattisgarh,21.565032,81.739447,exact,announced,1,,0.0,0.0,,1200.0,800.0,3000.0,BF; BOF,5816,https://www.gem.wiki/Godawari_Power_and_Ispat_Sarora_steel_plant,163771660.80845988,3.697782675259396,4.13572007430637,India
P100000120557,Godawari Power and Ispat Siltara steel plant,Godawari Power and Ispat Ltd,Godawari Power and Ispat Ltd [100.0%],India,Asia Pacific,Chhattisgarh,21.376214,81.681888,exact,operating,1,25.0,659.0,584.0,,,,2100.0,BF; DRI; IF,3442,https://www.gem.wiki/Godawari_Power_and_Ispat_Siltara_steel_plant,1676028759.8407507,16.496437696821936,2.741632041328179,India
P100000120676,Godo Steel Funabashi Works,Godo Steel Ltd,Godo Steel Ltd [100.0%],Japan,Asia Pacific,Chiba,35.697541,139.964104,exact,operating,1,51.0,700.0,0.0,,,,,EAF,241,https://www.gem.wiki/Godo_Steel_Funabashi_Works,191396112118.6579,2537.9051559842706,1.3082963630653028,Japan
P100000120675,Godo Steel Himeji Works,Godo Steel Ltd,Godo Steel Ltd [100.0%],Japan,Asia Pacific,Hyogo,34.783057,134.669411,exact,operating,1,48.0,500.0,0.0,,,,,EAF,241,https://www.gem.wiki/Godo_Steel_Himeji_Works,12333371034.581137,111.93188948682003,3.6811192389735576,Japan
P100000120674,Godo Steel Osaka Works,Godo Steel Ltd,Godo Steel Ltd [100.0%],Japan,Asia Pacific,Osaka,34.693045,135.428537,exact,operating,1,89.0,500.0,0.0,,,,,EAF,241,https://www.gem.wiki/Godo_Steel_Osaka_Works,324278211589.9782,2662.53616890721,3.21085804247705,Japan
P100001063277,Gohar Zamin Bardsir steel plant,Gohar Zamin Mining and Industrial Company,Gohar Zamin Mining and Industrial Company [100.0%],Iran,Middle East,Kerman,29.953217,56.699701,exact,operating,2,0.3,0.0,3440.0,,,,,DRI; EAF,unknown,https://www.gem.wiki/Gohar_Zamin_Bardsir_steel_plant,,,1292.4534466731384,
P100000120613,Golgohar Iron and Steel Company Kerman,Golgohar Iron and Steel Development Co,"Golgohar Mining and Industrial Co [35.0%]; Golgohar Investment and Development Co [15.0%]; Ghadir Investment Company PJSC [10.0%]; National bank employees' pension fund [10.0%]; small shareholder(s) [4.2%]; Social Insurance Fund of Farmers and Villagers [1.9%]; Retirement, Pension and Disability Fund of Banks [1.7%]; Sadr Tamin Investment Co [0.8%]; Chadormalu Mining & Industrial Co; Ghadir Industrial and Mining Development International Co; Iranian Mines & Mining Industries Development & Renovation Organization; Iron Alloy Steel Co; Sepah Bank; Shahrood Steel Co",Iran,Middle East,Kerman,29.134614,55.360773,exact,operating,1,11.0,3300.0,5550.0,,,,5000.0,DRI; EAF,3000,https://www.gem.wiki/Golgohar_Iron_and_Steel_Company_Kerman,,,1404.656905931427,
P100000120595,Gostar Almas Steel Saqqez Plant,Gostar Almas Steel Co,Gostar Almas Steel Co [100.0%],Iran,Middle East,Kurdistan,36.215731,46.499322,exact,operating,1,,0.0,1400.0,,,,,DRI,1150,https://www.gem.wiki/Gostar_Almas_Steel_Saqqez_Plant,,,2395.347681937884,
P100000120018,GPH Steel Sitakunda plant,GPH Ispat Ltd,GPH Ispat Ltd [100.0%],Bangladesh,Asia Pacific,Chittagong,22.536569,91.700729,exact,operating,1,17.5,1051.0,0.0,,,,,EAF; IF,2233,https://www.gem.wiki/GPH_Steel_Sitakunda_plant,,,56.16970813080797,
P100000121172,GravitHy Fos sur Mer iron plant,GravitHy,small shareholder(s),France,Europe,Bouches-du-Rhône,43.436519,4.852576,approximate,announced,1,,0.0,0.0,,,,,DRI,500,https://www.gem.wiki/GravitHy_Fos_sur_Mer_iron_plant,,,5582.305252102165,
P100000121220,GravitHy Kristinestad iron plant,GravitHy,small shareholder(s),Finland,Europe,Ostrobothnia,62.273929,21.379356,approximate,announced,1,,0.0,0.0,,,,,DRI,400,https://www.gem.wiki/GravitHy_Kristinestad_iron_plant,,,4104.056398158396,
P100000121147,Green Steel of WA Collie Steel plant,Green Steel of WA Pty Ltd,Carbon Transition Pathways,Australia,Asia Pacific,Western Australia,-33.341998,116.239926,exact,announced,1,,0.0,0.0,,,,,EAF,200,https://www.gem.wiki/Green_Steel_of_WA_Collie_Steel_plant,,,5056.624407686225,
P100000121163,Green Steel of WA Geraldton iron plant,Green Steel of WA Pty Ltd,Carbon Transition Pathways,Australia,Asia Pacific,Mid-West Australia,-28.766858,114.799967,approximate,announced,1,,0.0,0.0,,,,,DRI,unknown,https://www.gem.wiki/Green_Steel_of_WA_Geraldton_iron_plant,,,4553.457382585238,
P100001026026,GreenSteel Australia New South Wales steel plant,Greensteel Australia Pty Ltd,Greensteel Australia Pty Ltd [100.0%],Australia,Asia Pacific,New South Wales,-34.4637185,150.8865407,approximate,announced,1,,0.0,0.0,,,,,DRI; EAF,1500,https://www.gem.wiki/GreenSteel_Australia_New_South_Wales_steel_plant,,,6864.356427676059,
P100000120736,Grupo Acerero steel plant,Grupo Acerero SA de CV,Grupo Fonderia SA de CV,Mexico,North America,San Luis Potosí,22.087328,-100.901902,exact,operating,1,22.0,1375.0,0.0,,,,,EAF,2250,https://www.gem.wiki/Grupo_Acerero_steel_plant,,,10040.331640247392,
P100000120460,Grupo Gallardo Corrugados Azpeitia steel plant,Cristian Lay SL,Cristian Lay SL [100.0%],Spain,Europe,Gipuzkoa,43.179125,-2.255939,exact,retired,1,,0.0,0.0,,,,,EAF,300,https://www.gem.wiki/Grupo_Gallardo_Corrugados_Azpeitia_steel_plant,,,6122.842946140569,
P100000120461,Grupo Gallardo Corrugados Getafe steel plant,Corrugados Getafe SL,CL Grupo Industrial,Spain,Europe,Madrid,40.310803,-3.703568,exact,retired,1,78.0,0.0,0.0,,,,,EAF,150,https://www.gem.wiki/Grupo_Gallardo_Corrugados_Getafe_steel_plant,,,6370.43824712733,
P100000120455,Grupo Gallardo Siderurgica Balboa Jerez de los Caballeros steel plant,AG Siderurgica Balboa SA,CL Grupo Industrial,Spain,Europe,Badajoz,38.326405,-6.767326,exact,operating,1,34.0,1300.0,0.0,,,,,EAF,600,https://www.gem.wiki/Grupo_Gallardo_Siderurgica_Balboa_Jerez_de_los_Caballeros_steel_plant,,,6707.07441346662,
P100000120733,Grupo Simec Apizaco Cholula steel plant,Aceros Especiales Simec Tlaxcala SA de CV,Grupo Simec SAB de CV [100.0%],Mexico,North America,Tlaxcala,19.395628,-98.088777,exact,operating,1,7.64,1140.0,0.0,,,,,EAF,598,https://www.gem.wiki/Grupo_Simec_Apizaco_Cholula_steel_plant,,,10457.829705348418,
P100000120737,Grupo Simec San Luis steel plants,Aceros Especiales Simec Tlaxcala SA de CV,Grupo Simec SAB de CV [100.0%],Mexico,North America,San Luis Potosí,22.103324,-100.919202,exact,operating,1,33.0,816.0,0.0,,,,,EAF,598,https://www.gem.wiki/Grupo_Simec_San_Luis_steel_plants,,,10037.82016704833,
P100001063538,Guangdong Daxing Iron & Steel Industrial Co Ltd,Guangdong Daxing Iron & Steel Industrial Co Ltd,Guangdong Daxing Iron & Steel Industrial Co Ltd [100.0%],China,Asia Pacific,Guangdong,23.529158,116.329247,exact,operating,1,26.52,720.0,0.0,,,,,EAF,500,https://www.gem.wiki/Guangdong_Daxing_Iron_&_Steel_Industrial_Co_Ltd,13690835436.783312,119.14698458467464,4.075799026504557,China
P100001063264,Guangdong Fogang Jincheng Metal Products Co Ltd,Guangdong Fogang Jincheng Metal Products Co Ltd,Guangdong Fogang Jincheng Metal Products Co Ltd [100.0%],China,Asia Pacific,Guangdong,23.741965,113.502168,exact,operating,1,21.98,500.0,0.0,,,,,EAF,406,https://www.gem.wiki/Guangdong_Fogang_Jincheng_Metal_Products_Co_Ltd,92889374.35438424,5.915395619021736,5.491126630707886,China
P100000120087,Guangdong Guangqing Metal Technology Co Ltd,Guangdong Guangqing METAL Technology Co Ltd,Guangdong Guangxin Holdings Group Ltd [48.9%]; Shanghai Decent Investment (Group) Co Ltd [17.0%]; unknown [16.9%]; TSINGSHAN Holding Group Co Ltd [13.4%]; Zhejiang Qingshan Business Management Co Ltd [3.8%],China,Asia Pacific,Guangdong,21.697069,111.848841,exact,operating,1,16.0,2040.0,0.0,300.0,,,,EAF,3499,https://www.gem.wiki/Guangdong_Guangqing_Metal_Technology_Co_Ltd,546325381.749661,3.224175679657858,8.457397153224388,China
P100001063170,Guangdong Guixin Steel Co Ltd,Guangdong Guixin Steel Co Ltd,Guangdong Guixin Steel Co Ltd [100.0%],China,Asia Pacific,Guangdong,23.517109,113.106865,exact,operating,1,22.0,630.0,0.0,,,,,EAF,177,https://www.gem.wiki/Guangdong_Guixin_Steel_Co_Ltd,1383225148.037752,84.94239068108067,3.297716167403249,China
P100001062833,"Guangdong Guoxin Industrial Co., Ltd.",Guangdong Guoxin Industrial Co Ltd,Guangdong Guoxin Industrial Co Ltd [100.0%],China,Asia Pacific,Guangdong,23.407415,116.570818,exact,operating,1,24.0,2500.0,2200.0,,,,,BF; BOF,1020,"https://www.gem.wiki/Guangdong_Guoxin_Industrial_Co.,_Ltd.",4977101905.5661955,196.23600459500045,6.3954820584412095,China
P100001063522,Guangdong Hongde Steel Group Co Ltd,Guangdong Hongde Steel Group Co Ltd,Guangdong Hongde Steel Group Co Ltd [100.0%],China,Asia Pacific,Guangdong,24.672351,113.535574,exact,operating,1,24.0,860.0,0.0,,,,,EAF,unknown,https://www.gem.wiki/Guangdong_Hongde_Steel_Group_Co_Ltd,2371893017.6045723,25.9442633383296,4.048124125464352,China
P100000120362,Guangdong Jingye Iron and Steel Co Ltd,Guangdong Jingye Iron and Steel Co Ltd,Jingye Group Co Ltd [100.0%],China,Asia Pacific,Guangdong,23.454666,116.498483,exact,operating,1,6.0,2000.0,2000.0,,,,,BF; BOF,1082,https://www.gem.wiki/Guangdong_Jingye_Iron_and_Steel_Co_Ltd,7797595936.055308,166.30917245685816,4.1157613001382956,China
P100000120319,Guangdong Jinshenglan Metallurgical Technology Co Ltd,Guangdong Jinshenglan Metallurgical Technology Co Ltd,Fujian Lanming Investment Partnership LP [25.2%]; unknown [14.9%]; natural person(s) [13.9%]; Fujian Lanrui Investment Partnership LP [12.5%]; Fujian Qikun Investment Co Ltd [5.8%]; Fujian Zhongyi Investment Co Ltd [5.0%]; Fujian Taisong Investment Co Ltd [3.3%]; Fujian Qinghe Investment Co Ltd [1.9%]; Fujian Jinkun Investment Co Ltd [1.8%]; Fuzhou Deyu Investment Co Ltd [1.8%]; Fujian Shunle Investment Co Ltd [1.8%]; Fujian Yuheng Investment Co Ltd [1.8%]; Fuzhou Minqiu Trading Co Ltd [1.7%]; Fenghe Investment (Fujian) Co Ltd [1.4%]; Fujian Jingyuan Investment Co Ltd [1.4%]; Fujian Junao Investment Co Ltd [1.4%]; Fujian Yongxinqi Investment Co Ltd [1.4%]; Yuncheng Investment (Fujian) Co Ltd [1.4%]; Pingtan Shengxin Investment Partnership LP [1.4%],China,Asia Pacific,Guangdong,22.888729,112.263081,exact,operating,1,5.0,3600.0,0.0,,,,,EAF,2169,https://www.gem.wiki/Guangdong_Jinshenglan_Metallurgical_Technology_Co_Ltd,288572450.6037076,4.120174060187284,3.3024743400838186,China
P100000120380,Guangdong Nanfang Donghai Iron and Steel Co Ltd,Guangdong Nanfang Donghai Iron and Steel Co Ltd,Tangshan Donghai Iron and Steel Group Co Ltd [70.0%]; natural person(s) [30.0%],China,Asia Pacific,Guangdong,22.907614,112.224952,approximate,operating,1,3.0,2400.0,0.0,,,,,EAF,284,https://www.gem.wiki/Guangdong_Nanfang_Donghai_Iron_and_Steel_Co_Ltd,194781090.93254027,8.576761289801118,4.006204781387041,China
P100001063276,Guangdong Shengye Steel Co Ltd,Guangdong Shengye Steel Co Ltd,Guangdong Shengye Steel Co Ltd [100.0%],China,Asia Pacific,Guangdong,24.008564,114.797328,approximate,operating,1,21.97,920.0,0.0,,,,,EAF,11,https://www.gem.wiki/Guangdong_Shengye_Steel_Co_Ltd,106278554.73135719,0.5864355824906781,3.7254858836490987,China
P100001063591,Guangdong Shiji Qingshan Nickel Industry Co Ltd,Guangdong Shiji Qingshan Nickel Industry Co Ltd,Guangdong Shiji Qingshan Nickel Industry Co Ltd [100.0%],China,Asia Pacific,Guangdong,21.687053,111.848893,exact,operating,1,14.81,900.0,0.0,,,,,EAF,900,https://www.gem.wiki/Guangdong_Shiji_Qingshan_Nickel_Industry_Co_Ltd,546325381.749661,2.3632589306693115,7.40872804387696,China
P100001063532,Guangdong Taidu Iron & Steel Co Ltd,Guangdong Taidu Iron & Steel Co Ltd,Guangdong Taidu Iron & Steel Co Ltd [100.0%],China,Asia Pacific,Guangdong,23.504558,112.962693,exact,operating,1,22.0,1020.0,0.0,,,,,EAF,unknown,https://www.gem.wiki/Guangdong_Taidu_Iron_&_Steel_Co_Ltd,1746497357.0257854,25.04935967845901,4.150167108295288,China
P100001063263,"Guangdong Taiye Hongda Steel Co., Ltd.",Guangdong Taiye Hongda Steel Co Ltd,Guangdong Taiye Hongda Steel Co Ltd [100.0%],China,Asia Pacific,Guangdong,23.54332928798603,112.9908240744354,approximate,operating,1,13.79,920.0,0.0,,,,,EAF,unknown,"https://www.gem.wiki/Guangdong_Taiye_Hongda_Steel_Co.,_Ltd.",1746497357.0257854,43.31179139712233,3.317246297648189,China
P100000120361,GuangDong Xinxing Ductile Iron Pipes Co Ltd,GuangDong Xinxing Ductile Iron Pipes Co Ltd,Xinxing Ductile Iron Pipes Co Ltd [100.0%],China,Asia Pacific,Guangdong,22.09914,111.665479,exact,operating,1,11.0,0.0,700.0,,,,,BF,618,https://www.gem.wiki/GuangDong_Xinxing_Ductile_Iron_Pipes_Co_Ltd,126961940.125218,3.021980894178408,5.0653168132875335,China
P100000121044,Guangdong Yuebei United Steel Co Ltd,Guangdong Yuebei United Steel Co Ltd,Jingye Group Co Ltd [100.0%],China,Asia Pacific,Guangdong,24.262452,113.728198,exact,operating,1,16.0,2055.0,800.0,,,,,BF; BOF; EAF,1451,https://www.gem.wiki/Guangdong_Yuebei_United_Steel_Co_Ltd,114780320.39245096,0.9729820812459319,3.821930712580083,China
P100001063322,Guangdong Yuedong Steel Co Ltd,Guangdong Yuedong Steel Co Ltd,Guangdong Yuedong Steel Co Ltd [100.0%],China,Asia Pacific,Guangdong,23.711585,114.689761,exact,operating,1,32.14,720.0,0.0,,,,,EAF,126,https://www.gem.wiki/Guangdong_Yuedong_Steel_Co_Ltd,10381673523.067602,21.63159382063645,1.9250948699689867,China
P100001062853,Guangdong Yuehua Iron & Steel Group Co Ltd,Guangdong Yuehua Iron & Steel Group Co Ltd,Guangdong Yuehua Iron & Steel Group Co Ltd [100.0%],China,Asia Pacific,Guangdong,24.275783,113.388896,exact,operating,1,21.81,520.0,0.0,,,,,EAF,65,https://www.gem.wiki/Guangdong_Yuehua_Iron_&_Steel_Group_Co_Ltd,386008960.44992363,5.232198382686267,2.259011296840417,China
P100001063509,Guangdong Yueshao Iron & Steel Co Ltd,Guangdong Yueshao Iron & Steel Co Ltd,Guangdong Yueshao Iron & Steel Co Ltd [100.0%],China,Asia Pacific,Guangdong,24.688355,113.657408,exact,operating,1,12.48,500.0,0.0,,,,,EAF,315,https://www.gem.wiki/Guangdong_Yueshao_Iron_&_Steel_Co_Ltd,2904267538.2436757,25.79171606879199,3.956482062168141,China
P100001063495,Guangdong Zhanhong Steel Plant,Guangdong Zhanhong Steel Plant,Guangdong Zhanhong Steel Plant [100.0%],China,Asia Pacific,Guangdong,23.037858,114.970593,exact,operating,1,23.0,500.0,0.0,,,,,EAF,1000,https://www.gem.wiki/Guangdong_Zhanhong_Steel_Plant,33770610.58382256,0.8731149984088573,1.3240325291436068,China
P100000120084,Guangdong Zhongnan Iron & Steel Co Ltd,SGIS Songshan Co Ltd,SGIS Songshan Co Ltd [100.0%],China,Asia Pacific,Guangdong,24.708232,113.635898,exact,operating,1,29.0,8698.0,6500.0,,,,,BF; BOF; EAF,5155,https://www.gem.wiki/Guangdong_Zhongnan_Iron_&_Steel_Co_Ltd,2904267538.2436757,27.094970679550762,1.1009167556153143,China
P100000121071,Guangshui Huaxin Metallurgical Industry Co Ltd,Guangshui Huaxin Smelt Industry Co Ltd,Fujian Shangkun Investment Co Ltd [62.5%]; Fujian Kangye Investment Co Ltd [37.5%],China,Asia Pacific,Hubei,31.50221,114.008142,exact,operating,1,18.0,869.0,730.0,,,,,BF; EAF,1038,https://www.gem.wiki/Guangshui_Huaxin_Metallurgical_Industry_Co_Ltd,39099648.249599755,1.2260845815446453,5.4172791181418365,China
P100000120093,Guangxi Beigang New Material Co Ltd,Guangxi BG New Materials Co Ltd,Guangxi Beibu Gulf International Port Group Co Ltd [100.0%],China,Asia Pacific,Guangxi,21.519924,109.506427,exact,operating,1,17.0,3400.0,1850.0,3400.0,,,,BF; EAF,2225,https://www.gem.wiki/Guangxi_Beigang_New_Material_Co_Ltd,490660026.3866026,0.9588073373563999,4.373955933920907,China
P100000120370,Guangxi Chiji Iron and Steel Co Ltd,Guangxi Chiji Iron and Steel Co Ltd,Qian'an City Jiujiang Wire Co Ltd [100.0%],China,Asia Pacific,Guangxi,23.402121,111.134606,exact,operating,1,7.0,4800.0,5680.0,,,,,BF; BOF; Iron other/unspecified,7900,https://www.gem.wiki/Guangxi_Chiji_Iron_and_Steel_Co_Ltd,105313275.99139243,14.808088031139075,3.171070044657368,China
P100000120398,Guangxi Deyuan Metallurgy Co Ltd (Nayangdaqiao),Guangxi Deyuan Metallurgy Co Ltd,Fujian Yongjianguo Investment Development Co Ltd [50.0%]; natural person(s) [35.0%]; Guangxi Changheng Investment Co Ltd [15.0%],China,Asia Pacific,Guangxi,22.712996,109.33725,exact,operating pre-retirement,1,36.0,1600.0,0.0,,,,,EAF,73,https://www.gem.wiki/Guangxi_Deyuan_Metallurgy_Co_Ltd_(Nayangdaqiao),277340105.397218,3.050024608580374,3.9067081043733367,China
P100000121140,Guangxi Deyuan Metallurgy Co Ltd (Yujiangbian),Guangxi Deyuan Metallurgy Co Ltd,Fujian Yongjianguo Investment Development Co Ltd [50.0%]; natural person(s) [35.0%]; Guangxi Changheng Investment Co Ltd [15.0%],China,Asia Pacific,Guangxi,22.85831,108.90109,approximate,announced,1,,0.0,0.0,,,,,EAF,unknown,https://www.gem.wiki/Guangxi_Deyuan_Metallurgy_Co_Ltd_(Yujiangbian),266302664.99618664,0.6623541492113258,3.2541570545863587,China
P100000120395,Guangxi Guifeng Special Steel Co Ltd,Guangxi Longzhou Zhongheng Wanhua Industrial Co Ltd,Guangxi Longzhou Yishuo Investment Management Co Ltd [100.0%],China,Asia Pacific,Guangxi,23.987136,111.914197,exact,operating,1,24.0,1725.0,0.0,,,,,EAF,44,https://www.gem.wiki/Guangxi_Guifeng_Special_Steel_Co_Ltd,17341547.352170102,0.4482943585107056,5.1105737419419635,China
P100000120095,Guangxi Guigang Iron and Steel Group Co Ltd,Guangxi Guigang Iron and Steel Group Co Ltd,natural person(s) [44.0%]; Guigang Helong Investment Partnership LP [41.8%]; Guigang Herun Investment Partnership LP [12.5%]; unknown [1.7%],China,Asia Pacific,Guangxi,23.088182,109.634638,exact,operating,5,23.0,1400.0,1660.0,,,,,BOF; BF,2727,https://www.gem.wiki/Guangxi_Guigang_Iron_and_Steel_Group_Co_Ltd,6503602261.824279,14.052423521621082,4.210970927284132,China
P100000120363,Guangxi Guigang Iron and Steel Group Guigang Guibao Special Steel Co Ltd,Guangxi Guigang Iron and Steel Group Guigang Guibao SPECIAL Steel Co Ltd,Guangxi Guigang Iron and Steel Group Co Ltd [44.0%]; Guigang Helong Investment Partnership LP [41.8%]; Guigang Herun Investment Partnership LP [12.5%]; unknown [1.7%],China,Asia Pacific,Guangxi,23.089502,109.63938,exact,operating,1,8.0,1200.0,0.0,,,,,EAF,unknown,https://www.gem.wiki/Guangxi_Guigang_Iron_and_Steel_Group_Guigang_Guibao_Special_Steel_Co_Ltd,6503602261.824279,14.052423521621082,4.212282668794471,China
P100000120368,Guangxi Guixin Iron and Steel Group Co Ltd,Guangxi Guixin Steel Group Co Ltd,Guangxi Guixin Steel Group Co Ltd [100.0%],China,Asia Pacific,Guangxi,23.978962,111.735523,exact,operating,1,33.0,6050.0,3120.0,,,,,BF; BOF; EAF,90,https://www.gem.wiki/Guangxi_Guixin_Iron_and_Steel_Group_Co_Ltd,90031801.82740928,0.2618500128068928,3.590784264247009,China
P100000120394,Guangxi Guixin Iron and Steel Intelligent Manufacturing Co Ltd,Hezhou Zhaoxin Hardware Products Co Ltd,Hezhou Zhaoxin Hardware Products Co Ltd [100.0%],China,Asia Pacific,Guangxi,23.978567,111.735529,exact,operating,2,26.0,750.0,0.0,,,,,EAF,127,https://www.gem.wiki/Guangxi_Guixin_Iron_and_Steel_Intelligent_Manufacturing_Co_Ltd,90031801.82740928,0.2618500128068928,3.5633630360018103,China
P100000120397,Guangxi Hezhou Kexinda Metal Products Co Ltd,Guangxi Hezhou Kexinda Metal Products Co Ltd,Guangxi Hezhou Kexinda Metal Products Co Ltd [100.0%],China,Asia Pacific,Guangxi,23.979937,111.745037,exact,operating,1,22.0,1150.0,0.0,,,,,EAF,17,https://www.gem.wiki/Guangxi_Hezhou_Kexinda_Metal_Products_Co_Ltd,90031801.82740928,0.2522028349301911,4.436036634842673,China
P100000120396,Guangxi Hezhou Pengda New Materials Co Ltd,Hezhou Xindu Sanyuan Casting Co Ltd,Hezhou Xindu Sanyuan Casting Co Ltd [100.0%],China,Asia Pacific,Guangxi,23.987007,111.739775,exact,operating,1,10.0,780.0,0.0,,,,,EAF,200,https://www.gem.wiki/Guangxi_Hezhou_Pengda_New_Materials_Co_Ltd,90031801.82740928,0.2553593714705185,4.513422491628502,China
P100000120306,Guangxi Iron and Steel Group Co Ltd Fangchenggang Iron & Steel Base,Guangxi Iron and Steel Group Co Ltd,Liuzhou IRON&STEEL Co Ltd [45.8%]; Guangxi Liuzhou Iron and Steel Group Co Ltd [45.6%]; China Baowu Steel Group Co Ltd [8.6%],China,Asia Pacific,Guangxi,21.580723,108.400896,exact,operating,1,6.0,8400.0,8880.0,,10730.0,3500.0,,BF; BOF,5943,https://www.gem.wiki/Guangxi_Iron_and_Steel_Group_Co_Ltd_Fangchenggang_Iron_&_Steel_Base,226557645.65927386,1.6286048372605655,7.713685887790827,China
P100000120374,Guangxi Liugang Zhongjin Stainless Steel Co Ltd,Guangxi Liugang Zhongjin Stainless Steel Co Ltd,Guangxi Liuzhou Iron and Steel Group Co Ltd [100.0%],China,Asia Pacific,Guangxi,21.67261,109.741866,exact,operating,3,13.0,0.0,3310.0,100.0,1100.0,,,BF; Steel other/unspecified; Iron other/unspecified,2132,https://www.gem.wiki/Guangxi_Liugang_Zhongjin_Stainless_Steel_Co_Ltd,221366537.43015066,1.1327268646523603,5.270920423795694,China
P100000120393,Guangxi Longzhou Zhongheng Wanhua Industrial Co Ltd,Guangxi Longzhou Zhongheng Wanhua Industrial Co Ltd,Guangxi Longzhou Yishuo Investment Management Co Ltd [100.0%],China,Asia Pacific,Guangxi,22.326361,106.94616,exact,operating,1,11.0,0.0,550.0,,,,,BF,188,https://www.gem.wiki/Guangxi_Longzhou_Zhongheng_Wanhua_Industrial_Co_Ltd,12209976.102895368,0.43162919281347345,4.055998148078813,China
P100000120094,Guangxi Shenglong Metallurgical Co Ltd,Guangxi Shenglong Metallurgical Co Ltd,Guangxi Shenglong Metallurgical Co Ltd [100.0%],China,Asia Pacific,Guangxi,21.687637,108.412344,exact,operating,3,23.0,9783.0,10310.0,,,,,BF; BOF,11959,https://www.gem.wiki/Guangxi_Shenglong_Metallurgical_Co_Ltd,954514098.9683073,2.8547247297683813,4.492454083044233,China
P100000120369,Guangxi Wuzhou Jinhai Stainless Steel Co Ltd,Guangxi Wuzhou Jinhai Stainless Steel Co Ltd,Guangdong Jinhai Brilliant Group Co Ltd [100.0%],China,Asia Pacific,Guangxi,23.518229,111.235509,exact,operating,1,16.0,1500.0,0.0,,,,,EAF,931,https://www.gem.wiki/Guangxi_Wuzhou_Jinhai_Stainless_Steel_Co_Ltd,607979569.3111423,16.949046862208938,3.8036696989522762,China
P100000120367,Guilin Pinggang Iron and Steel Co Ltd,Guilin Pinggang Iron and Steel Co Ltd,Guangxi Xingui Steel Group Co Ltd [65.0%]; natural person(s) [35.0%],China,Asia Pacific,Guangxi,24.673567,110.78959,exact,operating,1,29.0,1200.0,0.0,,,,,EAF,360,https://www.gem.wiki/Guilin_Pinggang_Iron_and_Steel_Co_Ltd,33714093.6953855,0.7193132689501195,3.8715284680201383,China
P100000120098,Guizhou Ganglian Industrial Group Co Ltd,Guizhou Ganglian Industrial Group Co Ltd,Guizhou Ganglian Industrial Group Co Ltd [100.0%],China,Asia Pacific,Guizhou,27.615147,106.949926,exact,operating,1,12.0,1325.0,0.0,,,,,EAF,unknown,https://www.gem.wiki/Guizhou_Ganglian_Industrial_Group_Co_Ltd,3047624310.877063,42.013749874865816,1.373483757316743,China
P100000120364,Guizhou Hexing Steel Co Ltd,Guizhou Hexing Metal Products Co Ltd,natural person(s) [65.0%]; Guizhou Mindong Economic and Trade Co Ltd [35.0%],China,Asia Pacific,Guizhou,26.509525,107.570458,exact,operating,2,14.0,500.0,0.0,,,,,EAF,130,https://www.gem.wiki/Guizhou_Hexing_Steel_Co_Ltd,30310794.301979743,0.6015662002167821,4.580226728336829,China
P100000120360,Guizhou Juxin Iron and Steel Group Co Ltd,Qianxinan Prefecture Juxin Industry & Trade General Co,Qianxinan Prefecture Juxin Industry & Trade General Co [100.0%],China,Asia Pacific,Guizhou,25.150857,105.041722,exact,operating pre-retirement,2,33.0,490.0,0.0,,,,,EAF,94,https://www.gem.wiki/Guizhou_Juxin_Iron_and_Steel_Group_Co_Ltd,259782939.28469855,10.670549472653512,2.8751726129950477,China
P100000120097,Guizhou United Iron and Steel Group Co Ltd,Guizhou United Steel (Group) Co Ltd,Guiyang Changle Iron and Steel Co Ltd [33.3%]; Qianxinan Prefecture Juxin Industry & Trade General Co [33.3%]; Zunyi County Fuxin Iron & Steel Product Co Ltd [33.3%],China,Asia Pacific,Guizhou,27.591691,106.814024,exact,operating,1,12.0,1990.0,0.0,,,,,EAF,unknown,https://www.gem.wiki/Guizhou_United_Iron_and_Steel_Group_Co_Ltd,288427354.33009654,39.15861051985098,4.309417329066385,China
P100000120839,Gulf Tubing Company Ras Al-Khair steel plant,Gulf Tubing Co,SMS Holding GmbH; Vitkovice Heavy Machinery AS,Saudi Arabia,Middle East,Eastern Province,27.502041,49.189647,approximate,construction,1,,0.0,0.0,,,,,EAF,700,https://www.gem.wiki/Gulf_Tubing_Company_Ras_Al-Khair_steel_plant,,,1945.820815230956,
P100000120507,Gunung Raja Paksi North Sumatra steel plant,PT Gunung Raja Paksi Tbk,PT Gunung Raja Paksi Tbk [100.0%],Indonesia,Asia Pacific,North Sumatra,3.66445,98.666166,approximate,cancelled,1,,0.0,0.0,,,,,BF; EAF,1200,https://www.gem.wiki/Gunung_Raja_Paksi_North_Sumatra_steel_plant,,,639.3761001633386,
P100000120506,Gunung Raja Paksi South Kalimantan steel plant,PT Gunung Raja Paksi Tbk,PT Gunung Raja Paksi Tbk [100.0%],Indonesia,Asia Pacific,South Kalimantan,-3.460837,115.950278,approximate,cancelled,1,,0.0,0.0,,,,,Iron other/unspecified; Steel other/unspecified,unknown,https://www.gem.wiki/Gunung_Raja_Paksi_South_Kalimantan_steel_plant,,,2504.7042983044876,
P100000120499,Gunung Raja Paksi West Java steel plant,PT Gunung Raja Paksi Tbk,PT Gunung Raja Paksi Tbk [100.0%],Indonesia,Asia Pacific,West Java,-6.282658,107.117683,exact,operating,4,40.0,2800.0,2000.0,,,,,EAF; DRI; BF; BOF,5000,https://www.gem.wiki/Gunung_Raja_Paksi_West_Java_steel_plant,,,2073.467304057643,
P100000120872,Habas Aliaga steel plant,Habas Industrial and Medical Gases Production Industries AŞ,Habas Industrial and Medical Gases Production Industries AŞ [100.0%],Türkiye,Europe,İzmir,38.751462,26.950172,exact,operating,1,39.0,4500.0,0.0,,,,,EAF,1449,https://www.gem.wiki/Habas_Aliaga_steel_plant,,,3986.7050317252642,
P100000120856,Hadeed Metal Manufacturing Co Damascus steel plant,Hadeed Metal Manufacturing Co,Hadeed Metal Manufacturing Co [100.0%],Syria,Middle East,Damascus,33.626258,36.574968,exact,operating,1,14.0,800.0,0.0,,,,,EAF,750,https://www.gem.wiki/Hadeed_Metal_Manufacturing_Co_Damascus_steel_plant,,,3229.574624219891,
P100000121174,Hai Kwang Enterprise Kaohsiung steel plant,Hai Kwang Enterprise Corp,Hai Kwang Enterprise Corp [100.0%],Taiwan,Asia Pacific,Kaohsiung,22.550634,120.365645,exact,operating,1,57.0,600.0,0.0,,,,,EAF,350,https://www.gem.wiki/Hai_Kwang_Enterprise_Kaohsiung_steel_plant,,,290.9659560460194,
P100001063796,Haicheng Hengsheng Casting Co Ltd,Haicheng Hengsheng Casting Co Ltd,Haicheng Hengsheng Casting Co Ltd [100.0%],China,Asia Pacific,Liaoning,41.057478,122.8328,exact,operating,2,26.0,760.0,1220.0,,,,,BF; BOF,1808,https://www.gem.wiki/Haicheng_Hengsheng_Casting_Co_Ltd,722648668.565372,118.95451917307673,3.8715332662188517,China
P100000120491,Halyvourgiki Eleusis steel plant,Halyvourgiki SA,Halyvourgiki SA [100.0%],Greece,Europe,Attica,38.043873,23.508083,exact,retired,1,91.0,0.0,0.0,,,,,BF; BOF; EAF,170,https://www.gem.wiki/Halyvourgiki_Eleusis_steel_plant,,,4296.542313556569,
P100000120102,Handan Iron and Steel Group Co Ltd,Handan Iron and Steel Group Co Ltd,HBIS Group Co Ltd [100.0%],China,Asia Pacific,Hebei,36.601308,114.439889,exact,retired,1,64.91,0.0,0.0,,,,,BF; BOF,35481,https://www.gem.wiki/Handan_Iron_and_Steel_Group_Co_Ltd,34430628965.986046,103.60424995136609,3.1064926839380744,China
P100000120326,Handan Steel Group Handan Bao Steel Co Ltd,Hanshan Iron and Steel Co Ltd,HBIS Group Co Ltd [100.0%],China,Asia Pacific,Hebei,36.685881,113.837073,exact,operating,1,4.0,4488.0,5650.0,,,,,BF; BOF,5700,https://www.gem.wiki/Handan_Steel_Group_Handan_Bao_Steel_Co_Ltd,296202759.7826058,4.90684793815014,4.203227950327188,China
P100000120334,Hangda Steel Co Ltd,Dazhou Hangda Steel Co Ltd,Dazhou Hangda Steel Co Ltd [100.0%],China,Asia Pacific,Sichuan,31.435149,107.685981,exact,operating,1,22.31,1000.0,0.0,,,,,EAF,564,https://www.gem.wiki/Hangda_Steel_Co_Ltd,49607605.43538932,1.445503830095527,3.337983837649912,China
P100000120705,Hansco Hwanyoung Steel Dangjin plant,Hwanyoung Steel Industries Co Ltd,KISCO Corp,South Korea,Asia Pacific,South Chungcheong,36.956486,126.616956,exact,operating,1,32.8,800.0,0.0,,,,,EAF,unknown,https://www.gem.wiki/Hansco_Hwanyoung_Steel_Dangjin_plant,,,356.7483179371064,
P100000120800,HBIS GROUP Serbia Iron & Steel plant Belgrade,HBIS Group Serbia Iron & Steel Beograd doo,HBIS Group Co Ltd,Serbia,Europe,Podunavlje,44.606332,20.970066,exact,operating,3,62.0,2199.0,1300.0,,,,,BF; BOF,5200,https://www.gem.wiki/HBIS_GROUP_Serbia_Iron_&_Steel_plant_Belgrade,,,4312.671155722184,
P100000120315,Hbis Laoting Steel Co Ltd,HBIS Laoting Steel Co Ltd,HBIS Co Ltd [69.1%]; HBIS Group Co Ltd [7.7%]; Hebei Province Jicai Lndustryl Equity Lnvestment Fund Co Ltd [7.0%]; China Everbright Group Ltd [6.5%]; Gansu Provincial State-owned Assets Investment Group Co Ltd [3.0%]; Tangshan City Development Group Co Ltd [2.9%]; Gansu Financial Holding Group Co Ltd [2.0%]; unknown [0.9%]; Gansu Highway Aviation Tourism Investment Group Co Ltd [0.8%],China,Asia Pacific,Hebei,39.257823,119.033567,exact,operating,3,6.0,7450.0,7320.0,,5097.0,,3706.0,BF; BOF; EAF,9613,https://www.gem.wiki/Hbis_Laoting_Steel_Co_Ltd,658638310.9064554,3.968478459784607,3.8272839663905502,China
P100000121045,Hebei Anfeng Iron and Steel Co Ltd,Hebei Anfeng Iron & Steel Co Ltd,Hebei Anfeng Iron & Steel Co Ltd [100.0%],China,Asia Pacific,Hebei,39.65849,118.894804,exact,operating,1,24.0,7100.0,5772.0,,,3900.0,2000.0,BF; BOF,5146,https://www.gem.wiki/Hebei_Anfeng_Iron_and_Steel_Co_Ltd,301142693.52749974,8.280535657885576,4.0918280884994465,China
P100000120135,Hebei Baoxin Iron and Steel Group Co Ltd,Hebei Baoxin Iron and Steel Group Co Ltd,Hebei Baoxin Iron and Steel Group Co Ltd [100.0%],China,Asia Pacific,Hebei,36.555205,114.108273,exact,retired,1,19.0,0.0,0.0,,2000.0,,,BF; BOF,unknown,https://www.gem.wiki/Hebei_Baoxin_Iron_and_Steel_Group_Co_Ltd,1340340843.3454995,25.205611257495427,2.1210504405280433,China
P100000120508,Hebei Bishi Central Java steel plant,Hebei Bishi Industry Group Co Ltd,Hebei Bishi Industry Group Co Ltd [100.0%],Indonesia,Asia Pacific,Central Java,-6.896426,110.220286,approximate,cancelled,1,,0.0,0.0,,,2400.0,,BF; BOF; Iron other/unspecified; Steel other/unspecified,unknown,https://www.gem.wiki/Hebei_Bishi_Central_Java_steel_plant,,,2373.2533341583617,
P100000121249,Hebei Bishi Inner Mongolia iron and steel plant,Inner Mongolia (Naiman) Jingan Non-ferrous Metal Materials Co Ltd,Inner Mongolia (Naiman) Jingan Non-ferrous Metal Materials Co Ltd [100.0%],China,Asia Pacific,Inner Mongolia,43.696186,122.219433,approximate,announced,1,,0.0,0.0,,,,,DRI; EAF,unknown,https://www.gem.wiki/Hebei_Bishi_Inner_Mongolia_iron_and_steel_plant,755333747.2342982,31.991072852940253,1.6188260187092378,China
P100000120119,Hebei Donghai Special Steel Co Ltd,Hebei Donghai SPECIAL Steel Group Co Ltd,Hebei Donghai SPECIAL Steel Group Co Ltd [100.0%],China,Asia Pacific,Hebei,39.610605,118.474722,exact,operating,1,17.0,10001.0,7253.0,,,,,BF; BOF,11295,https://www.gem.wiki/Hebei_Donghai_Special_Steel_Co_Ltd,1222250055.6719754,21.133834225873116,2.1290054670354035,China
P100001064139,Hebei Guanfeng Metallurgical Industry Co Ltd,Hebei Guanfeng Metallurgical Industry Co Ltd,Hebei Guanfeng Metallurgical Industry Co Ltd [100.0%],China,Asia Pacific,Hebei,36.73422,114.111085,exact,operating,1,18.93,0.0,500.0,,,,,BF,321,https://www.gem.wiki/Hebei_Guanfeng_Metallurgical_Industry_Co_Ltd,2791499561.2492723,18.000980555199195,3.13428281885423,China
P100000120151,Hebei Huaxi Iron and Steel Co Ltd,Luannan Huarui Steel Co Ltd,Wuxi Zhongbang Equity Investment Partnership LP [77.8%]; Jiangsu Huaxi Group Co Ltd [22.2%],China,Asia Pacific,Hebei,39.51833,118.715766,exact,retired,1,19.0,0.0,0.0,,,,,BF; BOF,unknown,https://www.gem.wiki/Hebei_Huaxi_Iron_and_Steel_Co_Ltd,1572778754.3996863,6.7260248257854975,2.6720690197328905,China
P100000120323,Hebei Huaxi Special Steel Co Ltd,Hebei Huaxi Special Steel Co Ltd,Wuxi Zhongbang Equity Investment Partnership LP [77.8%]; Jiangsu Huaxi Group Co Ltd [22.2%],China,Asia Pacific,Hebei,39.260784,119.005925,exact,operating,1,5.0,1824.0,1968.0,,,,,BF; BOF,2021,https://www.gem.wiki/Hebei_Huaxi_Special_Steel_Co_Ltd,658638310.9064554,3.990925109516619,4.610558780096811,China
P100000120378,Hebei Huaxin Special Steel Co Ltd,Hebei Huaxin Special Steel Co Ltd,Jinan Iron & Steel Group Co Ltd [85.1%]; Wuan Yuhua Steel Co Ltd [11.5%]; unknown [3.5%],China,Asia Pacific,Hebei,36.53048,114.245262,exact,operating,1,5.0,1350.0,1140.0,,,,,BF; BOF,1770,https://www.gem.wiki/Hebei_Huaxin_Special_Steel_Co_Ltd,1439683054.8066726,40.71827937468466,3.5260211150296317,China
P100001064078,Hebei Jingdong Pipe Industry Co Ltd,Hebei Jingdong Pipe Industry Co Ltd,Hebei Jingdong Pipe Industry Co Ltd [100.0%],China,Asia Pacific,Hebei,39.932656,118.836844,exact,operating,1,23.65,0.0,550.0,,,,,BF; EAF,1400,https://www.gem.wiki/Hebei_Jingdong_Pipe_Industry_Co_Ltd,177055102.2953652,17.71214644803642,4.328089617669879,China
P100000120117,Hebei Jinxi Iron and Steel Group Co Ltd,Hebei Jinxi Iron & Steel Group Co Ltd,Gold Geneses Development Ltd [57.2%]; FIRST GLORY SERVICES Ltd [38.0%]; unknown [4.8%],China,Asia Pacific,Hebei,40.209844,118.220547,exact,operating,1,40.0,5000.0,7400.0,,14840.0,,2000.0,BF; BOF,5364,https://www.gem.wiki/Hebei_Jinxi_Iron_and_Steel_Group_Co_Ltd,251849587.08247745,2.9903337463853914,1.0506856648212801,China
P100000120350,Hebei Longfengshan Casting Co Ltd,Hebei PROVINCE Longfengshan Casting Industry Co Ltd,natural person(s) [90.1%]; China Development Bank Corp [9.9%],China,Asia Pacific,Hebei,36.705105,114.105387,exact,operating,1,27.0,0.0,2000.0,,,,,BF,2115,https://www.gem.wiki/Hebei_Longfengshan_Casting_Co_Ltd,2791499561.2492723,19.6128676081678,1.7848833014914507,China
P100000120307,Hebei Mingbin Iron and Steel Co Ltd,Hebei New Wuan Steel Group Wenan IRON&STEEL Co Ltd,natural person(s) [49.0%]; Hebei Puyang Industrial Group Co Ltd [33.2%]; Longxiang Group (Hong Kong) [17.8%],China,Asia Pacific,Hebei,36.631491,113.968635,exact,construction,1,,0.0,0.0,,2800.0,,1200.0,BF; BOF,unknown,https://www.gem.wiki/Hebei_Mingbin_Iron_and_Steel_Co_Ltd,188809636.46592227,8.270402236857965,1.1687737586329985,China
P100000120113,Hebei Puyang Iron and Steel Co Ltd,Hebei Puyang Iron and Steel Co Ltd,Hebei Puyang Industrial Group Co Ltd [65.0%]; Longxiang Group (Hong Kong) [35.0%],China,Asia Pacific,Hebei,36.733675,113.925995,exact,operating,4,34.0,5567.0,3150.0,,9216.0,,1200.0,BF; BOF,6863,https://www.gem.wiki/Hebei_Puyang_Iron_and_Steel_Co_Ltd,313791587.31473416,5.88524477823925,4.030871122920571,China
P100000120145,Hebei Rongxin Steel Co Ltd,Hebei Rongxin Iron & Steel Co Ltd,Tangshan Xinfengsheng Trade Co Ltd [72.6%]; Hebei Xinda Iron and Steel Co Ltd [27.4%],China,Asia Pacific,Hebei,39.880661,118.558755,exact,operating,4,24.0,2300.0,2370.0,,,,,BF; BOF,2407,https://www.gem.wiki/Hebei_Rongxin_Steel_Co_Ltd,796505445.106471,21.66793353856652,1.588255075997029,China
P100000120325,Hebei Taihang Iron and Steel Group Co Ltd,Hebei Taihang Iron and Steel Group Co Ltd,Hebei Taihang Iron and Steel Group Co Ltd [100.0%],China,Asia Pacific,Hebei,36.613716,114.082349,exact,operating,1,5.0,3950.0,3810.0,,,,,BF; BOF,6461,https://www.gem.wiki/Hebei_Taihang_Iron_and_Steel_Group_Co_Ltd,383769388.9911753,18.542776432444406,3.841459766838467,China
P100000120150,Hebei Tangyin Iron and Steel Co Ltd,Hebei Tangyin IRON&STEEL Co Ltd,HBIS Group Co Ltd [51.0%]; Hebei Yinshui Industrial Group Co Ltd [49.0%],China,Asia Pacific,Hebei,39.699354,118.213188,exact,retired,1,14.0,0.0,0.0,,,,,BF; BOF,unknown,https://www.gem.wiki/Hebei_Tangyin_Iron_and_Steel_Co_Ltd,13017662437.888332,149.56965932082062,1.081386467298828,China
P100000120328,Hebei Tangyin Iron and Steel Co Ltd Caofeidian base,Hebei Tangyin IRON&STEEL Co Ltd,HBIS Group Co Ltd [51.0%]; Hebei Yinshui Industrial Group Co Ltd [49.0%],China,Asia Pacific,Hebei,39.160401,118.429806,exact,operating,1,20.0,2300.0,2660.0,,5300.0,,1200.0,BF; BOF,3696,https://www.gem.wiki/Hebei_Tangyin_Iron_and_Steel_Co_Ltd_Caofeidian_base,146526011.7107865,4.668990833378107,4.641974110497238,China
P100000120324,Hebei Tianzhu Iron and Steel Group Co Ltd,Hebei Tianzhu Iron and Steel Group Special Steel Co Ltd,Hebei Tianzhu IRON&STEEL (GROUP) Co Ltd [100.0%],China,Asia Pacific,Hebei,39.270032,119.01376,exact,operating,1,4.0,3034.0,3040.0,,,,,BF; BOF,2909,https://www.gem.wiki/Hebei_Tianzhu_Iron_and_Steel_Group_Co_Ltd,658638310.9064554,3.972577075023777,3.399494976127943,China
P100000120149,Hebei Tianzhu Iron and Steel Group Co Ltd Fengrun Plant,Hebei Tianzhu IRON&STEEL (GROUP) Co Ltd,Hebei Tianzhu IRON&STEEL (GROUP) Co Ltd [100.0%],China,Asia Pacific,Hebei,39.803524,118.205663,exact,retired,1,19.5,0.0,0.0,,,,,BF; BOF,unknown,https://www.gem.wiki/Hebei_Tianzhu_Iron_and_Steel_Group_Co_Ltd_Fengrun_Plant,4568324809.945682,92.68132131371237,1.3380659445926801,China
P100000120115,Hebei Wenfeng Iron and Steel Co Ltd,Hebei Wenfeng STEEL&IRON Co Ltd,Hebei Wenfeng STEEL&IRON Co Ltd [100.0%],China,Asia Pacific,Hebei,36.64577,114.124258,exact,retired,1,20.0,0.0,0.0,,,,,BF; BOF,2228,https://www.gem.wiki/Hebei_Wenfeng_Iron_and_Steel_Co_Ltd,1570133414.6514165,21.013936468018457,2.3104674207163067,China
P100000120742,Hebei Xin Wu an Steel Malaysia plant,Hebei Xinwuan Iron and Steel Group Co Ltd,Hebei Xinwuan Iron and Steel Group Co Ltd [100.0%],Malaysia,Asia Pacific,Sarawak,3.586453,113.359851,approximate,construction,2,,0.0,0.0,,,,,BF; BOF,unknown,https://www.gem.wiki/Hebei_Xin_Wu_an_Steel_Malaysia_plant,,,1673.7647630299311,
P100000120136,Hebei Xin Wuan Steel Group Hongrong Iron and Steel Co Ltd,Hebei New Wuan Lron and Steel Group Hong Rong Lron and Steel Co Ltd,Hebei Puyang Industrial Group Co Ltd [45.5%]; Xianghe Hongcheng New Energy Technology Co Ltd [27.6%]; Longxiang Group (Hong Kong) [24.5%]; unknown [2.4%],China,Asia Pacific,Hebei,36.640411,113.981172,exact,operating,3,42.0,1350.0,1060.0,,,,,BF; BOF,1822,https://www.gem.wiki/Hebei_Xin_Wuan_Steel_Group_Hongrong_Iron_and_Steel_Co_Ltd,188809636.46592227,8.139550283461952,2.662640121194022,China
P100000120133,Hebei Xin Wuan Steel Group Wenan Iron and Steel Co Ltd,Hebei New Wuan Steel Group Wenan IRON&STEEL Co Ltd,natural person(s) [49.0%]; Hebei Puyang Industrial Group Co Ltd [33.2%]; Longxiang Group (Hong Kong) [17.8%],China,Asia Pacific,Hebei,36.679431,114.169024,exact,operating pre-retirement,2,23.0,1400.0,910.0,,,,,BF; BOF,1596,https://www.gem.wiki/Hebei_Xin_Wuan_Steel_Group_Wenan_Iron_and_Steel_Co_Ltd,6917400988.421546,24.163021145564965,4.755245041342394,China
P100000120142,Hebei Xinda Iron and Steel Group Co Ltd,Hebei Xinda Iron and Steel Co Ltd,Tangshan Xinfengsheng Trade Co Ltd [72.6%]; natural person(s) [27.4%],China,Asia Pacific,Hebei,39.898362,118.579364,exact,operating,3,24.0,5000.0,4340.0,,,,,BF; BOF,6386,https://www.gem.wiki/Hebei_Xinda_Iron_and_Steel_Group_Co_Ltd,796505445.106471,23.174290209211513,4.134416700732589,China
P100000121218,Hebei Xinfeng Suez Canal Economic Zone steel complex,Hebei Xinfeng High-pressure Flange and Pipe Fitting Co Ltd,Hebei Xinfeng High-pressure Flange and Pipe Fitting Co Ltd [100.0%],Egypt,Africa,Suez,29.707611,32.28672,approximate,announced,1,,0.0,0.0,,,,,EAF,2000,https://www.gem.wiki/Hebei_Xinfeng_Suez_Canal_Economic_Zone_steel_complex,,,3609.29422253434,
P100000120138,Hebei Xinghua Iron and Steel Co Ltd,Hebei Xinghua Iron and Steel Co Ltd,Jinan Iron & Steel Group Co Ltd [51.0%]; natural person(s) [49.0%],China,Asia Pacific,Hebei,36.744936,114.111602,exact,retired,1,23.0,0.0,0.0,,,,,BF; BOF,1431,https://www.gem.wiki/Hebei_Xinghua_Iron_and_Steel_Co_Ltd,2791499561.2492723,18.00434319038897,4.241572867639041,China
P100000120137,Hebei Xinjin Iron and Steel Co Ltd,Hebei Xinjin Iron and Steel Co Ltd,WEALTH GROUP INVESTMENT LIMITED [78.0%]; Wu'an Hongji Investment Co Ltd [12.7%]; unknown [4.1%],China,Asia Pacific,Hebei,36.715632,114.208992,exact,operating,2,33.0,2700.0,3240.0,,,,,BF; BOF,3173,https://www.gem.wiki/Hebei_Xinjin_Iron_and_Steel_Co_Ltd,6917400988.421546,23.610129845355072,0.8136961216084113,China
P100000120130,Hebei Xinwuan Iron and Steel Group Xinhui Metallurgy Co Ltd,Hebei New Wuan Iron and Steel Group Xin Hui Metallurgy Co Ltd,Hebei New Wuan Iron and Steel Group Xin Hui Metallurgy Co Ltd [100.0%],China,Asia Pacific,Hebei,36.664097,114.115263,exact,operating,2,26.0,1575.0,0.0,,,,,EAF; BF; BOF,945,https://www.gem.wiki/Hebei_Xinwuan_Iron_and_Steel_Group_Xinhui_Metallurgy_Co_Ltd,1570133414.6514165,20.668549711905484,4.433333265411366,China
P100000120099,Hebei Xinxing Ductile Iron Pipes Co Ltd,Hebei Xinxing Ductile Iron Pipes Co Ltd,Xinxing Ductile Iron Pipes Co Ltd [100.0%],China,Asia Pacific,Hebei,36.621504,114.128189,exact,operating,1,33.0,2500.0,1180.0,,,,,BF; BOF,452,https://www.gem.wiki/Hebei_Xinxing_Ductile_Iron_Pipes_Co_Ltd,1570133414.6514165,26.53322136943054,0.4817783921027864,China
P100000120111,Hebei Yanshan Iron and Steel Group Co Ltd,Hebei Yanshan Iron and Steel Group Co Ltd,Hebei Yanshan Iron and Steel Group Co Ltd [100.0%],China,Asia Pacific,Hebei,39.925508,118.672757,exact,operating,1,24.0,9990.0,10000.0,,,,,BF; BOF; EAF,10209,https://www.gem.wiki/Hebei_Yanshan_Iron_and_Steel_Group_Co_Ltd,4245679723.9297485,23.402932382220673,4.74568458851105,China
P100000120131,Hebei Yongyang Special Steel Group Co Ltd,Hebei YongYang Special Steel Group Co Ltd,Handan Yongnian Shengda Steel Co Ltd [49.0%]; WEALTH GROUP INVESTMENT LIMITED [39.8%]; Wu'an Hongji Investment Co Ltd [6.5%]; unknown [2.1%],China,Asia Pacific,Hebei,36.786851,114.376132,exact,operating,1,33.0,1610.0,2320.0,,,,,BF; BOF; EAF,3698,https://www.gem.wiki/Hebei_Yongyang_Special_Steel_Group_Co_Ltd,364664534.1041899,74.13470308068804,0.5448837276539245,China
P100000120401,Hebei Zhangxuan High Tech Co Ltd,Hbzx HIGH Tech Co Ltd,HBIS Group Co Ltd [100.0%],China,Asia Pacific,Hebei,40.607977,115.067516,approximate,operating,2,3.0,1800.0,555.0,,,518.0,66.0,DRI; EAF,2060,https://www.gem.wiki/Hebei_Zhangxuan_High_Tech_Co_Ltd,11073664760.627905,21.36948949327865,2.8884967473936123,China
P100000120311,Hebei Zongheng Group Fengnan Iron and Steel Co Ltd,Hebei Zongheng Group Fengnan Iron & Steel Co Ltd,Hebei Xinhua United Metallurgical Holding Group Co Ltd [43.2%]; China Railway Materials Group Holdings Ltd [27.0%]; Shuangyao Investment Co Ltd [21.1%]; Sinogiant Steel HOLDINGS Group Ltd [7.9%]; unknown [0.9%],China,Asia Pacific,Hebei,39.222566,118.094201,exact,operating,1,7.0,7700.0,7900.0,,,,,BF; BOF,7988,https://www.gem.wiki/Hebei_Zongheng_Group_Fengnan_Iron_and_Steel_Co_Ltd,452880777.8970651,4.65438955677993,3.0894917502390413,China
P100000120157,Heilongjiang Jianlong Iron and Steel Co Ltd,Heilongjiang Jianlong Iron and Steel Co Ltd,Beijing Jianlong Investment Co Ltd [90.2%]; unknown [9.8%],China,Asia Pacific,Heilongjiang,46.602297,131.071877,exact,operating,1,23.0,2001.0,2001.0,,2240.0,1600.0,1600.0,BF; BOF,3735,https://www.gem.wiki/Heilongjiang_Jianlong_Iron_and_Steel_Co_Ltd,125175844.19061546,5.468234234826416,3.420157828448072,China
P100000121196,Hellenic Halyvourgia Velestino steel plant,Hellenic Halyvourgia SA,Hellenic Halyvourgia SA [100.0%],Greece,Europe,Thessaly,39.38588,22.80745,exact,operating,1,63.0,1000.0,0.0,,,,,EAF,unknown,https://www.gem.wiki/Hellenic_Halyvourgia_Velestino_steel_plant,,,4310.175893339233,
P100000120331,Henan Angang Zhoukou Iron and Steel Co Ltd,Henan Angang Zhoukou Iron and Steel Co Ltd,Anyang Iron & Steel Co Ltd [76.9%]; Zhoukou Investment Group Co Ltd [9.1%]; Henan Agric. Synthesis Exploitation Co Ltd [4.6%]; unknown [4.4%]; Sanmenxia Investment Group Co Ltd [2.4%]; Kaifeng Construction Lnvestment Co Ltd [1.2%]; Xinxiang Muye Development Management Co Ltd [0.9%]; Hoyer GmbH [0.2%]; China Logistics Group Co Ltd [0.1%]; Beijing Guanglong Enterprise Management Consulting Center LP [0.1%]; Guangxi Yingtongtong Investment Co Ltd [0.1%]; Huludao Hongyun Group Co Ltd [0.0%]; Sichuan Development Holding Co Ltd [0.0%]; Wuhan Industrial Investment Holding Group Co Ltd [0.0%]; Shihezi Shangde Equity Investment Partnership LP [0.0%],China,Asia Pacific,Henan,33.364534,115.099661,exact,operating,2,5.0,1750.0,1580.0,,,,,BF; BOF; EAF,1498,https://www.gem.wiki/Henan_Angang_Zhoukou_Iron_and_Steel_Co_Ltd,1216482444.7504897,5.890775435452005,2.6251167138556206,China
P100000120169,Henan Changtai Stainless Steel Plate Co Ltd,Henan Changtai Stainless Steel Plate Co Ltd,Ma'anshan Jiatong Enterprise Management Partnership (General Partnership) [65.0%]; natural person(s) [32.3%]; unknown [2.7%],China,Asia Pacific,Henan,34.702951,112.955911,exact,retired,1,14.0,0.0,0.0,,,,,BF; BOF,unknown,https://www.gem.wiki/Henan_Changtai_Stainless_Steel_Plate_Co_Ltd,3849360572.403314,23.018762076056046,0.6381370585983623,China
P100000120167,Henan Fengbao Special Steel Co Ltd,Henan Fengbao SPECIAL Steel Co Ltd,Henan Fengbao SPECIAL Steel Co Ltd [100.0%],China,Asia Pacific,Henan,36.131666,113.872158,exact,operating,4,25.0,1500.0,2560.0,,,,,BF; BOF,2104,https://www.gem.wiki/Henan_Fengbao_Special_Steel_Co_Ltd,1250100343.4634068,7.299429454077274,0.7839422089552857,China
P100001064248,Henan Fuhua Steel Group Co Ltd,Henan Fuhua Iron & Steel Group Co Ltd,Henan Fuhua Iron & Steel Group Co Ltd [100.0%],China,Asia Pacific,Henan,34.462949,113.700844,exact,operating,1,26.47,1200.0,0.0,,,,,EAF,800,https://www.gem.wiki/Henan_Fuhua_Steel_Group_Co_Ltd,3251997907.564753,57.60318730748968,0.8572533468512826,China
P100000121086,Henan Jinhui Industrial Group,Henan Xinjinhui Stainless Steel Industry Co Ltd,Henan JINHUI Stainless Indutrial Group Co Ltd [83.0%]; Changge Huida Trading Co Ltd [17.0%],China,Asia Pacific,Henan,34.263509,113.853979,exact,operating,2,21.0,1400.0,900.0,,,,,BF; EAF,719,https://www.gem.wiki/Henan_Jinhui_Industrial_Group,797364861.8664675,27.722160132089183,3.67880951804459,China
P100000120164,Henan Jiyuan Iron and Steel Group Co Ltd,Henan Jiyuan Iron & Steel (Group) Co Ltd,Henan Jiyuan Iron and Steel Investment Holding Co Ltd [48.6%]; unknown [35.0%]; Tianjin Jinyuan Guotai Enterprise Management Consulting Co Ltd [10.0%]; Trade Union Committee of Henan Jiyuan Iron and Steel (Group) [6.4%],China,Asia Pacific,Henan,35.086396,112.553774,exact,operating,4,68.0,5038.0,3105.0,,,,,BF; BOF; EAF,6124,https://www.gem.wiki/Henan_Jiyuan_Iron_and_Steel_Group_Co_Ltd,3421395276.0751696,14.18448422795633,4.4316112315555305,China
P100000120168,Henan Yaxin Iron and Steel Group Co Ltd,Henan YAXIN Steel Industry Co Ltd,Henan YAXIN Steel Industry Co Ltd [100.0%],China,Asia Pacific,Henan,35.879956,114.334825,exact,operating,4,23.0,2000.0,2100.0,,,,,BF; BOF,1948,https://www.gem.wiki/Henan_Yaxin_Iron_and_Steel_Group_Co_Ltd,1630271672.3960836,41.827681381618575,3.6614024666820275,China
P100000120180,Hengyang Valin Steel Tube Co Ltd,Hengyang Valin Steel Tube Co Ltd,Hunan Valin Steel Co Ltd [85.9%]; Hunan Valin Iron & Steel Group Co Ltd [10.0%]; Hunan Development Investment Group Co Ltd [1.4%]; Hunan Caixin Financial Holding Group Co Ltd [1.4%]; Hunan Xingxiang Investment Holding Group Co Ltd [1.3%]; unknown [0.0%],China,Asia Pacific,Hunan,26.865484,112.576853,exact,operating,1,68.0,1300.0,830.0,,,,,BF; EAF,2567,https://www.gem.wiki/Hengyang_Valin_Steel_Tube_Co_Ltd,8841440925.872505,47.18252200978534,3.6469897476555193,China
P100000120091,Heping Yueshen Steel Industry Co Ltd,Heping Yueshen Steel Industrial Co Ltd,Heping Yueshen Steel Industrial Co Ltd [100.0%],China,Asia Pacific,Guangdong,24.49796,114.93888,exact,operating,1,15.0,1400.0,0.0,,,,,EAF,184,https://www.gem.wiki/Heping_Yueshen_Steel_Industry_Co_Ltd,922848789.0805657,1.431019602976772,4.82608368356569,China
P100000120090,Heyuan Derun Steel Co Ltd Dongjiang Jinzhu Industrial Park,Heyuan Derun Steel Co Ltd,Fujian Lanyue Investment Partnership LP [25.5%]; Fujian Lantian Investment Partnership LP [16.7%]; Fujian Lanze Investment Partnership LP [14.0%]; unknown [10.5%]; Fujian Jinkun Investment Co Ltd [4.3%]; Fuzhou Deyu Investment Co Ltd [4.3%]; Fujian Taisong Investment Co Ltd [3.8%]; Fujian Honghang Investment Co Ltd [2.0%]; Fujian Xinghan Investment Co Ltd [2.0%]; Fujian Qinghe Investment Co Ltd [1.9%]; Fujian Yinchen Investment Co Ltd [1.9%]; Fenghe Investment (Fujian) Co Ltd [1.7%]; Fujian Jingyuan Investment Co Ltd [1.7%]; Fujian Junao Investment Co Ltd [1.7%]; Fujian Yongxinqi Investment Co Ltd [1.7%]; Yuncheng Investment (Fujian) Co Ltd [1.7%]; Fujian Quanlong Investment Co Ltd [1.6%]; Fujian Shengwei Investment Co Ltd [1.6%]; Fujian Shunle Investment Co Ltd [1.5%],China,Asia Pacific,Guangdong,23.693659,114.743048,exact,retired,1,49.0,0.0,0.0,,,,,EAF,479,https://www.gem.wiki/Heyuan_Derun_Steel_Co_Ltd_Dongjiang_Jinzhu_Industrial_Park,10381673523.067602,21.33912258483121,3.892980450108881,China
P100000121139,Heyuan Derun Steel Co Ltd LanTang Industrial Park,Heyuan Derun Steel Co Ltd,Fujian Lanyue Investment Partnership LP [25.5%]; Fujian Lantian Investment Partnership LP [16.7%]; Fujian Lanze Investment Partnership LP [14.0%]; unknown [10.5%]; Fujian Jinkun Investment Co Ltd [4.3%]; Fuzhou Deyu Investment Co Ltd [4.3%]; Fujian Taisong Investment Co Ltd [3.8%]; Fujian Honghang Investment Co Ltd [2.0%]; Fujian Xinghan Investment Co Ltd [2.0%]; Fujian Qinghe Investment Co Ltd [1.9%]; Fujian Yinchen Investment Co Ltd [1.9%]; Fenghe Investment (Fujian) Co Ltd [1.7%]; Fujian Jingyuan Investment Co Ltd [1.7%]; Fujian Junao Investment Co Ltd [1.7%]; Fujian Yongxinqi Investment Co Ltd [1.7%]; Yuncheng Investment (Fujian) Co Ltd [1.7%]; Fujian Quanlong Investment Co Ltd [1.6%]; Fujian Shengwei Investment Co Ltd [1.6%]; Fujian Shunle Investment Co Ltd [1.5%],China,Asia Pacific,Guangdong,23.39775,114.898646,exact,operating,1,3.0,1650.0,0.0,,,,,EAF,1302,https://www.gem.wiki/Heyuan_Derun_Steel_Co_Ltd_LanTang_Industrial_Park,17999992.50243982,0.16282711760085677,3.496196601724011,China
P100001063289,Heyuan Yuancheng Huafa Metal Products Co Ltd,Heyuan Huacheng Metal Products Co Ltd,Heyuan Huacheng Metal Products Co Ltd [100.0%],China,Asia Pacific,Guangdong,23.56658,114.598993,approximate,operating,1,21.89,620.0,0.0,,,,,EAF,47,https://www.gem.wiki/Heyuan_Yuancheng_Huafa_Metal_Products_Co_Ltd,661354659.4113086,19.631514206603477,3.8342550614309596,China
P100000120857,Hmisho Steel Hassia plant,Hmisho Steel SA,Hamsho International Co,Syria,Middle East,Homs,34.364258,36.803848,exact,operating,1,13.0,800.0,300.0,,,,300.0,BF; EAF,1000,https://www.gem.wiki/Hmisho_Steel_Hassia_plant,,,3215.329489419669,
P100000121015,Hoa Phat Dung Quat steel plant,Hoa Phat Dung Quat Steel JSC,Hoa Phat Group JSC [100.0%],Vietnam,Asia Pacific,Quang Ngai,15.37768,108.793321,exact,operating,1,9.0,14499.0,10400.0,,,2000.0,1800.0,BF; BOF,13746,https://www.gem.wiki/Hoa_Phat_Dung_Quat_steel_plant,,,329.47788805382413,
P100000121019,Hoa Phat Hai Duong Steel plant,Hoa Phat Hai Duong Steel JSC,Hoa Phat Group JSC [100.0%],Vietnam,Asia Pacific,Hai Duong,21.01536,106.536023,exact,operating,1,19.0,2525.0,2920.0,,300.0,,,BF; BOF,5489,https://www.gem.wiki/Hoa_Phat_Hai_Duong_Steel_plant,,,103.84872735805301,
P100000121022,Hoa Sen Phu My steel plant,Hoa Sen Group,Hoa Sen Group [100.0%],Vietnam,Asia Pacific,Ba Ria Vung Tau,10.595295,107.044846,exact,operating,1,16.0,1300.0,0.0,,,,,EAF,unknown,https://www.gem.wiki/Hoa_Sen_Phu_My_steel_plant,,,891.3278759973849,
P100000120552,Hospet Steels Hospet plant,Hospet Steels Ltd,Kalyani Steels Ltd [61.0%]; Mukand Ltd [39.0%],India,Asia Pacific,Karnataka,15.339055,76.251696,exact,operating,3,28.0,650.0,700.0,,500.0,200.0,,BF; BOF; EAF; IF; DRI,1105,https://www.gem.wiki/Hospet_Steels_Hospet_plant,204245873.82605147,2.1050856520425425,5.8603455941293126,India
P100000120229,Houying Group Haicheng Iron and Steel Co Ltd Datun Branch,Houying Group Haicheng Iron and Steel Co Ltd,Houying Group Haicheng Iron and Steel Co Ltd [100.0%],China,Asia Pacific,Liaoning,40.981855,122.948643,exact,operating pre-retirement,4,19.58,2600.0,1376.0,,,,,BOF; BF,1610,https://www.gem.wiki/Houying_Group_Haicheng_Iron_and_Steel_Co_Ltd_Datun_Branch,563518410.1278985,116.09087986226193,2.7391061546764903,China
P100000121042,Huainan Hongtai Iron and Steel Co Ltd,Huainan Hongtai Steel Limited Liability Co,Huainan Hongtai Steel Limited Liability Co [100.0%],China,Asia Pacific,Anhui,32.619248,116.905869,exact,operating,1,25.0,500.0,0.0,,,,,EAF,175,https://www.gem.wiki/Huainan_Hongtai_Iron_and_Steel_Co_Ltd,4888696838.2685,58.66784037143864,2.9608892155174984,China
P100000121047,Huangshi Xingang Heavy Industry Technology Co Ltd,Huangshi Xingang Heavy Industry Technology Co Ltd,WEALTH GROUP INVESTMENT LIMITED [100.0%],China,Asia Pacific,Hubei,30.097108,115.284652,approximate,construction,2,2.0,0.0,0.0,,,,,Iron other/unspecified; EAF,unknown,https://www.gem.wiki/Huangshi_Xingang_Heavy_Industry_Technology_Co_Ltd,69794425.23817413,6.472009319361092,3.173997138317147,China
P100001063078,"Huangshi Xinxing Pipe Industry Co., Ltd.",Huangshi Xinxing Pipe Industry Co Ltd,Huangshi Xinxing Pipe Industry Co Ltd [100.0%],China,Asia Pacific,Hubei,30.181393,114.944879,exact,operating,1,17.64,0.0,700.0,,,,,BF,unknown,"https://www.gem.wiki/Huangshi_Xinxing_Pipe_Industry_Co.,_Ltd.",4262753872.987659,49.2078375759768,3.262792287298006,China
P100001064093,Huarui (Handan) Casting & Pipe Co Ltd,Huarui (Handan) Casting & Pipe Co Ltd,Huarui (Handan) Casting & Pipe Co Ltd [100.0%],China,Asia Pacific,Hebei,36.561049,114.102793,exact,operating,1,21.89,0.0,683.0,,,,,BF,unknown,https://www.gem.wiki/Huarui_(Handan)_Casting_&_Pipe_Co_Ltd,1340340843.3454995,24.40143006012335,2.9291347517905013,China
P100000120176,Hubei Dazhan Iron and Steel Co Ltd,Hubei Dazhan Steel & Iron Co Ltd,Daye Huaxin Industrial Co Ltd [56.3%]; Hubei Xinxin Steel Group Co Ltd [21.1%]; Jin Jun'an Investment Group Co Ltd [18.9%]; unknown [3.7%],China,Asia Pacific,Hubei,31.006752,113.754995,exact,operating pre-retirement,1,33.0,500.0,0.0,,,,,EAF,28,https://www.gem.wiki/Hubei_Dazhan_Iron_and_Steel_Co_Ltd,600972460.8080096,8.238015431480498,5.223337528882069,China
P100000120318,Hubei Jinshenglan Metallurgical Technology Co Ltd,Hubei Jinshenglan Metallurgical Technology Co Ltd,natural person(s) [62.6%]; Yuncheng Investment (Fujian) Co Ltd [9.1%]; Fujian Yongxinqi Investment Co Ltd [6.8%]; Fujian Taisong Investment Co Ltd [4.9%]; Fujian Jinkun Investment Co Ltd [4.2%]; Fuzhou Deyu Investment Co Ltd [3.6%]; Fujian Qikun Investment Co Ltd [2.5%]; Fujian Hongyao Investment Co Ltd [2.4%]; Fujian Shunle Investment Co Ltd [1.9%]; unknown [1.9%],China,Asia Pacific,Hubei,29.916729,113.822921,exact,operating,2,10.0,3250.0,3000.0,,3600.0,,1200.0,BF; BOF,3712,https://www.gem.wiki/Hubei_Jinshenglan_Metallurgical_Technology_Co_Ltd,96700424.06712171,2.538677724453236,5.5200938410973395,China
P100000121070,Hubei Lijin Steel Group Co Ltd,Hubei Lijin Steel Group Co Ltd,Hubei Lijin Steel Group Co Ltd [100.0%],China,Asia Pacific,Hubei,32.127263,112.715688,exact,operating,2,24.0,2000.0,0.0,,,,,EAF,200,https://www.gem.wiki/Hubei_Lijin_Steel_Group_Co_Ltd,728653447.9992169,3.2606590928988535,0.7368761067316474,China
P100000120343,Hubei Shunle Steel Co Ltd plant,Hubei Shunle Iron and Steel Co Ltd,Hubei Jinshenglan Metallurgical Technology Co Ltd [62.6%]; Yuncheng Investment (Fujian) Co Ltd [9.1%]; Fujian Yongxinqi Investment Co Ltd [6.8%]; Fujian Taisong Investment Co Ltd [4.9%]; Fujian Jinkun Investment Co Ltd [4.2%]; Fuzhou Deyu Investment Co Ltd [3.6%]; Fujian Qikun Investment Co Ltd [2.5%]; Fujian Hongyao Investment Co Ltd [2.4%]; Fujian Shunle Investment Co Ltd [1.9%]; unknown [1.9%],China,Asia Pacific,Hubei,29.925026,113.826118,exact,operating,1,5.0,2000.0,0.0,,,,,EAF,680,https://www.gem.wiki/Hubei_Shunle_Steel_Co_Ltd_plant,96700424.06712171,2.526988142864214,4.973527226322412,China
P100000120415,Hubei Wucheng Iron and Steel Group Co Ltd,Hubei Wucheng Iron and Steel Group Co Ltd,WEALTH GROUP INVESTMENT LIMITED [95.0%]; unknown [5.0%],China,Asia Pacific,Hubei,30.341239,114.857744,exact,retired,1,26.0,0.0,0.0,,,,,EAF,380,https://www.gem.wiki/Hubei_Wucheng_Iron_and_Steel_Group_Co_Ltd,14250230836.869875,44.80745626671575,4.10294915072297,China
P100001063493,Huizhou Jushun Iron and Steel Plant,Huizhou Jushun Iron and Steel Plant,Huizhou Jushun Iron and Steel Plant [100.0%],China,Asia Pacific,Guangdong,23.178652,114.279374,exact,operating,1,33.26,620.0,0.0,,,,,EAF,unknown,https://www.gem.wiki/Huizhou_Jushun_Iron_and_Steel_Plant,5079645602.338191,110.6820141947698,3.5314723650258038,China
P100000120179,Hunan Valin Lianyuan Iron and Steel Co Ltd,Hunan Valin Lianyuan Iron and Steel Co Ltd,Hunan Valin Steel Co Ltd [100.0%],China,Asia Pacific,Hunan,27.747782,111.967343,exact,operating,1,68.0,9000.0,7300.0,,,,,BF; BOF,10970,https://www.gem.wiki/Hunan_Valin_Lianyuan_Iron_and_Steel_Co_Ltd,5209756773.4618635,13.29205709464466,4.4752318411360825,China
P100000120178,Hunan Valin Xiangtan Iron and Steel Co Ltd,Hunan Valin Lianyuan Iron and Steel Co Ltd,Hunan Valin Steel Co Ltd [100.0%],China,Asia Pacific,Hunan,27.81413,112.897377,exact,operating,1,68.0,7250.0,7401.0,,14000.0,,,BF; BOF,9432,https://www.gem.wiki/Hunan_Valin_Xiangtan_Iron_and_Steel_Co_Ltd,4007280363.8593574,67.25349832690962,3.329157067161166,China
P100000120789,Huta Czestochowa steel plant,Ministry of Defense (Poland),Ministry of Defense (Poland) [100.0%],Poland,Europe,Silesia,50.782614,19.165566,exact,operating,1,124.0,840.0,0.0,,,,,EAF,950,https://www.gem.wiki/Huta_Czestochowa_steel_plant,,,4338.274733606019,
P100000120422,Hüttenwerke Krupp Mannesmann (HKM) steel plant,Hüttenwerke Krupp Mannesmann GmbH,thyssenkrupp AG [40.0%]; Vallourec SA [20.0%]; EP Investment S.à r.l. [8.9%]; Tiliacordata Limited [1.1%]; Salzgitter AG,Germany,Europe,North Rhine-Westphalia,51.371279,6.72331,exact,operating,3,117.0,4200.0,5200.0,,6000.0,1080.0,,DRI; EAF; BF; BOF,3000,https://www.gem.wiki/Hüttenwerke_Krupp_Mannesmann_(HKM)_steel_plant,,,5183.506975861399,
P100000120688,Hwanghae Iron and Steel Complex steel plant,Government of North Korea,Government of North Korea [100.0%],North Korea,Asia Pacific,North Hwanghae,38.742224,125.616814,exact,operating,1,112.0,1500.0,750.0,,,,,BF; EAF; Steel other/unspecified,unknown,https://www.gem.wiki/Hwanghae_Iron_and_Steel_Complex_steel_plant,,,176.82530793120455,
P100000121160,Hybar Arkansas steel plant,Hybar LLC,Green & Clean Holdings LLC [100.0%],United States,North America,Arkansas,35.686814,-89.961981,exact,operating,1,0.72,544.0,0.0,,,,,EAF,140,https://www.gem.wiki/Hybar_Arkansas_steel_plant,,,9522.828760765478,
P100000120851,HYBRIT Gallivare sponge iron plant,Hybrit Development AB,Luossavaara-Kiirunavaara AB [33.3%]; SSAB AB [33.3%]; Vattenfall AB [33.3%],Sweden,Europe,Norrbotten,67.189096,20.720752,exact,announced,1,,0.0,0.0,,,,,DRI,unknown,https://www.gem.wiki/HYBRIT_Gallivare_sponge_iron_plant,,,4111.7965314613175,
P100000120466,Hydnum Steel Castilla-La Mancha plant,Hydnum Steel SL,Abei Energy; Helvella Holding; Russula SA; Siemens AG,Spain,Europe,Ciudad Real,38.688849,-4.107015,approximate,announced,1,,0.0,0.0,,,,,DRI; EAF,500,https://www.gem.wiki/Hydnum_Steel_Castilla-La_Mancha_plant,,,6484.857341780935,
P100000120754,HyIron Steel Namibia plant,Hyron Africa,Lodestone Holdings Group (Namibia) Pty Ltd,Namibia,Africa,unknown,-22.084183,17.4099154,approximate,operating,3,0.86,0.0,15.0,,,,,DRI; EAF,3500,https://www.gem.wiki/HyIron_Steel_Namibia_plant,,,7312.011735716949,
P100000120695,Hyundai Steel Dangjin steel plant,Hyundai Steel Co,Hyundai Steel Co [100.0%],South Korea,Asia Pacific,South Chungcheong,36.986282,126.69735,exact,operating,2,20.0,16200.0,12440.0,,,,,BF; BOF; EAF; DRI,7759,https://www.gem.wiki/Hyundai_Steel_Dangjin_steel_plant,,,356.6819871923847,
P100000120696,Hyundai Steel Incheon steel plant,Hyundai Steel Co,Hyundai Steel Co [100.0%],South Korea,Asia Pacific,Seoul National Capital Area,37.489678,126.637942,exact,operating,1,73.0,4697.0,0.0,,,,,EAF,2244,https://www.gem.wiki/Hyundai_Steel_Incheon_steel_plant,,,341.7005889340645,
P100001047682,Hyundai Steel Louisiana plant,Hyundai Steel Co,Hyundai Steel Co [100.0%],United States,North America,Louisiana,30.5191,-91.5209,approximate,announced,1,,0.0,0.0,,,,,DRI; EAF,1300,https://www.gem.wiki/Hyundai_Steel_Louisiana_plant,,,9898.654043621476,
P100000120697,Hyundai Steel Pohang steel plant,Hyundai Steel Co,Hyundai Steel Co [100.0%],South Korea,Asia Pacific,North Gyeongsang,36.004981,129.384829,exact,operating,1,,3400.0,0.0,,,,,EAF,1496,https://www.gem.wiki/Hyundai_Steel_Pohang_steel_plant,,,153.44947732043784,
P100000120873,İÇDAŞ Biga steel plant,Içdaş Çelik Enerji Tersane Ve Ulaşim Sanayi AŞ,Içdaş Çelik Enerji Tersane Ve Ulaşim Sanayi AŞ [100.0%],Türkiye,Europe,Çanakkale,40.441491,27.137563,exact,operating,1,56.0,5000.0,0.0,,,,,EAF,4754,https://www.gem.wiki/İÇDAŞ_Biga_steel_plant,,,3923.078256253863,
P100000120874,İDÇ Izdemir Aliaga steel plant,Izmir Demir Celik Sanayi AŞ,Izmir Demir Celik Sanayi AŞ [100.0%],Türkiye,Europe,İzmir,38.739596,26.929091,exact,operating,1,39.0,3100.0,0.0,,,,,EAF,2010,https://www.gem.wiki/İDÇ_Izdemir_Aliaga_steel_plant,,,3988.8263303743665,
P100000120806,IMH Tula steel plant,Promsort LLC,natural person(s) [50.0%]; Sortoprokat-Tsentr LLC [49.0%]; small shareholder(s) [1.0%],Russia,Eurasia,Tula,54.156726,37.725551,exact,operating,1,91.0,2000.0,7746.0,,3400.0,,,BF; BOF,4652,https://www.gem.wiki/IMH_Tula_steel_plant,,,3116.3938354930297,
P100000120795,Industries Qatar Steel Mesaieed plant,Qatar Steel Company QPSC,Industries Qatar QPSC [100.0%],Qatar,Middle East,Mesaieed,24.952688,51.584777,exact,operating,2,48.0,2900.0,2500.0,,,,,DRI; EAF,1072,https://www.gem.wiki/Industries_Qatar_Steel_Mesaieed_plant,,,1686.380663864407,
P100000120184,Inner Mongolia Baotou Jiyu Iron and Steel Co Ltd Hondlon District,Baotou Jiyu Steel Co Ltd,natural person(s) [51.0%]; Inner Mongolia Jiyu Holding (Group) Co Ltd [49.0%],China,Asia Pacific,Inner Mongolia,40.662343,109.696243,exact,retired,1,21.79,0.0,0.0,,,,,BF; BOF,unknown,https://www.gem.wiki/Inner_Mongolia_Baotou_Jiyu_Iron_and_Steel_Co_Ltd_Hondlon_District,563557793.4713724,115.92623159170353,4.275815797594337,China
P100000120182,Inner Mongolia BaoTou Steel Union Co Ltd,Inner Mongolia BaoTou Steel Union Co Ltd,Inner Mongolia BaoTou Steel Union Co Ltd [100.0%],China,Asia Pacific,Inner Mongolia,40.647997,109.740898,exact,operating,2,26.64,16760.0,16990.0,,,5810.0,,BF; BOF,25519,https://www.gem.wiki/Inner_Mongolia_BaoTou_Steel_Union_Co_Ltd,563557793.4713724,137.82467707389222,3.7536164508945618,China
P100000120185,Inner Mongolia Desheng Metal Products Co Ltd,Inner Mongolia Desheng Metal Products Co Ltd,Inner Mongolia Desheng Industrial Group Co Ltd [57.2%]; natural person(s) [42.8%],China,Asia Pacific,Inner Mongolia,39.867015,106.890377,exact,operating,1,14.3,1350.0,1080.0,,,,,BF; BOF,1128,https://www.gem.wiki/Inner_Mongolia_Desheng_Metal_Products_Co_Ltd,111523145.34028804,4.195843357189384,1.5844401778408799,China
P100000120355,Inner Mongolia Mingtuo Ferrite New Material Co Ltd,Inner Mongolia Mingtuo Ferrite New Material Co Ltd,Beijing Dow Investment Holding Co Ltd [81.3%]; Minmetals Development Co Ltd [15.7%]; unknown [3.0%],China,Asia Pacific,Inner Mongolia,40.597557,109.683202,exact,announced,1,3.0,0.0,0.0,,,,,BF; EAF,unknown,https://www.gem.wiki/Inner_Mongolia_Mingtuo_Ferrite_New_Material_Co_Ltd,563557793.4713724,97.52280274547867,3.7164713390743542,China
P100000120390,Inner Mongolia Wanzhou Special Steel Co Ltd,Inner Mongolia Wanzhou Special Steel Co Ltd,natural person(s) [48.8%]; Zjmc (Beijing) New Energy Technology Co Ltd [41.5%]; Beijing Global Jierui Investment Management Co Ltd [7.3%]; unknown [2.4%],China,Asia Pacific,Inner Mongolia,40.977329,110.022924,approximate,announced,1,,0.0,0.0,,,,,EAF,unknown,https://www.gem.wiki/Inner_Mongolia_Wanzhou_Special_Steel_Co_Ltd,13833901.491643237,0.09835586351665573,2.633981107159497,China
P100000120187,Inner Mongolia Yaxin Longshun Special Steel Co Ltd,Inner Mongolia Yaxinlongshun Special Steel Co Ltd,Inner Mongolia Yaxinlongshun Special Steel Co Ltd [100.0%],China,Asia Pacific,Inner Mongolia,40.689778,110.214707,exact,operating,4,20.3,2000.0,540.0,,,,,BF; BOF,2128,https://www.gem.wiki/Inner_Mongolia_Yaxin_Longshun_Special_Steel_Co_Ltd,2337622.9703656165,15.12427717587023,2.132074223282831,China
P100000120915,Interpipe Steel Plant,Interpipe Ltd,Interpipe Holdings PLC [100.0%],Ukraine,Europe,Dnipropetrovsk,48.498914,35.096336,exact,operating,1,14.0,1320.0,0.0,,,,,EAF,555,https://www.gem.wiki/Interpipe_Steel_Plant,,,3200.010664739343,
P100000120599,Iran Alloy Steel Company Yazd plant,Iran Alloy Steel Co,Iran Alloy Steel Co [100.0%],Iran,Middle East,Yazd,31.940106,54.037614,exact,operating,1,27.0,1300.0,0.0,,,,,EAF,1430,https://www.gem.wiki/Iran_Alloy_Steel_Company_Yazd_plant,,,1590.8088440709346,
P100000120608,Iranian Alborz Steel Mazandaran plant,Iranian Alborz Steel Co,Iranian Alborz Steel Co [100.0%],Iran,Middle East,Mazandaran,36.614049,53.234213,exact,announced,1,,0.0,0.0,,,,,EAF,unknown,https://www.gem.wiki/Iranian_Alborz_Steel_Mazandaran_plant,,,1807.998606172307,
P100000120639,IRO Odolo steel plant,Industrie Riunite Odolesi IRO SpA,OLIFIN SpA,Italy,Europe,Province of Brescia,45.645688,10.374305,exact,operating,1,75.0,600.0,0.0,,,,,EAF,185,https://www.gem.wiki/IRO_Odolo_steel_plant,,,5088.758064289351,
P100000120875,Isdemir Payas steel plant,Iskenderun Demir ve Celik AŞ,Iskenderun Demir ve Celik AŞ [100.0%],Türkiye,Europe,Hatay,36.735672,36.204581,exact,operating,3,51.0,5800.0,8100.0,,,,,BF; BOF; EAF,4863,https://www.gem.wiki/Isdemir_Payas_steel_plant,,,3267.230494394455,
P100000120783,Ittehad Steel Faisalabad plant,Ittehad Steels Pvt Ltd,Ittehad Steels Pvt Ltd [100.0%],Pakistan,Asia Pacific,Punjab,31.643426,73.198542,exact,operating,2,13.0,500.0,0.0,,,,,IF,602,https://www.gem.wiki/Ittehad_Steel_Faisalabad_plant,,,127.30445376712899,
P100000120063,Ivaco Rolling Mills steel plant,Ivaco Rolling Mills LP,Heico Companies LLC,Canada,North America,Ontario,45.613941,-74.704608,exact,operating,1,55.0,650.0,0.0,,,,,EAF,500,https://www.gem.wiki/Ivaco_Rolling_Mills_steel_plant,,,8853.145882622131,
P100000120589,Jahan Foolad Sirjan Steel Kerman plant,Sirjan Jahan Steel Co,Golgohar Mining and Industrial Co [51.0%]; Iran National Copper Industries Pension Fund [49.0%],Iran,Middle East,Kerman,29.13806,55.375073,exact,operating,2,12.0,1000.0,3770.0,,,,,DRI; EAF,3077,https://www.gem.wiki/Jahan_Foolad_Sirjan_Steel_Kerman_plant,,,1403.5069974926876,
P100000120560,Jai Balaji Durgapur Unit IV steel plant,Jai Balaji Industries Ltd,Jai Balaji Industries Ltd [100.0%],India,Asia Pacific,West Bengal,23.483075,87.352189,exact,operating,2,17.0,295.0,200.0,,,350.0,,BF; DRI; IF; EAF,unknown,https://www.gem.wiki/Jai_Balaji_Durgapur_Unit_IV_steel_plant,675745315.8269312,11.285931899097188,3.603044510557339,India
P100000120562,Jai Balaji Jyoti Steels Sundargarh plant,Jai Balaji Jyoti Steels Ltd,Jai Balaji Industries Ltd,India,Asia Pacific,Odisha,22.085338,84.86184,exact,operating,2,23.0,92.0,120.0,,,,1600.0,DRI; IF; EAF,650,https://www.gem.wiki/Jai_Balaji_Jyoti_Steels_Sundargarh_plant,94945328.67570616,6.446021811460793,4.613900047009475,India
P100001025922,Jai Balaji Rajbandh Unit III steel plant,Jai Balaji Industries Ltd,Jai Balaji Industries Ltd [100.0%],India,Asia Pacific,West Bengal,23.487439,87.369494,exact,operating,2,,0.0,690.0,,908.0,,600.0,BF; EAF,unknown,https://www.gem.wiki/Jai_Balaji_Rajbandh_Unit_III_steel_plant,675745315.8269312,11.046541882581291,3.2847633932247007,India
P100000120500,Jakarta Prima Steel Industries plant,PT Jakarta Prima Steel Industries,PT Jakarta Prima Steel Industries [100.0%],Indonesia,Asia Pacific,Jakarta,-6.181643,106.932331,approximate,operating,1,54.0,900.0,0.0,,,,,EAF,unknown,https://www.gem.wiki/Jakarta_Prima_Steel_Industries_plant,,,2051.0096590226008,
P100000120547,Jayaswal Neco Industries Raipur steel plant,Jayaswal Neco Industries Ltd,Jayaswal Neco Industries Ltd [100.0%],India,Asia Pacific,Chhattisgarh,21.354495,81.676444,exact,operating,2,30.0,1200.0,1270.0,,2800.0,1100.0,3000.0,BF; DRI; EAF,9503,https://www.gem.wiki/Jayaswal_Neco_Industries_Raipur_steel_plant,1676028759.8407507,15.953817230572136,4.012920379482871,India
P100000120652,JFE Bars & Shapes Himeji Works steel plant,JFE Bars & Shapes Corp,JFE Holdings Inc [100.0%],Japan,Asia Pacific,Hyogo,34.784113,134.658493,exact,operating,1,89.0,900.0,0.0,,,,,EAF,218,https://www.gem.wiki/JFE_Bars_&_Shapes_Himeji_Works_steel_plant,11107163158.787853,111.93188948682003,3.17184657321266,Japan
P100000120653,JFE Bars & Shapes Kashima Works steel plant,JFE Bars & Shapes Corp,JFE Holdings Inc [100.0%],Japan,Asia Pacific,Ibaraki,35.882023,140.731707,exact,operating,1,93.0,720.0,0.0,,,,,EAF,218,https://www.gem.wiki/JFE_Bars_&_Shapes_Kashima_Works_steel_plant,6568510645.102576,29.190515492023437,2.246027696157046,Japan
P100000120646,JFE Bars & Shapes Mizushima Works steel plant,JFE Bars & Shapes Corp,JFE Holdings Inc [100.0%],Japan,Asia Pacific,Okayama,34.503883,133.710136,exact,operating pre-retirement,2,59.0,600.0,0.0,,,,,EAF,218,https://www.gem.wiki/JFE_Bars_&_Shapes_Mizushima_Works_steel_plant,12824930411.579533,64.82903202294548,4.204597047404365,Japan
P100000120647,JFE East Japan Works (Chiba) steel plant,JFE Steel Corp,JFE Holdings Inc [100.0%],Japan,Asia Pacific,Chiba,35.580917,140.104196,exact,operating,1,75.0,4915.0,4739.0,,,,,BF; BOF; EAF,5730,https://www.gem.wiki/JFE_East_Japan_Works_(Chiba)_steel_plant,38317470933.99429,714.1661423670948,4.752861460215203,Japan
P100000120650,JFE East Japan Works (Keihin) steel plant,JFE Steel Corp,JFE Holdings Inc [100.0%],Japan,Asia Pacific,Kantō,35.48069,139.729684,exact,retired,1,65.66,0.0,0.0,,,,,BF; BOF; EAF,5730,https://www.gem.wiki/JFE_East_Japan_Works_(Keihin)_steel_plant,317087547227.782,2479.218829106861,7.050320415204645,Japan
P100000120651,JFE Sendai Works steel plant,JFE Steel Corp,JFE Holdings Inc [100.0%],Japan,Asia Pacific,Miyagi,38.265706,141.012963,exact,operating,1,51.81,852.0,0.0,,,,,EAF,5730,https://www.gem.wiki/JFE_Sendai_Works_steel_plant,15696371264.712454,166.0379537928777,3.8223786705764327,Japan
P100000120649,JFE West Japan Works (Fukuyama) steel plant,JFE Steel Corp,JFE Holdings Inc [100.0%],Japan,Asia Pacific,Hiroshima,34.465222,133.431205,exact,operating,2,61.0,13002.0,13628.0,,,720.0,,BF; BOF; DRI,5730,https://www.gem.wiki/JFE_West_Japan_Works_(Fukuyama)_steel_plant,8873478299.720446,35.70850982355725,5.209531770904021,Japan
P100000120648,JFE West Japan Works (Kurashiki) steel plant,JFE Steel Corp,JFE Holdings Inc [100.0%],Japan,Asia Pacific,Okayama,34.501198,133.722123,exact,operating,3,59.0,9999.0,11284.0,,,,,BF; BOF; EAF,5730,https://www.gem.wiki/JFE_West_Japan_Works_(Kurashiki)_steel_plant,12824930411.579533,80.37267977677918,4.673888046122029,Japan
P100000120418,Jianglong Acheng Iron and Steel Co Ltd,Jianglong Acheng Iron & Steel Co Ltd,Beijing Jianlong Investment Co Ltd [87.6%]; unknown [12.4%],China,Asia Pacific,Heilongjiang,45.562002,126.968128,exact,operating,1,25.0,1600.0,1400.0,,,,,BF; BOF,2240,https://www.gem.wiki/Jianglong_Acheng_Iron_and_Steel_Co_Ltd,3851213851.5239058,6.442526198709138,2.3863412996626954,China
P100000120196,Jiangsu Binxin Steel Group Co Ltd,Jiangsu Province Binxin Steel Group Co Ltd,Lianyungang Ganyu Zhongcheng Investment Co Ltd [87.4%]; natural person(s) [12.6%],China,Asia Pacific,Jiangsu,35.09556,119.279989,exact,operating,2,18.05,5400.0,3300.0,,,,,BF; BOF,3921,https://www.gem.wiki/Jiangsu_Binxin_Steel_Group_Co_Ltd,3627723888.232499,7.44196579348878,3.4416061424252455,China
P100000120199,Jiangsu Changqiang Iron and Steel Co Ltd,Jiangsu Changqiang Iron & Steel Co Ltd,Jiangyin Changqi Investment Partnership LP [65.0%]; Changhong International Investment Co Ltd [25.0%]; Jiangyin Changjiang Village Federation of Trade Unions [9.5%]; Jiangsu New Yangtze Industrial Group Co Ltd [0.5%],China,Asia Pacific,Jiangsu,31.952064,120.189749,exact,operating,1,22.42,2000.0,1700.0,,,,,BF; BOF,2217,https://www.gem.wiki/Jiangsu_Changqiang_Iron_and_Steel_Co_Ltd,5149260849.902505,79.8317678933045,1.8868357814062091,China
P100000120349,Jiangsu Delong Nickel Industry Co Ltd,Jiangsu Delong Nickel Industry Co Ltd,Jiangsu Delong Nickel Industry Co Ltd [100.0%],China,Asia Pacific,Jiangsu,34.443469,119.816574,exact,operating,1,15.55,1350.0,0.0,1000.0,,,,EAF,3635,https://www.gem.wiki/Jiangsu_Delong_Nickel_Industry_Co_Ltd,890142435.6329616,4.645644941659275,2.819165885853028,China
P100000120386,Jiangsu Hongtai Iron and Steel Co Ltd,Jiangsu HONGTAI Metals Ware Co Ltd,Jiangsu HONGTAI Metals Ware Co Ltd [100.0%],China,Asia Pacific,Jiangsu,32.138393,119.554693,exact,operating,1,25.68,1576.0,0.0,,,,,EAF,699,https://www.gem.wiki/Jiangsu_Hongtai_Iron_and_Steel_Co_Ltd,3200493895.461697,105.0412201211689,1.9293415720407872,China
P100000120197,Jiangsu Jingye Iron and Steel Co Ltd,Jiangsu Jingye Iron and Steel Co Ltd,Jiangsu Jingye Iron and Steel Co Ltd [100.0%],China,Asia Pacific,Jiangsu,34.38381,119.786878,exact,operating,1,22.31,3000.0,3000.0,,,,,BF; BOF,2801,https://www.gem.wiki/Jiangsu_Jingye_Iron_and_Steel_Co_Ltd,1557019273.7154286,4.80900338515963,1.073683238718321,China
P100000121138,Jiangsu Longyuan Steel Co,Jiangsu Longyuan Steel Co Ltd,Jiangsu Longyuan Steel Co Ltd [100.0%],China,Asia Pacific,Jiangsu,34.538033,117.329589,approximate,retired,1,15.77,0.0,0.0,,,,,BF,unknown,https://www.gem.wiki/Jiangsu_Longyuan_Steel_Co,261090607.59518936,7.112894615188654,3.4969100263998523,China
P100000120189,Jiangsu Shagang Group Huaigang Special Steel Co Ltd,Jiangsu Shagang Group Huaigang SPECIAL Steel Co Ltd,Jiangsu Shagang Co Ltd [63.8%]; Hengde International Co Ltd [13.6%]; Jiangsu Shagang Group Co Ltd [10.6%]; unknown [6.2%]; Zhangjiagang Free Trade Zone Runyuan Stainless Steel Trade Co Ltd [3.2%]; Ningbo Meishan Free Trade Port Jincheng Shazhou Equity Investment Co Ltd [2.6%],China,Asia Pacific,Jiangsu,33.566039,118.988442,exact,operating,4,56.0,3364.0,2594.0,,4166.0,,,BF; BOF; EAF,3836,https://www.gem.wiki/Jiangsu_Shagang_Group_Huaigang_Special_Steel_Co_Ltd,4165354036.0691886,85.96264184758911,3.8895930496122286,China
P100000120188,Jiangsu Shagang Iron & Steel Co Ltd,Jiangsu Shagang Iron & Steel Co Ltd,Jiangsu Shagang Iron & Steel Co Ltd [100.0%],China,Asia Pacific,Jiangsu,31.983146,120.638992,approximate,operating,4,23.6,17305.0,18430.0,,,,,BF; BOF; EAF,9674,https://www.gem.wiki/Jiangsu_Shagang_Iron_&_Steel_Co_Ltd,5778523153.580064,71.73444569790362,3.0584826017142865,China
P100000120195,Jiangsu Shente Steel Co Ltd,Jiangsu Shente Steel Corp,Jiangsu Delong Nickel Industry Co Ltd [100.0%],China,Asia Pacific,Jiangsu,31.471123,119.485941,exact,retired,1,18.43,0.0,0.0,,4000.0,1400.0,,BF; BOF,573,https://www.gem.wiki/Jiangsu_Shente_Steel_Co_Ltd,5294448729.56292,16.79957910500358,2.9797280438995166,China
P100000120207,Jiangsu Suxin Special Steel Group Co Ltd,Jiangsu Suxin Special Steel Co Ltd,Ping An Life Insurance Co Ltd [49.9%]; Suzhou Riyisheng Environment Protection Technology Co Ltd [22.8%]; Zhuhai HUAFA Real Estate Investment Holding Co Ltd [10.5%]; Zhuhai Gree Group Co Ltd [6.2%]; Zhuhai DA HENG Qin Investment Co Ltd [4.3%]; unknown [4.2%]; Suzhou Textile Stock Holding Group [2.1%],China,Asia Pacific,Jiangsu,31.400644,120.475103,exact,retired,1,65.0,0.0,0.0,,,,,BF; EAF,unknown,https://www.gem.wiki/Jiangsu_Suxin_Special_Steel_Group_Co_Ltd,11475374812.138918,361.83227656997354,3.2657095433243204,China
P100000121136,Jiangsu Xingda Steel Group,Jiangsu Xingda Steel Group Co Ltd,Jiangsu Xingda Steel Group Co Ltd [100.0%],China,Asia Pacific,Jiangsu,34.501981,117.316278,exact,retired,1,22.96,0.0,0.0,,,,,BF; BOF,unknown,https://www.gem.wiki/Jiangsu_Xingda_Steel_Group,261090607.59518936,9.982553385670315,4.955515901108513,China
P100000120198,Jiangsu Xugang Iron and Steel Group Co Ltd,Jiangsu Xusteel Group Co Ltd,Jiangsu Xusteel Group Co Ltd [100.0%],China,Asia Pacific,Jiangsu,34.577016,117.339638,exact,operating,2,22.46,3050.0,2982.0,,,1200.0,,BF; BOF,3062,https://www.gem.wiki/Jiangsu_Xugang_Iron_and_Steel_Group_Co_Ltd,536146471.99254227,4.6308419722636955,5.092758446791001,China
P100000121050,Jiangxi Taixin Iron and Steel Co Ltd,Jiangxi Taixin Iron & Steel Co Ltd,Jiangxi Taixin Iron & Steel Co Ltd [100.0%],China,Asia Pacific,Jiangxi,28.60445,118.163615,exact,operating,1,22.62,1000.0,0.0,,,,,EAF,480,https://www.gem.wiki/Jiangxi_Taixin_Iron_and_Steel_Co_Ltd,24651705.83317486,3.9675929180940637,4.407886527446429,China
P100000121144,Jiangxi Yuanxing Iron and Steel Co Ltd,Jiangxi Yuanxing Iron and Steel Co Ltd,Jiangxi Yuanxing Iron and Steel Co Ltd [100.0%],China,Asia Pacific,Jiangxi,24.881098,114.802833,exact,retired,1,18.21,0.0,0.0,,,,,EAF,unknown,https://www.gem.wiki/Jiangxi_Yuanxing_Iron_and_Steel_Co_Ltd,982532261.0660375,1.634578263888375,1.3147623824383596,China
P100000120205,Jiangyin Huaxi Iron and Steel Co Ltd,Jiangyin Huaxi Steel Co Ltd,Wuxi Zhongbang Equity Investment Partnership LP [77.8%]; Jiangsu Huaxi Group Co Ltd [22.2%],China,Asia Pacific,Jiangsu,31.816482,120.424347,exact,operating,1,23.39,1500.0,1400.0,,1850.0,,,BF; BOF,1356,https://www.gem.wiki/Jiangyin_Huaxi_Iron_and_Steel_Co_Ltd,10086515908.61508,163.39756110745432,4.234256706061214,China
P100000120347,Jiangyin Xicheng Steel Co Ltd,Jiangyin Xicheng Steel Co Ltd,Jiangsu Xicheng Sanlian Holding Group Co Ltd [100.0%],China,Asia Pacific,Jiangsu,31.892299,120.198394,exact,operating,1,28.37,720.0,0.0,,,,,EAF,641,https://www.gem.wiki/Jiangyin_Xicheng_Steel_Co_Ltd,8256028173.465794,103.38030243278405,2.1402758220507767,China
P100000120191,Jiangyin Xingcheng Special Steel Works Co Ltd,Jiangyin Xingcheng SPECIAL Steel Works Co Ltd,Citic Pacific Special Steel Group Co Ltd [100.0%],China,Asia Pacific,Jiangsu,31.950191,120.328449,exact,operating,4,33.0,6797.0,5760.0,,,,,BF; BOF; EAF,7192,https://www.gem.wiki/Jiangyin_Xingcheng_Special_Steel_Works_Co_Ltd,4429745806.121701,90.78538592924683,4.4842360246821515,China
P100000120159,Jianlong Beiman Special Steel Co Ltd,Jianlong Beiman SPECIAL Steel Co Ltd,Beijing Jianlong Investment Co Ltd [81.3%]; unknown [12.9%]; Shengjing Bank Co Ltd [2.6%]; China Bohai Bank Co Ltd [1.3%]; Liaoshen Bank Co Ltd [0.4%]; Hua Xia Bank Co Ltd [0.4%]; China Merchants Bank Co Ltd [0.4%]; SDIC Capital Co Ltd [0.3%]; Everbright Financial Investment Co Ltd [0.2%]; Everbright Securities Co Ltd [0.1%]; Jingmen City Construction Investment Holding Group Co Ltd [0.0%]; Beijing Jiatai Hengye Investment Co Ltd [0.0%]; Jiangsu Yueda Group Co Ltd [0.0%]; Xinzheng TEDA Investment Co Ltd [0.0%]; Credit Suisse AG [0.0%]; Beijing Hongliheng Consulting Co Ltd [0.0%]; China Development Bank Corp [0.0%]; Hongtai Hengye Investment Co Ltd [0.0%]; Beijing Dongrunjuxiangshuwu Co Ltd [0.0%]; Guardian Investment HOLDINGS Co Ltd [0.0%]; Jiangsu Xinhong Investment Partnership LP [0.0%]; Yongjin Industry (Group) Co Ltd [0.0%]; Jiangsu Century New Town Investment Holding Group Co Ltd [0.0%]; Beijing Wudou Trading Co Ltd [0.0%]; Yunnan State Owned Financial Capital Holding Group Co Ltd [0.0%]; Shanghai Nanometer Venture Investment Co Ltd [0.0%]; Wuhan Huabing Real Estate Co Ltd [0.0%]; Beijing Zhijin Technology Investment Co Ltd [0.0%]; Beijing Tiandi Runda Advertising Co Ltd [0.0%]; Boao Investment Co Ltd [0.0%]; Wuhan Jiaxinghe Real Estate Co Ltd [0.0%]; Wuhan Xindi Chuangjia Decoration Engineering Co Ltd [0.0%]; Shenzhen Hehao Investment Co Ltd [0.0%],China,Asia Pacific,Heilongjiang,47.191285,123.616512,exact,operating,1,69.0,2570.0,1600.0,,,,,BF; BOF; EAF,3743,https://www.gem.wiki/Jianlong_Beiman_Special_Steel_Co_Ltd,3437488269.916678,4.430981093072824,2.0012158783454943,China
P100000120158,Jianlong Xilin Iron and Steel Co Ltd,Jianlong Xilin Iron and Steel Co Ltd,Beijing Jianlong Investment Co Ltd [87.6%]; unknown [12.4%],China,Asia Pacific,Heilongjiang,47.495036,129.287919,exact,operating,1,60.0,4200.0,3400.0,,,1400.0,,BF; BOF,4573,https://www.gem.wiki/Jianlong_Xilin_Iron_and_Steel_Co_Ltd,10642384.938641924,0.055887561031070496,4.0908583901838975,China
P100000120215,Jilin Jianlong Steel Co Ltd,Jilin Jianlong Steel Co Ltd,Beijing Jianlong Investment Co Ltd [90.2%]; unknown [9.8%],China,Asia Pacific,Jilin,44.011951,126.537086,exact,operating,1,24.8,2700.0,3080.0,,,,,BF; BOF,4253,https://www.gem.wiki/Jilin_Jianlong_Steel_Co_Ltd,133726064.71790448,96.79587348951624,3.3244654439117625,China
P100000120218,Jilin Jingang Iron and Steel Co Ltd,Jilin Jingang Lron and Steel Co Ltd,Jilin Jingang Lron and Steel Co Ltd [100.0%],China,Asia Pacific,Jilin,43.20023,124.335697,exact,operating,1,47.0,1500.0,1300.0,,,,,BF; BOF,2025,https://www.gem.wiki/Jilin_Jingang_Iron_and_Steel_Co_Ltd,7056524178.650425,23.017180076960546,3.3105639217306457,China
P100000120389,Jilin Steel Group Fugang Metal Manufacturing Co Ltd,"Fugang METAL Manufacturing Co.ltd.,jilinjigang Steel Group",Jilinjigang Steel Group Co Ltd [51.0%]; natural person(s) [49.0%],China,Asia Pacific,Jilin,44.022802,125.505627,exact,announced,2,17.6,0.0,0.0,,,,,EAF,98,https://www.gem.wiki/Jilin_Steel_Group_Fugang_Metal_Manufacturing_Co_Ltd,218005645.09942687,114.39509749565121,3.563860869648305,China
P100000120388,Jilin Steel Group Taihua Metal Equipment Manufacture Co Ltd,Jilin Steel Group Taihua Metal Equipment Manufacture Co Ltd,Jilinjigang Steel Group Co Ltd [98.8%]; unknown [1.2%],China,Asia Pacific,Jilin,44.138826,125.914941,exact,operating pre-retirement,2,17.58,500.0,0.0,,,,,EAF,unknown,https://www.gem.wiki/Jilin_Steel_Group_Taihua_Metal_Equipment_Manufacture_Co_Ltd,912548532.864007,2.1472014637913723,3.5390157082428044,China
P100000120217,Jilin Xinda Iron and Steel Co Ltd,JiLin Province Xinda Steel Co Ltd,Hengjin Huitong Asset Management (Beijing) Co Ltd [60.0%]; natural person(s) [18.7%]; Jilin Tianpeng Industrial Co Ltd [17.2%]; unknown [4.1%],China,Asia Pacific,Jilin,42.3249,125.246892,exact,operating,3,18.27,3300.0,3600.0,,,,,BF; BOF,2300,https://www.gem.wiki/Jilin_Xinda_Iron_and_Steel_Co_Ltd,15053158.02973983,0.15001296200774705,4.869251622801021,China
P100000120373,Jinan Iron and Steel Group Co Ltd,Jinan Iron & Steel Group Co Ltd,Jinan Iron & Steel Group Co Ltd [100.0%],China,Asia Pacific,Hebei,36.718952,114.111677,exact,operating,2,4.0,5200.0,5896.0,,,,,BF; BOF,2722,https://www.gem.wiki/Jinan_Iron_and_Steel_Group_Co_Ltd,2791499561.2492723,19.955212225249085,1.67466346617481,China
P100000120273,Jincheng Fusheng Iron and Steel Co Ltd,Jincheng FUSHENG Iron & Steel Co Ltd,Shanxi Jincheng Steel Holdings Group Co Ltd [60.0%]; natural person(s) [40.0%],China,Asia Pacific,Shanxi,35.662985,112.882395,exact,operating,2,23.2,4600.0,4780.0,,,,,BF; BOF,unknown,https://www.gem.wiki/Jincheng_Fusheng_Iron_and_Steel_Co_Ltd,981005265.3164757,17.935504520378537,4.276272940787293,China
P100000120766,Jindal Shadeed Iron & Steel Duqm plant,Jindal Shadeed Iron & Steel LLC,Templar Investments Ltd,Oman,Middle East,Al Wusta,19.640299,57.677866,approximate,construction,1,0.0,0.0,0.0,,,,,DRI; EAF,unknown,https://www.gem.wiki/Jindal_Shadeed_Iron_&_Steel_Duqm_plant,,,1174.6953898490647,
P100000120544,Jindal Stainless Hisar steel plant,Jindal Stainless Ltd,Jindal Stainless Ltd [100.0%],India,Asia Pacific,Haryana,29.127253,75.773075,exact,operating,1,56.0,800.0,0.0,,,,,EAF,1095,https://www.gem.wiki/Jindal_Stainless_Hisar_steel_plant,454648663.61737627,2.259294632794304,1.8231841708698293,India
P100000120543,Jindal Stainless Jajpur steel plant,Jindal Stainless Ltd,Jindal Stainless Ltd [100.0%],India,Asia Pacific,Odisha,20.954939,86.051986,exact,operating,2,15.0,2200.0,2000.0,250.0,,430.0,,BF; EAF; IF,1095,https://www.gem.wiki/Jindal_Stainless_Jajpur_steel_plant,864289310.3874147,6.559064692532133,1.1360827644346085,India
P100001061405,Jindal Stainless Maharashtra steel plant,Jindal Stainless Ltd,Jindal Stainless Ltd [100.0%],India,Asia Pacific,Maharashtra,19.314475,72.976623,approximate,announced,1,,0.0,0.0,,,,,Steel other/unspecified,unknown,https://www.gem.wiki/Jindal_Stainless_Maharashtra_steel_plant,9385160469.420177,134.79059040144978,3.1806000958764256,India
P100000120515,Jindal Steel Angul steel plant,Jindal Steel Limited Ltd,Jindal Steel Limited Ltd [100.0%],India,Asia Pacific,Odisha,20.884896,84.991539,exact,operating,1,13.0,6000.0,6050.0,,5000.0,,,BF; BOF; DRI; EAF,unknown,https://www.gem.wiki/Jindal_Steel_Angul_steel_plant,322827125.6345241,4.721092743703555,3.621069659149975,India
P100000121173,Jindal Steel Asanboni steel plant,Jindal Steel Limited Ltd,Jindal Steel Limited Ltd [100.0%],India,Asia Pacific,Jharkhand,24.131037,87.438728,approximate,cancelled,1,,0.0,0.0,,10000.0,3600.0,4500.0,BF; BOF,unknown,https://www.gem.wiki/Jindal_Steel_Asanboni_steel_plant,12539365.545054764,0.8454403131817448,2.099750260129598,India
P100001062086,Jindal Steel Chhattisgarh steel plant,Jindal Steel Chhattisgarh Ltd,Jindal Steel Limited Ltd [100.0%],India,Asia Pacific,Chhattisgarh,21.895041,83.376759,approximate,announced,1,,0.0,0.0,,,,,Iron other/unspecified; Steel other/unspecified,unknown,https://www.gem.wiki/Jindal_Steel_Chhattisgarh_steel_plant,454682852.3366098,3.2773210832347166,2.235836274584332,India
P100000121034,Jindal Steel Krishnapatnam steel plant,Jindal Steel Limited Ltd,Jindal Steel Limited Ltd [100.0%],India,Asia Pacific,Andhra Pradesh,14.254675,80.108702,approximate,announced,1,,0.0,0.0,,,,,BOF; Iron other/unspecified,10000,https://www.gem.wiki/Jindal_Steel_Krishnapatnam_steel_plant,200947291.56263226,1.6681553386276722,4.472555977297554,India
P100000120542,Jindal Steel Patratu steel plant,Jindal Steel Limited Ltd,Jindal Steel Limited Ltd [100.0%],India,Asia Pacific,Jharkhand,23.632991,85.325308,exact,announced,1,,0.0,0.0,,6000.0,1900.0,5000.0,BF; BOF,unknown,https://www.gem.wiki/Jindal_Steel_Patratu_steel_plant,934889967.304621,9.942346643085413,3.5404372548285408,India
P100000120516,Jindal Steel Raigarh steel plant,Jindal Steel Limited Ltd,Jindal Steel Limited Ltd [100.0%],India,Asia Pacific,Chhattisgarh,21.922703,83.347178,exact,operating,2,37.0,3600.0,4370.0,60.0,2850.0,800.0,,BF; DRI; EAF; BOF,2652,https://www.gem.wiki/Jindal_Steel_Raigarh_steel_plant,400367384.08294696,3.2482289206617154,4.891966750717609,India
P100000120762,Jindal Steel Sohar plant,Jindal Shadeed Iron & Steel LLC,Templar Investments Ltd,Oman,Middle East,Al Batinah North,24.502551,56.600739,exact,operating,2,16.0,2500.0,2000.0,,,,,DRI; EAF,unknown,https://www.gem.wiki/Jindal_Steel_Sohar_plant,,,1179.1001960524502,
P100000120132,Jinding Heavy Industry Co Ltd,Jinding Heavy Industries Co Ltd,CSCEC Rongdong Investment Holding Co Ltd [90.0%]; Fang TongZhou Holding Co Ltd [8.0%]; unknown [2.0%],China,Asia Pacific,Hebei,36.718952,114.111677,exact,operating,1,31.0,3000.0,3000.0,,6000.0,,,BF; BOF,2656,https://www.gem.wiki/Jinding_Heavy_Industry_Co_Ltd,2791499561.2492723,19.955212225249085,1.67466346617481,China
P100001063249,Jingdong Steel M'Sila steel plant,Jingdong Steel,Jingdong Steel [100.0%],Algeria,Africa,M'Sila,35.698361,4.478169,approximate,announced,1,,0.0,0.0,,,,,EAF,1114,https://www.gem.wiki/Jingdong_Steel_M'Sila_steel_plant,,,5961.3287654629785,
P100000120222,Jingye (Yingkou) Medium Plate Co Ltd,Jingye (Yingkou) Medium Plate Co Ltd,Jingye (Yingkou) Medium Plate Co Ltd [100.0%],China,Asia Pacific,Liaoning,40.671136,122.395441,exact,operating,2,23.67,5500.0,5989.0,,,,,BF; BOF,507,https://www.gem.wiki/Jingye_(Yingkou)_Medium_Plate_Co_Ltd,1444886964.8755352,47.81439073259204,4.480856300570206,China
P100000120120,Jingye Iron and Steel Co Ltd,Jingye Iron and Steel Co Ltd,Jingye Group Co Ltd [100.0%],China,Asia Pacific,Hebei,38.391372,114.139998,exact,operating,2,30.0,6400.0,11598.0,,,,,BF; BOF,9685,https://www.gem.wiki/Jingye_Iron_and_Steel_Co_Ltd,310050323.594974,1.9533442140729325,2.2412309623627507,China
P100000120175,Jingzhou Qunli Metal Products Co Ltd,Jingzhou Qunli Metal Products Co Ltd,Jingzhou Chuhang Special Steel Products Co Ltd [30.0%]; Jingzhou Daren Metal Products Co Ltd [30.0%]; Jingzhou Youyuan Metal Products Co Ltd [30.0%]; natural person(s) [5.2%]; unknown [4.8%],China,Asia Pacific,Hubei,30.3505,112.353782,exact,operating,1,27.0,1000.0,0.0,,,,,EAF,580,https://www.gem.wiki/Jingzhou_Qunli_Metal_Products_Co_Ltd,118075214.85034539,32.403432355115385,3.4008659285258664,China
P100000120276,Jinye Iron and Steel Group Co Ltd,Jinye Steel Group Co Ltd,Jinye Steel Group Co Ltd [100.0%],China,Asia Pacific,Shanxi,36.148131,113.209523,exact,operating,1,22.79,950.0,1100.0,,,,,BF; BOF,215,https://www.gem.wiki/Jinye_Iron_and_Steel_Group_Co_Ltd,1182364306.7889879,43.711569293138076,2.574267706158174,China
P100000121252,Jinzhou Jinxing Special Steel Company,Jinzhou Jinxing Special Steel Co Ltd,Jinzhou Jinxing Special Steel Co Ltd [100.0%],China,Asia Pacific,Liaoning,41.188888,121.225043,exact,construction,2,25.1,0.0,0.0,,,,,EAF; BF; BOF,186,https://www.gem.wiki/Jinzhou_Jinxing_Special_Steel_Company,549095770.045926,49.79084972013703,2.5748240083019387,China
P100000121057,Jishan Mingfu Steel Products Co Ltd,Jishan Mingfu Steel Products Co Ltd,Jishan Mingfu Steel Products Co Ltd [100.0%],China,Asia Pacific,Shanxi,35.665945,111.025976,exact,operating,2,12.44,1433.0,1142.0,,,,,BF; BOF,521,https://www.gem.wiki/Jishan_Mingfu_Steel_Products_Co_Ltd,245177255.62792537,2.754742080575838,4.768534494500804,China
P100000120083,Jiugang Group Yuzhong Iron and Steel Co Ltd,Jiugang Group Yuzhong Iron & Steel Co Ltd,Gansu Jiu Steel Group Hongxing Iron and Steel Co Ltd [100.0%],China,Asia Pacific,Gansu,36.033646,104.035535,exact,operating,2,23.0,4000.0,1520.0,,2255.0,373.0,,BF; BOF,2097,https://www.gem.wiki/Jiugang_Group_Yuzhong_Iron_and_Steel_Co_Ltd,167993672.70306432,47.84123159427458,1.0485124073072998,China
P100000120213,Jiujiang Pinggang Iron and Steel Co Ltd,JiuJiang PXSteel Co Ltd,Beijing Fangda International Industrial Investment Group Co Ltd [60.9%]; unknown [21.5%]; Jiangxi Pxsteel Industrial Co Ltd [10.3%]; Gongqingcheng Huaershun Investment Center LP [7.3%],China,Asia Pacific,Jiangxi,29.778431,116.27527,exact,operating,1,14.09,4700.0,4630.0,,,,,BF; BOF,6045,https://www.gem.wiki/Jiujiang_Pinggang_Iron_and_Steel_Co_Ltd,478146017.5263399,2.5368999197674458,2.160997348744976,China
P100001063271,JO Steel Holdings Ras Al Khair steel plant,JO Steel Holdings PLC,JO Steel Holdings PLC [100.0%],Saudi Arabia,Middle East,Eastern Province,27.491064,49.258418,approximate,announced,1,,0.0,0.0,,,,,EAF,unknown,https://www.gem.wiki/JO_Steel_Holdings_Ras_Al_Khair_steel_plant,,,1938.935281488827,
P100000120721,JSC Moldova Steel Works,Moldova Steel Works JSC,Moldova Steel Works JSC [100.0%],Moldova,Europe,Transnistria,47.783771,29.02835,exact,mothballed,1,41.0,0.0,0.0,,,,,EAF,2500,https://www.gem.wiki/JSC_Moldova_Steel_Works,,,3650.565185509766,
P100001044907,JSOL Angul steel plant,Jindal Steel Odisha Ltd,Jindal Steel Limited Ltd [100.0%],India,Asia Pacific,Odisha,20.874713,84.944082,exact,operating,3,0.47,6300.0,4600.0,,11500.0,5170.0,26000.0,BF; BOF; DRI; EAF,9400,https://www.gem.wiki/JSOL_Angul_steel_plant,322827125.6345241,3.140309720322859,1.4810028409402762,India
P100000120521,JSW Bengal Steel Salboni plant,JSW Bengal Steel Ltd,JSW Steel Ltd [98.8%]; unknown [1.2%],India,Asia Pacific,West Bengal,22.575726,87.310258,approximate,cancelled,1,,0.0,0.0,,,,,BF; BOF,unknown,https://www.gem.wiki/JSW_Bengal_Steel_Salboni_plant,178521520.3246137,2.398555454956515,4.241189972604715,India
P100000120537,JSW BPSL Jharkhand steel plant,Bhushan Power & Steel Ltd,JSW Steel Ltd [83.3%]; JSW Shipping & Logistics Pvt Ltd [16.7%],India,Asia Pacific,Jharkhand,22.665526,85.64622,approximate,cancelled,1,,0.0,0.0,,,,,EAF,unknown,https://www.gem.wiki/JSW_BPSL_Jharkhand_steel_plant,113645399.55906004,0.7430653673162916,5.004874320151552,India
P100000120510,JSW BPSL Jharsuguda steel plant,JSW Steel Ltd,JSW Steel Ltd [100.0%],India,Asia Pacific,Odisha,21.763989,84.022529,exact,operating,1,21.0,5000.0,4270.0,,,950.0,3500.0,BF; DRI; EAF; Steel other/unspecified,929,https://www.gem.wiki/JSW_BPSL_Jharsuguda_steel_plant,687994436.0281599,5.860499533772821,3.6574349735558025,India
P100000120570,JSW Green Steel Salav plant,JSW Green Steel Ltd,JSW Steel Ltd [100.0%],India,Asia Pacific,Maharashtra,18.530853,72.947091,exact,operating,3,33.0,0.0,900.0,,,,,DRI; EAF; Iron other/unspecified,297,https://www.gem.wiki/JSW_Green_Steel_Salav_plant,5087801.004416001,0.6023227039557636,8.150500478899579,India
P100001023560,JSW POSCO Keonjhar steel plant,JSW Steel Ltd; POSCO Holdings Inc,JSW Steel Ltd [100.0%]; POSCO Holdings Inc [100.0%],India,Asia Pacific,Odisha,20.248632,86.156416,approximate,announced,1,,0.0,0.0,,,,,BF; BOF,unknown,https://www.gem.wiki/JSW_POSCO_Keonjhar_steel_plant,165319279.8517694,2.4804843597507134,5.551904841444812,India
P100000121039,JSW Rayalseema steel plant,JSW Rayalaseema Steel Limited,JSW Steel Ltd [100.0%],India,Asia Pacific,Andhra Pradesh,14.76855,78.403263,exact,announced,1,,0.0,0.0,,,,,EAF,unknown,https://www.gem.wiki/JSW_Rayalseema_steel_plant,45263087.15252942,1.320693216095183,3.9800809290599544,India
P100000120517,JSW Steel Dolvi steel plant,JSW Steel Ltd,JSW Steel Ltd [100.0%],India,Asia Pacific,Maharashtra,18.690312,73.035902,exact,operating,3,32.0,10200.0,10100.0,,5100.0,3000.0,8000.0,BF; BOF; DRI; Steel other/unspecified,929,https://www.gem.wiki/JSW_Steel_Dolvi_steel_plant,286389654.28355294,1.5032865264973325,2.093845189456273,India
P100001045504,JSW Steel Gadchiroli steel plant,JSW Steel Ltd,JSW Steel Ltd [100.0%],India,Asia Pacific,Maharashtra,20.1846793,79.9957641,approximate,announced,1,,0.0,0.0,,,,,Iron other/unspecified; Steel other/unspecified,unknown,https://www.gem.wiki/JSW_Steel_Gadchiroli_steel_plant,36499350.191805646,0.14553845752347833,4.709182127890687,India
P100000120520,JSW Steel Jharkhand steel plant,JSW Jharkhand Steel Ltd,JSW Steel Ltd [100.0%],India,Asia Pacific,Jharkhand,23.188108,85.715097,approximate,announced,1,0.0,0.0,0.0,,15600.0,6000.0,8000.0,BF; BOF; DRI,unknown,https://www.gem.wiki/JSW_Steel_Jharkhand_steel_plant,22085261.29316944,0.6516504961700048,2.3527982291849496,India
P100000120622,JSW Steel Piombino steel plant,JSW Steel Italy Piombino SpA,JSW Steel Ltd [100.0%],Italy,Europe,Province of Livorno,42.93652,10.537794,exact,announced,1,161.0,0.0,0.0,,,,,EAF,1505,https://www.gem.wiki/JSW_Steel_Piombino_steel_plant,,,5168.685239466956,
P100000120536,JSW Steel Raigarh steel plant,JSW Ispat Special Products Ltd,JSW Ispat Special Products Ltd [100.0%],India,Asia Pacific,Chhattisgarh,21.983709,83.238133,exact,operating,2,18.0,950.0,1282.0,220.0,960.0,,2200.0,BF; DRI; EAF,1052,https://www.gem.wiki/JSW_Steel_Raigarh_steel_plant,213067224.22470316,3.1320608023753214,4.171871226788067,India
P100000120518,JSW Steel Salem steel plant,JSW Steel Ltd,JSW Steel Ltd [100.0%],India,Asia Pacific,Tamil Nadu,11.814912,77.918465,exact,operating,1,28.0,1260.0,1366.0,,1235.0,500.0,,BF; BOF,929,https://www.gem.wiki/JSW_Steel_Salem_steel_plant,606793261.3724501,6.151445741896844,5.0508972021637355,India
P100000120935,JSW Steel USA Ohio plant,JSW Steel USA Ohio Inc,JSW Steel Ltd [100.0%],United States,North America,Ohio,40.314891,-80.605553,exact,operating,1,8.0,1500.0,0.0,,,,,EAF,160,https://www.gem.wiki/JSW_Steel_USA_Ohio_plant,,,9323.405453169345,
P100000120519,JSW Steel Vijayanagar steel plant,JSW Steel Ltd,JSW Steel Ltd [100.0%],India,Asia Pacific,Karnataka,15.180423,76.663134,exact,operating,3,32.0,11899.0,13570.0,,12950.0,6500.0,9200.0,BF; BOF; DRI; EAF; Iron other/unspecified; Steel other/unspecified,929,https://www.gem.wiki/JSW_Steel_Vijayanagar_steel_plant,334841572.46645224,2.447085604883637,5.135826544582303,India
P100000120539,JSW Utkal Steel Rajnagar plant,JSW Utkal Steel Ltd,JSW Steel Ltd [100.0%],India,Asia Pacific,Odisha,20.216667,86.55,approximate,construction,2,0.0,0.0,0.0,,5775.0,3000.0,16000.0,BF; BOF; DRI,unknown,https://www.gem.wiki/JSW_Utkal_Steel_Rajnagar_plant,105160684.6244372,2.574454859012517,1.2707625016634978,India
P100000120538,JSW Vijayanagar Metallics steel plant,JSW Vijayanagar Metallics Ltd,JSW Steel Ltd [100.0%],India,Asia Pacific,Karnataka,15.203176,76.659122,approximate,operating,1,2.0,5000.0,4500.0,,5750.0,,,BF; BOF,990,https://www.gem.wiki/JSW_Vijayanagar_Metallics_steel_plant,334841572.46645224,2.6976705290993195,3.705997511998655,India
P100000120600,Kaavian Steel Khouzestan plant,Kaavian Steel Co,Kaavian Steel Co [100.0%],Iran,Middle East,Khouzestan,31.283549,48.572468,exact,operating,2,25.0,35.0,0.0,,,,,IF; EAF,750,https://www.gem.wiki/Kaavian_Steel_Khouzestan_plant,,,2083.637761353569,
P100001025631,Kalyani Steels Dhenkanal steel plant,Kalyani Steels Ltd,Kalyani Steels Ltd [100.0%],India,Asia Pacific,Odisha,20.601819,85.594653,approximate,announced,1,0.0,0.0,0.0,,2400.0,780.0,,BF; BOF; EAF; IF,unknown,https://www.gem.wiki/Kalyani_Steels_Dhenkanal_steel_plant,319583186.94651854,2.6057485371551157,4.0767032244628405,India
P100001045326,Kam Industries Kwara steel plant,Kam Industries (Nigeria) Ltd,KAM Holding Ltd,Nigeria,Africa,Kwara,8.390993,4.674475,exact,operating,1,30.0,600.0,0.0,,,,,EAF,unknown,https://www.gem.wiki/Kam_Industries_Kwara_steel_plant,,,6944.817787187235,
P100000120830,Kamsky Metallurgical Works TEMPO,KMK Tempo JSC,KMK Tempo JSC [100.0%],Russia,Eurasia,Republic of Tatarstan,55.723465,52.541024,exact,operating,1,10.0,504.0,0.0,,,,,EAF,1037,https://www.gem.wiki/Kamsky_Metallurgical_Works_TEMPO,,,2263.1662826812835,
P100001062093,Kapila Metals Jalna steel plant,Kapila Metals Pvt Ltd,Kapila Metals Pvt Ltd [100.0%],India,Asia Pacific,Maharashtra,19.874223,75.817553,exact,announced,1,,0.0,0.0,,,,2000.0,DRI; IF,unknown,https://www.gem.wiki/Kapila_Metals_Jalna_steel_plant,100155279.26306468,1.6760395517645925,2.708364511827026,India
P100000120876,Kaptan Ereglisi steel plant,Kaptan Demir Celik Endustrisi Ve Ticaret AŞ,Kaptan Demir Celik Endustrisi Ve Ticaret AŞ [100.0%],Türkiye,Europe,Tekirdağ,41.015222,27.959978,exact,operating,2,24.0,1400.0,0.0,,,,,EAF,913,https://www.gem.wiki/Kaptan_Ereglisi_steel_plant,,,3841.134484089334,
P100000120894,Kardemir Celik Sanayi Izmir steel plant,Kardemir Karabuk Demir Çelik Sanayi Ve Ticaret AŞ,Kardemir Karabuk Demir Çelik Sanayi Ve Ticaret AŞ [100.0%],Türkiye,Europe,İzmir,38.743652,26.964746,approximate,operating,1,4.0,1250.0,0.0,,,,,EAF,1000,https://www.gem.wiki/Kardemir_Celik_Sanayi_Izmir_steel_plant,,,3985.729598667843,
P100000120877,Kardemir Merkez steel plant,Kardemir Karabuk Demir Çelik Sanayi Ve Ticaret AŞ,Kardemir Karabuk Demir Çelik Sanayi Ve Ticaret AŞ [100.0%],Türkiye,Europe,Karabük,41.180307,32.634343,exact,operating,2,86.44,3501.0,3520.0,,3750.0,1170.0,,BF; BOF,4176,https://www.gem.wiki/Kardemir_Merkez_steel_plant,,,3453.5718568078228,
P100001025573,Kazakhstal steel plant,Kazakhstal LLP,Firm Partner Plus LLP; natural person(s),Kazakhstan,Eurasia,Qarağandy oblysy,49.8902647,73.7561639,approximate,announced,1,,0.0,0.0,,,,,EAF,1045,https://www.gem.wiki/Kazakhstal_steel_plant,,,722.8453568217794,
P100000120429,Kehler Baden Steel Works,Badische Stahlwerke GmbH,Südwest Beteiligungen GmbH,Germany,Europe,Baden-Württemberg,48.595058,7.821633,exact,operating,2,71.0,2500.0,0.0,,,,,EAF,850,https://www.gem.wiki/Kehler_Baden_Steel_Works,,,5184.219670880013,
P100000120692,KG Steel Dangjin steel plant,KG Steel Co Ltd,KG Chemical Corp,South Korea,Asia Pacific,South Chungcheong,36.983721,126.744755,exact,retired,1,25.08,0.0,0.0,,,,,EAF,597,https://www.gem.wiki/KG_Steel_Dangjin_steel_plant,,,353.5946176384172,
P100000120704,KG Steel Incheon steel plant,KG Steel Co Ltd,KG Chemical Corp,South Korea,Asia Pacific,Seoul National Capital Area,37.482625,126.670175,exact,operating,1,17.0,1000.0,0.0,,,,,EAF,543,https://www.gem.wiki/KG_Steel_Incheon_steel_plant,,,344.0058616977538,
P100000120582,Khorasan Steel Complex,Khorasan Steel Complex Co,Iranian Mines & Mining Industries Development & Renovation Organization [100.0%],Iran,Middle East,Razavi Khorasan,36.3445,58.67875,exact,operating,1,25.0,1400.0,1600.0,,,,2500.0,DRI; EAF,5000,https://www.gem.wiki/Khorasan_Steel_Complex,,,1349.92563709234,
P100000120614,Khouzestan Oxin Steel,Khouzestan Oxin Steel Co,Khouzestan Oxin Steel Co [100.0%],Iran,Middle East,Khouzestan,31.277236,48.747422,exact,announced,1,1.0,0.0,0.0,,,,,EAF,unknown,https://www.gem.wiki/Khouzestan_Oxin_Steel,,,2067.0638619068613,
P100000120583,Khouzestan Steel plant,Khouzestan Steel Co,Iranian Mines & Mining Industries Development & Renovation Organization,Iran,Middle East,Khouzestan,31.270091,48.732904,exact,mothballed,1,37.0,0.0,0.0,,,,6200.0,DRI; EAF,7411,https://www.gem.wiki/Khouzestan_Steel_plant,,,2068.326262191182,
P100001045284,KIC Metaliks Durgapur steel plant,KIC Metaliks Ltd,KIC Metaliks Ltd [100.0%],India,Asia Pacific,West Bengal,23.507539,87.277914,exact,operating,2,28.05,0.0,235.0,,360.0,,,BF; DRI; EAF; IF,421,https://www.gem.wiki/KIC_Metaliks_Durgapur_steel_plant,1554639245.0040002,13.254338433329314,4.045572782284581,India
P100000120691,Kim Chaek Iron and Steel Complex steel plant,Government of North Korea,Government of North Korea [100.0%],North Korea,Asia Pacific,North Hamgyeong,41.753784,129.752681,exact,operating,1,88.0,6000.0,2800.0,,,,,BF; BOF; EAF; Steel other/unspecified,25000,https://www.gem.wiki/Kim_Chaek_Iron_and_Steel_Complex_steel_plant,,,71.23850314382472,
P100000120698,KISCO steel Changwon plant,KISCO Corp,KISCO Corp [100.0%],South Korea,Asia Pacific,South Gyeongsang,35.216552,128.640158,exact,operating,1,61.0,3000.0,0.0,,,,,EAF,556,https://www.gem.wiki/KISCO_steel_Changwon_plant,,,93.89001314083603,
P100000120596,Kish South Kaveh Steel Hormuzgan plant,Kish South Kaveh Steel Co,Kish South Kaveh Steel Co [100.0%],Iran,Middle East,Hormuzgan,27.169696,56.095207,exact,operating,2,15.0,2400.0,1860.0,,,,5000.0,DRI; EAF,1000,https://www.gem.wiki/Kish_South_Kaveh_Steel_Hormuzgan_plant,,,1268.818664540552,
P100000121199,Kishiwada Steel Osaka steel plant,Kishiwada Steel Co Ltd,Kishiwada Steel Co Ltd [100.0%],Japan,Asia Pacific,Osaka,34.477479,135.353918,exact,operating,1,69.22,500.0,0.0,,,,,EAF,250,https://www.gem.wiki/Kishiwada_Steel_Osaka_steel_plant,38442254742.5372,772.4873888279049,2.8753142931103826,Japan
P100000120655,Kobe Kakogawa Works steel plant,Kobe Steel Ltd,Kobe Steel Ltd [100.0%],Japan,Asia Pacific,Hyogo,34.720268,134.826275,exact,operating,4,56.0,6591.0,7754.0,,6132.0,2500.0,4015.0,BF; BOF; DRI; EAF,2505,https://www.gem.wiki/Kobe_Kakogawa_Works_steel_plant,25378988214.594116,215.67454547424487,4.6470999577231416,Japan
P100000120656,Kobe Wire Rod and Bar steel plant,Kobe Steel Ltd,Kobe Steel Ltd [100.0%],Japan,Asia Pacific,Hyogo,34.703624,135.247207,exact,retired,1,58.0,0.0,0.0,,,,,BF; BOF,831,https://www.gem.wiki/Kobe_Wire_Rod_and_Bar_steel_plant,42784622428.44381,911.1809178834534,3.591882159717156,Japan
P100000120878,Koc Metallurgical Toprakkale steel plant,Koc Metalurji AŞ,Koc Metalurji AŞ [100.0%],Türkiye,Europe,Osmaniye,37.01488,36.104416,exact,operating,1,14.0,1200.0,0.0,,,,,EAF,430,https://www.gem.wiki/Koc_Metallurgical_Toprakkale_steel_plant,,,3267.0488261860664,
P100001044901,Kocaer Çelik Aliaga steel plant,Kocaer Çelik Sanayi ve Ticaret AŞ,Kocaer Çelik Sanayi ve Ticaret AŞ [100.0%],Türkiye,Europe,Izmir,37.858651,27.845846,approximate,announced,1,,0.0,0.0,,,,,EAF,600,https://www.gem.wiki/Kocaer_Çelik_Aliaga_steel_plant,,,3939.880196038421,
P100001044951,Kogi Steel Project,Chart and Capstone Integrated Ltd,Chart and Capstone Integrated Ltd [100.0%],Nigeria,Africa,unknown,7.69346,6.806937,approximate,announced,1,0.0,0.0,0.0,,,,,Iron other/unspecified; Steel other/unspecified,unknown,https://www.gem.wiki/Kogi_Steel_Project,,,6757.773414858882,
P100000120501,Krakatau Steel Cilegon plant,PT Krakatau Steel (Persero) Tbk,PT Krakatau Steel (Persero) Tbk [100.0%],Indonesia,Asia Pacific,Banten,-6.007021,106.001766,exact,operating,3,49.0,4000.0,0.0,,,,,EAF; BOF; Iron other/unspecified; BF; DRI,5497,https://www.gem.wiki/Krakatau_Steel_Cilegon_plant,,,1965.27684934627,
P100000120879,Kroman Steel Darica plant,Kroman Celik Sanayii AS,Yucel Boru ve Profil Endustrisi AŞ,Türkiye,Europe,Kocaeli,40.801101,29.374115,exact,operating,1,57.0,1500.0,0.0,,,,,EAF,1450,https://www.gem.wiki/Kroman_Steel_Darica_plant,,,3730.158434214602,
P100000120502,KS Posco Cilegon steel plant,PT Krakatau Posco,POSCO Holdings Inc [50.0%]; PT Krakatau Steel (Persero) Tbk [50.0%],Indonesia,Asia Pacific,Banten,-5.998661,105.99866,exact,operating,2,12.14,3000.0,3000.0,,,1320.0,,BF; BOF,2746,https://www.gem.wiki/KS_Posco_Cilegon_steel_plant,,,1964.3654043104627,
P100000121054,KSP Steel Pavlodar steel plant,KSP Steel LLC,Asia Pacific Investments Ltd; natural person(s),Kazakhstan,Eurasia,Pavlodar,52.334465,76.956302,exact,mothballed,1,19.0,0.0,0.0,,,,,EAF,300,https://www.gem.wiki/KSP_Steel_Pavlodar_steel_plant,,,717.7151522085474,
P100000120024,KSRM Sitakunda steel plant,KSRM Steel Plant Ltd,KSRM Steel Plant Ltd [100.0%],Bangladesh,Asia Pacific,Chittagong,22.499834,91.715778,exact,operating,1,42.0,800.0,0.0,,,,,EAF,4000,https://www.gem.wiki/KSRM_Sitakunda_steel_plant,,,60.25387878292727,
P100000120723,Kunming Iron and Steel Myanmar plant,Kunming Iron & Steel Holding Co Ltd,State-owned Assets Supervision and Administration Commission of Yunnan Province [76.5%]; Yunnan Provincial Department of Finance [8.5%]; unknown [0.0%],Myanmar,Asia Pacific,unknown,21.423783,96.454378,approximate,announced,1,,0.0,0.0,,,,,BF; BOF,unknown,https://www.gem.wiki/Kunming_Iron_and_Steel_Myanmar_plant,,,294.8666438526868,
P100001062603,Kurdistan Steel Qorveh steel plant,Kurdistan Steel Co,Iranian Mines & Mining Industries Development & Renovation Organization [44.0%]; Development and Equipment of Relief Mines Co [20.0%]; Sabanour Mining and Industrial Development Co [20.0%]; Sepahan Mines Kimia [16.0%],Iran,Middle East,Kurdistan,35.936932,47.762024,exact,construction,1,,0.0,0.0,,,,,DRI; EAF,1600,https://www.gem.wiki/Kurdistan_Steel_Qorveh_steel_plant,,,2277.941996360411,
P100000120004,Kurum International Elbasan steel plant,Kurum International ShA,Kurum International ShA [100.0%],Albania,Europe,Elbasan,41.094611,20.026117,exact,mothballed,2,28.0,0.0,0.0,,,,,EAF,1000,https://www.gem.wiki/Kurum_International_Elbasan_steel_plant,,,4484.057278817403,
P100000120680,Kyoei Steel Hirakata Division (Osaka),Kyoei Steel Ltd,Kyoei Steel Ltd [100.0%],Japan,Asia Pacific,Osaka,34.816321,135.677444,exact,operating,1,64.0,805.0,0.0,,,,,EAF,158,https://www.gem.wiki/Kyoei_Steel_Hirakata_Division_(Osaka),84281749601.77412,1494.338842171728,3.933133065788956,Japan
P100000120682,Kyoei Steel Nagoya Division (Tokai),Kyoei Steel Ltd,Kyoei Steel Ltd [100.0%],Japan,Asia Pacific,Aichi,35.065055,136.815384,exact,operating,1,42.0,1265.0,0.0,,,,,EAF,158,https://www.gem.wiki/Kyoei_Steel_Nagoya_Division_(Tokai),11644793117.559832,954.2704834789465,3.379982945778555,Japan
P100000120681,Kyoei Steel Yamaguchi Division (Yamaguchi),Kyoei Steel Ltd,Kyoei Steel Ltd [100.0%],Japan,Asia Pacific,Yamaguchi,33.976513,131.173031,exact,operating,1,54.0,575.0,0.0,,,,,EAF,158,https://www.gem.wiki/Kyoei_Steel_Yamaguchi_Division_(Yamaguchi),3584087170.210148,12.390856251675594,3.832132817585591,Japan
P100000120254,Laiwu Iron and Steel Group Yinshan Section Steel Co Ltd,Laiwu Steel Yinshan Section Co Ltd,Shandong Iron and Steel Group Co Ltd [70.0%]; Shandong Guohui Investment Co Ltd [20.0%]; Shandong Caixin Asset Operation Co Ltd [10.0%],China,Asia Pacific,Shandong,36.106143,117.820108,exact,operating,1,22.15,5600.0,5870.0,,,,,BF; BOF,4449,https://www.gem.wiki/Laiwu_Iron_and_Steel_Group_Yinshan_Section_Steel_Co_Ltd,1723461254.4344203,14.25111277994352,3.3050746292577755,China
P100000120156,Langfang Guangyuan Metalwork Co Ltd,Langfang Guangyuan Metalwork Co Ltd,RiseSun Real Estate Development Co Ltd [99.8%]; unknown [0.2%],China,Asia Pacific,Hebei,39.181466,116.838667,exact,retired,1,11.0,0.0,0.0,,,,,BF; BOF,52,https://www.gem.wiki/Langfang_Guangyuan_Metalwork_Co_Ltd,1533063394.1574883,72.13604936439161,4.3276575243567255,China
P100000120713,Lanwa Steel Hambantota steel plant,Ceylon Steel Co Ltd,Ceylon Steel Co Ltd [100.0%],Sri Lanka,Asia Pacific,Hambantota,6.128077,81.075224,exact,construction,1,,0.0,0.0,,,,,BF; BOF,1500,https://www.gem.wiki/Lanwa_Steel_Hambantota_steel_plant,,,390.39626991827214,
P100000120344,Lanxin Steel Group Co Ltd plant,Gaolan County Lanxin Steel Co Ltd,Gaolan County Lanxin Steel Co Ltd [100.0%],China,Asia Pacific,Gansu,36.488866,103.922,exact,operating,2,25.0,1100.0,1150.0,,,,,BF; BOF; EAF,3060,https://www.gem.wiki/Lanxin_Steel_Group_Co_Ltd_plant,4705947.349746395,5.257266296928561,4.699038202014775,China
P100000121024,Lao Cai Cast Iron and Steel Tang Long plant,Lao Cai Cast Iron and Steel,Kunming Iron & Steel Holding Co Ltd; Laocai Mineral Exploitation and Processing JSC; unknown; Viet Nam Steel Corp,Vietnam,Asia Pacific,Lao Cai,22.306931,104.12992,exact,operating,1,12.0,500.0,500.0,,,,,BF; BOF,1000,https://www.gem.wiki/Lao_Cai_Cast_Iron_and_Steel_Tang_Long_plant,,,31.501457010417994,
P100000120823,Lebedinsky GOK DRI Plant,Lebedinskiy GOK JSC,YueSeM Holding Company LLC,Russia,Eurasia,Belgorod,51.261995,37.654622,exact,operating,2,55.0,0.0,4600.0,,22063.0,,8968.0,DRI,9459,https://www.gem.wiki/Lebedinsky_GOK_DRI_Plant,,,3051.1491552261027,
P100000120437,Lech Stahlwerke Meitingen steel plant,Lech Stahlwerke GmbH,Max Aicher Stahl AG [92.6%]; unknown,Germany,Europe,Bavaria,48.512051,10.855292,exact,operating,1,56.0,1400.0,0.0,,,,,EAF,800,https://www.gem.wiki/Lech_Stahlwerke_Meitingen_steel_plant,,,4970.342952426176,
P100000120961,Leggett & Platt Sterling Steel plant,Sterling Steel Co LLC,Leggett & Platt Inc [100.0%],United States,North America,Illinois,41.785971,-89.710947,exact,operating,2,23.0,1090.0,0.0,,,,,EAF,260,https://www.gem.wiki/Leggett_&_Platt_Sterling_Steel_plant,,,8940.210627209412,
P100000120181,Lengshuijiang Steel Co Ltd,Lengshuijiang Iron and Steel Co Ltd,Lengshuijiang Xingbo Enterprise Management Co Ltd [49.6%]; unknown [28.6%]; Shanghai Baoke Enterprise Development Co Ltd [15.0%]; Shanghai Zhenchang Metal Resources Group Co Ltd [5.4%]; Shanghai Zhenchang Waste and Scrap Metal Recycling Co Ltd [1.4%],China,Asia Pacific,Hunan,27.690401,111.437288,exact,operating,1,68.0,3000.0,2999.0,,,,,BF; BOF,3059,https://www.gem.wiki/Lengshuijiang_Steel_Co_Ltd,982323572.5654914,6.050144569628893,2.8755793048526983,China
P100000120192,Lianfeng Steel Zhangjiagang Co Ltd,Lianfeng Steel (Zhangjiagang) Co Ltd,"Sirida (Hong Kong) Group Co Ltd [42.7%]; Zhangjiagang Yongrun Investment Development Co Ltd [18.5%]; Suzhou Yongyuan Holding Co Ltd [14.5%]; Yonglian Village Stock Economic Cooperative, Nanfeng Town, Zhangjiagang City [9.3%]; unknown [4.3%]; Hengde International Co Ltd [3.4%]; Zhangjiagang Yongfeng Investment Development Co Ltd [3.2%]; Jiangsu Shagang Group Co Ltd [2.7%]; Zhangjiagang Free Trade Zone Runyuan Stainless Steel Trade Co Ltd [0.8%]; Ningbo Meishan Free Trade Port Jincheng Shazhou Equity Investment Co Ltd [0.6%]",China,Asia Pacific,Jiangsu,31.855205,120.730505,exact,operating,5,23.65,8240.0,5991.0,,12000.0,,,BF; BOF; EAF,4746,https://www.gem.wiki/Lianfeng_Steel_Zhangjiagang_Co_Ltd,3289812339.6058364,95.88643595621154,3.0379227984554906,China
P100001063594,Lianping Huafeng Steel Co Ltd,Lianping County Huafeng Steel Co Ltd,Lianping County Huafeng Steel Co Ltd [100.0%],China,Asia Pacific,Guangdong,24.18435,114.728202,exact,operating,1,9.93,720.0,0.0,,,,,EAF,112,https://www.gem.wiki/Lianping_Huafeng_Steel_Co_Ltd,271704400.55409884,0.7394199273495379,3.3426017630165132,China
P100000121078,Lianyungang Huale Alloy Group Co Ltd,Lianyungang Huale Alloy Group Co Ltd,Lianyungang Huale Alloy Group Co Ltd [100.0%],China,Asia Pacific,Jiangsu,34.607964,119.447626,exact,operating,1,15.94,621.0,460.0,,,,,BF; BOF,214,https://www.gem.wiki/Lianyungang_Huale_Alloy_Group_Co_Ltd,175014771.30063456,9.77416452655613,2.1327229760476927,China
P100000120348,Lianyungang Yaxin Iron and Steel Co Ltd,Lianyungang Yaxin Iron and Steel Co Ltd,Lianyungang Yaxin Iron and Steel Co Ltd [100.0%],China,Asia Pacific,Jiangsu,34.423786,119.778311,exact,operating,1,16.51,3000.0,2800.0,,,,,BF; BOF,3092,https://www.gem.wiki/Lianyungang_Yaxin_Iron_and_Steel_Co_Ltd,890142435.6329616,4.731332312464616,4.032005238418851,China
P100000120333,Liaoyang United Steel Co Ltd,Liaoyang United Steel Co Ltd,Liaoyang United Steel Co Ltd [100.0%],China,Asia Pacific,Liaoning,41.19138,122.877311,exact,operating,2,6.17,2300.0,2260.0,,,,,BF; BOF,1753,https://www.gem.wiki/Liaoyang_United_Steel_Co_Ltd,1281795295.850902,118.75270667725312,1.8950138882788263,China
P100000121051,Liaoyang Xinyi Special Steel Co Ltd,Liaoyang Xinyi Special Steel Co Ltd,Liaoyang Xinyi Special Steel Co Ltd [100.0%],China,Asia Pacific,Liaoning,41.225003,122.970488,exact,operating,1,17.2,500.0,0.0,,,,,EAF,245,https://www.gem.wiki/Liaoyang_Xinyi_Special_Steel_Co_Ltd,4381066890.384275,135.45936104981513,2.1140866812472705,China
P100000120977,Liberty Steel & Wire Peoria plant,Liberty Steel Group,GFG Alliance Ltd,United States,North America,Illinois,41.513249,-87.621438,exact,operating,1,137.0,726.0,0.0,,,,,EAF,800,https://www.gem.wiki/Liberty_Steel_&_Wire_Peoria_plant,,,9027.42454098373,
P100000120496,Liberty Steel Dunaferr Dunaújváros steel plant,Liberty Steel Group,GFG Alliance Ltd,Hungary,Europe,Fejér,46.945694,18.93863,exact,retired,2,71.78,0.0,0.0,,1000.0,,,EAF; BF; BOF,4500,https://www.gem.wiki/Liberty_Steel_Dunaferr_Dunaújváros_steel_plant,,,4415.610450648456,
P100000121177,Liberty Steel Dunkerque DRI plant,Liberty Steel Group,GFG Alliance Ltd,France,Europe,Haus-de-France,50.99926,2.168571,exact,announced,1,,0.0,0.0,,,,,DRI,unknown,https://www.gem.wiki/Liberty_Steel_Dunkerque_DRI_plant,,,5500.641754941744,
P100000120978,Liberty Steel Georgetown plant,Liberty Steel Group,GFG Alliance Ltd,United States,North America,South Carolina,33.367258,-79.292515,exact,retired,1,57.0,0.0,0.0,,,,,EAF,85,https://www.gem.wiki/Liberty_Steel_Georgetown_plant,,,10101.51715285545,
P100000120717,Libyan Iron and Steel Misrata plant,Libyan Iron and Steel Co,Libyan Iron and Steel Co [100.0%],Libya,Africa,Misrata,32.335185,15.215053,exact,operating,2,37.0,1710.0,1806.0,,,,,DRI; EAF,6800,https://www.gem.wiki/Libyan_Iron_and_Steel_Misrata_plant,,,5222.605591921429,
P100000120269,Licheng Taihang Iron and Steel Co Ltd,Licheng Taihang Iron & Steel Co Ltd,Licheng Taihang Iron & Steel Co Ltd [100.0%],China,Asia Pacific,Shanxi,36.472303,113.344155,exact,operating,2,25.68,1700.0,618.0,,,,,BF; BOF,1985,https://www.gem.wiki/Licheng_Taihang_Iron_and_Steel_Co_Ltd,231213739.23506635,2.0130715426201022,3.165625209647596,China
P100000120716,Liepājas Metalurgs steel plant,KVV Liepājas metalurgs AS,KVV Liepājas metalurgs AS [100.0%],Latvia,Europe,Kurzeme,56.525273,21.0267,exact,retired,1,,0.0,0.0,,,,,EAF,403,https://www.gem.wiki/Liepājas_Metalurgs_steel_plant,,,4197.202294739907,
P100001063580,Lincoln Minerals South Australia Green Iron Plant,Green Iron Magnetite Project,Green Iron Magnetite Project [100.0%],Australia,Asia Pacific,South Australia,-34.595209,135.84922,approximate,announced,1,,0.0,0.0,,,,,DRI,unknown,https://www.gem.wiki/Lincoln_Minerals_South_Australia_Green_Iron_Plant,,,6376.108348619125,
P100000120225,Lingyuan Iron and Steel Co Ltd,Lingyuan Iron & Steel Co Ltd,Lingyuan Iron & Steel Co Ltd [100.0%],China,Asia Pacific,Liaoning,41.271048,119.41374,exact,operating,2,31.8,5994.0,5005.0,,,,,BF; BOF,6452,https://www.gem.wiki/Lingyuan_Iron_and_Steel_Co_Ltd,1351875952.0510519,4.6899122885709765,3.9668000453259777,China
P100000120330,Linyi Iron and Steel Investment Group Special Steel Co Ltd,Linyi Iron and Steel Investment Group Co Ltd,Linyi Investment Development Co Ltd [74.4%]; Gangfa International [16.7%]; Shandong Caixin Asset Operation Co Ltd [8.3%]; unknown [0.7%],China,Asia Pacific,Shandong,35.15735,119.133999,exact,operating,1,6.92,2700.0,2310.0,,3840.0,,,BF; BOF,16,https://www.gem.wiki/Linyi_Iron_and_Steel_Investment_Group_Special_Steel_Co_Ltd,212520272.51501238,7.645735223522728,3.689049118536783,China
P100000120338,Linyi Iron and Steel Investment Group Stainless Steel Co Ltd,Linyi Iron and Steel Investment Group Stainless Steel Co Ltd,Shandong Shengyang Holding Group Co Ltd [66.0%]; Linyi Investment Development Co Ltd [25.3%]; Gangfa International [5.7%]; Shandong Caixin Asset Operation Co Ltd [2.8%]; unknown [0.2%],China,Asia Pacific,Shandong,35.148443,119.068015,exact,operating,1,6.0,700.0,0.0,,,,,EAF,1356,https://www.gem.wiki/Linyi_Iron_and_Steel_Investment_Group_Stainless_Steel_Co_Ltd,238915176.01580334,4.615400531650645,3.540566801801486,China
P100000120250,Linyi Jiangxin Iron and Steel Co Ltd,Linyi Jiangxin Steel Co Ltd,Huasheng Jiangquan Group Co Ltd [100.0%],China,Asia Pacific,Shandong,34.951117,118.305389,exact,retired,1,18.58,0.0,0.0,,,,,BF; BOF,unknown,https://www.gem.wiki/Linyi_Jiangxin_Iron_and_Steel_Co_Ltd,7972147725.823803,98.28063260470425,1.4858903072188059,China
P100001063721,Linyi Meide Gengchen Metal Materials Co Ltd,Linyi Meide Gengchen Metal Materials Co Ltd,Linyi Meide Gengchen Metal Materials Co Ltd [100.0%],China,Asia Pacific,Shandong,35.188667,119.087048,approximate,operating,1,8.55,500.0,1160.0,,,,,BF; EAF,unknown,https://www.gem.wiki/Linyi_Meide_Gengchen_Metal_Materials_Co_Ltd,374021532.01611346,8.74867982693379,4.0833855518242785,China
P100001064103,Linzhou Hexin Foundry Co Ltd,Linzhou Hexin Foundry Co Ltd,Linzhou Hexin Foundry Co Ltd [100.0%],China,Asia Pacific,Henan,36.112742,113.861135,exact,operating,1,20.47,240.0,550.0,,,,,BF; IF,520,https://www.gem.wiki/Linzhou_Hexin_Foundry_Co_Ltd,1250100343.4634068,7.322649122500465,1.8463064427649627,China
P100000120738,Lion Industries Amsteel Banting steel plant,Amsteel Mills Sdn Bhd,Lion Industries Corporation Bhd,Malaysia,Asia Pacific,Selangor,2.806998,101.601053,exact,mothballed,1,25.0,0.0,0.0,,,,,DRI; EAF,unknown,https://www.gem.wiki/Lion_Industries_Amsteel_Banting_steel_plant,,,968.0304644405657,
P100000120739,Lion Industries Amsteel Klang steel plant,Amsteel Mills Sdn Bhd,Lion Industries Corporation Bhd,Malaysia,Asia Pacific,Selangor,3.069682,101.456474,exact,operating,3,44.0,750.0,0.0,,,,,EAF; BF; BOF; IF,unknown,https://www.gem.wiki/Lion_Industries_Amsteel_Klang_steel_plant,,,940.2732822845632,
P100000120740,Lion Industries Megasteel plant,Megasteel Sdn Bhd,Lion Industries Corporation Bhd,Malaysia,Asia Pacific,Selangor,2.8072653,101.6055808,exact,mothballed,1,96.0,0.0,0.0,,,,,EAF,unknown,https://www.gem.wiki/Lion_Industries_Megasteel_plant,,,968.4599129938739,
P100000120399,Lishui Huahong Iron and Steel Products Co Ltd,Huahong Iron and Steel Products Co Ltd,Huahong Iron and Steel Products Co Ltd [100.0%],China,Asia Pacific,Zhejiang,28.090098,119.519509,exact,operating,1,23.39,1200.0,0.0,,,,,EAF,181,https://www.gem.wiki/Lishui_Huahong_Iron_and_Steel_Products_Co_Ltd,468805622.32278705,0.935849045969734,4.447987609588924,China
P100000120092,Liuzhou Iron and Steel Co Ltd Liuzhou Base,Liuzhou IRON&STEEL Co Ltd,Liuzhou IRON&STEEL Co Ltd [100.0%],China,Asia Pacific,Guangxi,24.385304,109.37963,exact,operating,2,26.0,9458.0,8930.0,,,,,BF; BOF,4517,https://www.gem.wiki/Liuzhou_Iron_and_Steel_Co_Ltd_Liuzhou_Base,21236255107.045433,101.40599440835932,1.2379975020369698,China
P100000120382,Liyang Baorun Steel Co Ltd,Liyang Baorun Steel Co Ltd,Jiangsu Delong Nickel Industry Co Ltd [100.0%],China,Asia Pacific,Jiangsu,31.471123,119.485941,exact,operating,1,2.58,2760.0,0.0,,,,,EAF,178,https://www.gem.wiki/Liyang_Baorun_Steel_Co_Ltd,5294448729.56292,16.79957910500358,2.9797280438995166,China
P100000120522,Lloyds Metals and Energy Ltd Ghugus steel plant,Lloyds Metals and Energy Ltd,Lloyds Metals and Energy Ltd [100.0%],India,Asia Pacific,Maharashtra,19.929837,79.119344,exact,operating,4,31.0,0.0,684.0,,,,4000.0,DRI; BF; EAF; Steel other/unspecified; IF,800,https://www.gem.wiki/Lloyds_Metals_and_Energy_Ltd_Ghugus_steel_plant,248656224.30699146,2.267674638418064,3.2233279319745254,India
P100000121179,Lloyds Metals and Energy Ltd Konsari steel plant,Lloyds Metals and Energy Ltd,Lloyds Metals and Energy Ltd [100.0%],India,Asia Pacific,Maharashtra,19.770409,79.813599,exact,operating,2,3.0,0.0,72.0,,,,4000.0,DRI; BF; BOF,1100,https://www.gem.wiki/Lloyds_Metals_and_Energy_Ltd_Konsari_steel_plant,1199591.592945764,0.06657022438758514,3.294490797346745,India
P100000120476,LME Trith-Saint-Léger steel plant,Lamines Marchands Europeens SA,Beltrame Holding SpA [73.7%]; unknown [26.3%],France,Europe,Hauts-de-France,50.3292,3.490913,exact,operating,1,151.0,850.0,0.0,,,,,EAF,505,https://www.gem.wiki/LME_Trith-Saint-Léger_steel_plant,,,5432.637223547949,
P100000121026,Long Son Phu My Iron and Steel plant,Long Son Phu My Iron & Steel Co,Siam Cement PCL [100.0%],Vietnam,Asia Pacific,Binh Dinh,14.457367,109.0789538,approximate,announced,1,,0.0,0.0,,,,,EAF; Iron other/unspecified,2500,https://www.gem.wiki/Long_Son_Phu_My_Iron_and_Steel_plant,,,422.4584377385179,
P100001063267,Longchuan Hanghui Steel Co Ltd,Longchuan Hanghui Steel Co Ltd,Longchuan Hanghui Steel Co Ltd [100.0%],China,Asia Pacific,Guangdong,24.113189,115.215068,exact,operating,1,22.39,930.0,0.0,,,,,EAF,167,https://www.gem.wiki/Longchuan_Hanghui_Steel_Co_Ltd,1069393003.8951043,3.1175001689970014,1.480529817522742,China
P100000120412,Longnan Fuxin Iron and Steel Co Ltd,Longnan Fuxin Steel Co Ltd,Longnan Fuxin Steel Co Ltd [100.0%],China,Asia Pacific,Jiangxi,24.912904,114.844503,exact,operating,2,20.91,1500.0,0.0,,,,,EAF,11,https://www.gem.wiki/Longnan_Fuxin_Iron_and_Steel_Co_Ltd,85055828.36295038,1.6301052524186455,5.217852117421908,China
P100000120383,Luoyang Luogang Group of Steel and Iron Co Ltd,Luoyang Luogang Group of Steel and Iron Co Ltd,Luoyang Luogang Group of Steel and Iron Co Ltd [100.0%],China,Asia Pacific,Henan,34.798477,112.580505,exact,retired,1,19.0,0.0,0.0,,,,,EAF,5,https://www.gem.wiki/Luoyang_Luogang_Group_of_Steel_and_Iron_Co_Ltd,898607349.1565193,45.131716874276634,3.6263969986835685,China
P100000120335,Luzhou Xinyang Vanadium Titanium Steel Co Ltd,Luzhou Xinyang Vanadium Titanium Steel Co Ltd,Luzhou Chengkun Industry Co Ltd [70.0%]; Sichuan Luzhou Jiangyang Iron and Steel Co Ltd [30.0%],China,Asia Pacific,Sichuan,28.851779,105.70509,exact,operating,1,6.12,2000.0,0.0,,,,,EAF,32,https://www.gem.wiki/Luzhou_Xinyang_Vanadium_Titanium_Steel_Co_Ltd,20271489.796361625,3.3239221943891173,2.6013026652315396,China
P100000120260,Lvliang Jianlong Industrial Co Ltd,Lvliang Jianlong Industrial Co Ltd,China Great Wall Asset Management Co Ltd [48.0%]; Beijing Jianlong Investment Co Ltd [45.5%]; unknown [6.5%],China,Asia Pacific,Shanxi,37.47311,112.06093,exact,operating,4,41.0,1400.0,1535.0,,,,,BF; BOF,2132,https://www.gem.wiki/Lvliang_Jianlong_Industrial_Co_Ltd,1570081181.240564,7.153007145963953,2.3643583856992034,China
P100000120069,Maanshan Iron and Steel Co Ltd,Maanshan Iron & Steel Co Ltd,Maanshan Iron & Steel Co Ltd [100.0%],China,Asia Pacific,Anhui,31.698884,118.468194,exact,operating,4,73.0,17340.0,14500.0,,18440.0,4430.0,2670.0,BF; BOF; EAF,11450,https://www.gem.wiki/Maanshan_Iron_and_Steel_Co_Ltd,14161932205.740225,62.07819869751509,1.4050622138748015,China
P100001047854,Maegma Minerals Lumut HBI Plant,Maegma Minerals Sdn Bhd,Melewar Industrial Group Bhd [100.0%],Malaysia,Asia Pacific,Perak,4.2405829,100.5949428,approximate,announced,1,,0.0,0.0,,,,,DRI,unknown,https://www.gem.wiki/Maegma_Minerals_Lumut_HBI_Plant,,,799.2558238393283,
P100000120807,Magnitogorsk Iron and Steel Works,Magnitogorskiy Metallurgicheskiy Kombinat PJSC,Magnitogorskiy Metallurgicheskiy Kombinat PJSC [100.0%],Russia,Eurasia,Chelyabinsk,53.427593,59.054122,exact,operating,3,94.0,14500.0,11126.0,,11300.0,5400.0,6400.0,BF; BOF; EAF,16648,https://www.gem.wiki/Magnitogorsk_Iron_and_Steel_Works,,,1778.0959041115027,
P100000120718,Mahgreb Steel Bled Solb plant,Maghreb Steel SA,Maghreb Steel SA [100.0%],Morocco,Africa,Casablanca-Settat,33.632918,-7.434084,exact,operating,1,15.0,1000.0,0.0,,,,,EAF,1123,https://www.gem.wiki/Mahgreb_Steel_Bled_Solb_plant,,,7025.009799622508,
P100000120593,Makran Steel Sistan and Baluchestan Complex,Makran Steel Co,Iranian Mines & Mining Industries Development & Renovation Organization [8.5%]; unknown,Iran,Middle East,Sistan and Baluchestan,25.4483977,60.6408488,exact,construction,2,,0.0,0.0,,,,5000.0,DRI; EAF,450,https://www.gem.wiki/Makran_Steel_Sistan_and_Baluchestan_Complex,,,784.3388264426454,
P100000120722,Makstil Skopje Steel plant,Makstil AD,Hesteel Group Co Ltd,North Macedonia,Europe,Skopje,42.016228,21.46605,exact,operating,1,59.0,550.0,0.0,,,,,EAF,973,https://www.gem.wiki/Makstil_Skopje_Steel_plant,,,4341.929157353133,
P100000120746,Malaysia Steel Works Klang steel plant,Malaysia Steel Works (KL) Bhd,Malaysia Steel Works (KL) Bhd [100.0%],Malaysia,Asia Pacific,Selangor,3.077835,101.46448,exact,operating,2,28.0,800.0,0.0,,,,,IF; EAF,367,https://www.gem.wiki/Malaysia_Steel_Works_Klang_steel_plant,,,940.6538734121616,
P100000121235,Marcegaglia Fos Sur Mer steel plant,Marcegaglia Holding SpA,Finmar SRL; Marfin SRL,France,Europe,Bouches-du-Rhône,43.445004,4.846805,exact,mothballed pre-retirement,2,53.0,0.0,0.0,,,,,EAF,700,https://www.gem.wiki/Marcegaglia_Fos_Sur_Mer_steel_plant,,,5582.397697493464,
P100000120487,Marcegaglia Sheffield steel plant,Marcegaglia Stainless Sheffield Ltd,Finmar SRL; Marfin SRL,United Kingdom,Europe,England,53.399598,-1.395818,exact,operating pre-retirement,2,49.0,300.0,0.0,,,,,EAF,251,https://www.gem.wiki/Marcegaglia_Sheffield_steel_plant,,,5655.055861327664,
P100001063310,Mashiz Steel Industries Bardsir steel plant,Mashiz Bardsir Steel Industries Co,Jihad Nasr Holding,Iran,Middle East,Kerman,29.948688,56.732593,exact,operating,2,36.0,400.0,0.0,,,,,EAF,unknown,https://www.gem.wiki/Mashiz_Steel_Industries_Bardsir_steel_plant,,,1289.246492696233,
P100000120577,Mass Iron and Steel Industry Co Sulaimaniya plant,Mass Iraq Iron and Steel Industry Co,Mass Group Holding Ltd,Iraq,Middle East,Kurdistan,35.660125,45.039062,exact,operating,2,11.0,1250.0,0.0,,,,,EAF; DRI,1000,https://www.gem.wiki/Mass_Iron_and_Steel_Industry_Co_Sulaimaniya_plant,,,2503.17632038736,
P100000121169,Master Steel Jakarta Steel plant,PT The Master Steel MFG,PT The Master Steel MFG [100.0%],Indonesia,Asia Pacific,Jakarta,-6.18421,106.920067,exact,operating,1,54.0,2000.0,0.0,,,,,EAF,2000,https://www.gem.wiki/Master_Steel_Jakarta_Steel_plant,,,2050.2501708744685,
P100000120855,Max Aicher Slovakia Steel Mills Strazske,Max Aicher GmbH & Co KG,Max Aicher GmbH & Co KG [100.0%],Slovakia,Europe,Strazske,48.886028,21.82705,exact,retired,1,8.0,0.0,0.0,,,,,EAF,500,https://www.gem.wiki/Max_Aicher_Slovakia_Steel_Mills_Strazske,,,4170.815483127644,
P100000120805,Mechel Chelyabinsk Metallurgical Plant,Chelyabinskiy Metallurgicheskiy Kombinat PJSC,Chelyabinskiy Metallurgicheskiy Kombinat PJSC [100.0%],Russia,Eurasia,Chelyabinsk,55.27073,61.436492,exact,operating,1,83.0,5799.0,4000.0,,4500.0,2900.0,,BF; BOF; EAF,15196,https://www.gem.wiki/Mechel_Chelyabinsk_Metallurgical_Plant,,,1740.251020309637,
P100001082547,Medsteel Adra steel plant,Med-steel Ltd,Med-steel Ltd [100.0%],Syria,Middle East,Rif Dimashq,33.628437,36.57259391534359,exact,operating,1,15.0,800.0,0.0,,,,,EAF,unknown,https://www.gem.wiki/Medsteel_Adra_steel_plant,,,3229.8108055985876,
P100000120463,Megasa Siderúrgica Narón steel plant,Megasa Siderurgica SL,Bipadosa SL,Spain,Europe,La Coruña,43.51421,-8.163839,exact,operating,1,73.0,700.0,0.0,,,,,EAF,unknown,https://www.gem.wiki/Megasa_Siderúrgica_Narón_steel_plant,,,6535.580617574819,
P100000120464,Megasider Zaragoza steel plant,Megasider Zaragoza SA,Bipadosa SL,Spain,Europe,Zaragoza,41.56988,-0.856566,exact,operating,1,68.0,500.0,0.0,,,,,EAF,unknown,https://www.gem.wiki/Megasider_Zaragoza_steel_plant,,,6094.100105772462,
P100001042845,Meghna Re-rolling and Steel Mills steel plant,Meghna Re-rolling and Steel Mills Ltd,Meghna Group of Industries Ltd,Bangladesh,Asia Pacific,Chittagong,23.585487,90.648875,exact,construction,1,,0.0,0.0,,,,,EAF,unknown,https://www.gem.wiki/Meghna_Re-rolling_and_Steel_Mills_steel_plant,,,57.1726983255403,
P100001063142,Meranti Green Steel Duqm DRI plant,Meranti Steel Pte Ltd,Meranti Steel Pte Ltd [100.0%],Oman,Middle East,Al Wusta,19.635815,57.670697,approximate,announced,1,,0.0,0.0,,,,,DRI,unknown,https://www.gem.wiki/Meranti_Green_Steel_Duqm_DRI_plant,,,1175.5841755315764,
P100000121035,Meranti Steel Map Ta Phut plant,Meranti Steel Pte Ltd,Meranti Steel Pte Ltd [100.0%],Thailand,Asia Pacific,Rayong,12.694465,101.148937,approximate,announced,1,,0.0,0.0,,,,,DRI; EAF,unknown,https://www.gem.wiki/Meranti_Steel_Map_Ta_Phut_plant,,,879.9648201730613,
P100000121219,Mesabi Metallics Nashwuak HBI plant,Mesabi Mining LLC,Steel Dynamics Inc [88.0%]; unknown [12.0%],United States,North America,Minnesota,47.383441,-93.219413,exact,cancelled,1,0.0,0.0,0.0,,,,7000.0,DRI,350,https://www.gem.wiki/Mesabi_Metallics_Nashwuak_HBI_plant,,,8259.2908818838,
P100000120881,Mescier Iron and Steel Bartin plant,Mescier Demir Celik AŞ,Mescier Demir Celik AŞ [100.0%],Türkiye,Europe,Bartin,41.565932,32.427758,exact,operating,1,6.0,1000.0,0.0,,,,,EAF,499,https://www.gem.wiki/Mescier_Iron_and_Steel_Bartin_plant,,,3463.10115830001,
P100000120559,Mesco Steel Kalinganagar plant,Mesco Kalinga Steel Ltd,Mesco Kalinga Steel Ltd [100.0%],India,Asia Pacific,Odisha,20.976277,86.044419,exact,operating,2,21.0,1200.0,1200.0,,770.0,,,BF; BOF,unknown,https://www.gem.wiki/Mesco_Steel_Kalinganagar_plant,864289310.3874147,5.673477114514187,2.015607416289135,India
P100000120801,Metalfer Sremska Mitrovica steel plant,Metalfer Steel Mill Sremska Mitrovica doo,Metalfer doo [100.0%],Serbia,Europe,Vojvodina,44.977213,19.64601,exact,operating,1,18.0,500.0,0.0,,,,,EAF,629,https://www.gem.wiki/Metalfer_Sremska_Mitrovica_steel_plant,,,4405.865057057888,
P100000120828,Metalloinvest Mikhailovsky HBI plant,Mikhailovsky HBI LLC,Mikhaylovskiy GOK im. Andreya Vladimirovicha Varicheva JSC [45.0%]; YueSeM Holding Company LLC,Russia,Eurasia,Kursk Oblast,52.360448,35.397314,approximate,construction,1,,0.0,0.0,,,,,DRI,400,https://www.gem.wiki/Metalloinvest_Mikhailovsky_HBI_plant,,,3224.8630776005193,
P100000120812,Metalloinvest OEMK steel plant,Oskol'skiy Elektrometallurgicheskiy Kombinat Imeni Alekseya Alekseyevicha Ugarova JSC,YueSeM Holding Company LLC,Russia,Eurasia,Belgorod,51.142738,37.940532,exact,operating,2,42.0,3500.0,3180.0,,,,4500.0,DRI; EAF,9099,https://www.gem.wiki/Metalloinvest_OEMK_steel_plant,,,3029.225993837392,
P100001023449,Metallurgical Cluster Gallaaral steel plant,Triangul Metals Tebinbulak JSC,Triangul Metals Tebinbulak JSC [100.0%],Uzbekistan,Eurasia,Jizzakh region,40.012819,67.573496,approximate,announced,1,0.0,0.0,0.0,,,,,EAF,2000,https://www.gem.wiki/Metallurgical_Cluster_Gallaaral_steel_plant,,,524.1460895574612,
P100000120909,Metallurgical Plant Kametstal,Kamet-Steel PrJSC,Metinvest BV [100.0%],Ukraine,Europe,Dnipropetrovsk,48.528019,34.640915,exact,operating,1,139.0,3500.0,4349.0,,5600.0,1030.0,,BF; BOF,8865,https://www.gem.wiki/Metallurgical_Plant_Kametstal,,,3233.6631252891207,
P100000120962,Metallus Faircrest steel plant,Metallus Inc,Metallus Inc [100.0%],United States,North America,Ohio,40.755388,-81.439369,exact,operating,1,109.0,1088.0,0.0,,,,,EAF,350,https://www.gem.wiki/Metallus_Faircrest_steel_plant,,,9258.399154455583,
P100000120963,Metallus Harrison steel plant,Metallus Inc,Metallus Inc [100.0%],United States,North America,Ohio,40.778466,-81.396889,exact,mothballed,1,110.0,0.0,0.0,,,,,EAF,600,https://www.gem.wiki/Metallus_Harrison_steel_plant,,,9256.822839238292,
P100000120917,Metinvest EAF steel plant,Metinvest Holding LLC,Metinvest BV [100.0%],Ukraine,Europe,unknown,49.039389,31.332628,approximate,cancelled,1,,0.0,0.0,,,,,EAF,unknown,https://www.gem.wiki/Metinvest_EAF_steel_plant,,,3477.347792809419,
P100000120914,Metinvest Ilyich Iron and Steel Works,Mariupolskyi Metalurgiinyi Kombinat Imeni Illicha PrAT,SCM Holdings Ltd [71.2%]; unknown [5.0%]; Smart Holding (Cyprus) Ltd,Ukraine,Europe,Donetsk,47.1402768,37.5943416,exact,mothballed,1,129.0,0.0,0.0,,12340.0,,,BF; BOF,14032,https://www.gem.wiki/Metinvest_Ilyich_Iron_and_Steel_Works,,,3007.641558026251,
P100000121211,Metinvest Piombino steel plant,Metinvest Adria SpA,Metinvest BV [75.0%]; Danieli & C Officine Meccaniche SpA [25.0%],Italy,Europe,Province of Livorno,42.93652,10.537794,exact,construction,1,,0.0,0.0,,,,,DRI; EAF,1500,https://www.gem.wiki/Metinvest_Piombino_steel_plant,,,5168.685239466956,
P100000120916,Metinvest Zaporizhstal steel plant,Zaporiz'kyi Metalurhiinyi Kombinat Zaporizhstal' PJSC,Metinvest BV [47.0%]; Global Steel Investments Ltd [36.8%]; Eastrade Ltd [11.2%],Ukraine,Europe,Zaporizhzhia,47.86838,35.161773,exact,operating,2,93.0,4102.0,4371.0,,6300.0,,,BF; Steel other/unspecified; BOF,8000,https://www.gem.wiki/Metinvest_Zaporizhstal_steel_plant,,,3192.7095828294878,
P100000120865,Millcon Steel Rayong steel plant,Millcon Steel PCL,Millcon Steel PCL [100.0%],Thailand,Asia Pacific,Rayong,12.819544,101.152954,exact,operating,1,28.0,800.0,0.0,,,,,EAF,493,https://www.gem.wiki/Millcon_Steel_Rayong_steel_plant,,,879.5333779784535,
P100001046616,Mintal Group DRI plant,Mintal Group Co Ltd,Beijing Dow Investment Holding Co Ltd [81.3%]; Minmetals Development Co Ltd [15.7%]; unknown [3.0%],China,Asia Pacific,Inner Mongolia,41.7915,109.865367,exact,announced,1,,0.0,0.0,,,,,DRI,unknown,https://www.gem.wiki/Mintal_Group_DRI_plant,38453234.3149022,0.16499988572728078,0.7988295846847465,China
P100000120339,Minyuan Iron and Steel Group Co Ltd,Minyuan Iron and Steel Group Co Ltd,natural person(s) [66.7%]; Fujian Mingfa Investment Co Ltd [33.3%],China,Asia Pacific,Henan,34.013369,116.422599,exact,operating,2,23.0,2700.0,2510.0,,,,,BF; BOF,2568,https://www.gem.wiki/Minyuan_Iron_and_Steel_Group_Co_Ltd,258770067.85181326,10.76845556749162,4.554699498749549,China
P100000121038,Mitsui-Kobe Duqm DRI plant,Mitsui-Kobe Steel JV,Kobe Steel Ltd; Mitsui & Co Ltd,Oman,Middle East,Al Wusta,19.529594,57.61573,approximate,announced,1,,0.0,0.0,,,,,DRI,unknown,https://www.gem.wiki/Mitsui-Kobe_Duqm_DRI_plant,,,1185.6867125014876,
P100000120601,Miyaneh Steel East Azerbaijan steel plant,Mianeh Steel,Iranian Mines & Mining Industries Development & Renovation Organization,Iran,Middle East,East Azerbaijan,37.37881,47.736689,exact,operating,2,9.0,0.0,800.0,,,,,DRI; EAF,610,https://www.gem.wiki/Miyaneh_Steel_East_Azerbaijan_steel_plant,,,2260.249330141645,
P100000120880,MMK Türkiye Metallurgical Payas steel plant,MMK Metalurji Sanayi Ticaret ve Liman Isletmeciligi AŞ,Magnitogorskiy Metallurgicheskiy Kombinat PJSC [100.0%],Türkiye,Europe,Hatay,36.768975,36.213842,exact,operating,1,15.0,2300.0,0.0,,,,,EAF,1219,https://www.gem.wiki/MMK_Türkiye_Metallurgical_Payas_steel_plant,,,3265.385719494033,
P100000121197,Mobarakeh Saba Steel Chamgordan plant,Mobarakeh Steel Co,Iranian Mines & Mining Industries Development & Renovation Organization,Iran,Middle East,Isfahan,32.40787,51.338985,exact,operating,1,20.0,1600.0,1500.0,,,,,DRI; EAF,unknown,https://www.gem.wiki/Mobarakeh_Saba_Steel_Chamgordan_plant,,,1849.671966515421,
P100000120584,Mobarakeh Steel Complex Isfahan,Mobarakeh Steel Co,Iranian Mines & Mining Industries Development & Renovation Organization,Iran,Middle East,Isfahan,32.244,51.4263,exact,mothballed,1,35.0,0.0,0.0,,5600.0,,7200.0,DRI; EAF,12092,https://www.gem.wiki/Mobarakeh_Steel_Complex_Isfahan,,,1837.421730641853,
P100000120581,Mobarakeh Steel Hormuzgan Steel Company plant,Mobarakeh Steel Co,Iranian Mines & Mining Industries Development & Renovation Organization,Iran,Middle East,Hormuzgan,27.161426,56.10058,exact,operating,2,15.0,1500.0,1650.0,,,,,DRI; EAF,1500,https://www.gem.wiki/Mobarakeh_Steel_Hormuzgan_Steel_Company_plant,,,1268.0794072611968,
P100000120612,Mobarakeh Steel Sefid Dasht Steel Complex,Mobarakeh Steel Co,Iranian Mines & Mining Industries Development & Renovation Organization,Iran,Middle East,Chaharmahal and Bakhtiari Province,32.19669,51.184156,exact,operating,1,10.0,1000.0,802.0,,,,,DRI; EAF,700,https://www.gem.wiki/Mobarakeh_Steel_Sefid_Dasht_Steel_Complex,,,1858.4095041771236,
P100000121239,Mono Steel Gandhidham plant,Mono Steel (India) Ltd,Mono Steel (India) Ltd [100.0%],India,Asia Pacific,Gujarat,23.312265,70.201953,exact,operating,1,36.0,770.0,255.0,,,,,BF; DRI; IF,unknown,https://www.gem.wiki/Mono_Steel_Gandhidham_plant,31833855.18768871,0.4842467288116904,2.3813106259714285,India
P100000120763,Moon Iron & Steel Company Sohar plant,Moon Iron and Steel Company SAOC,Gulf Investment Corp; Oman Development Fund Company SAOC; Sultan Special Force Pension Fund,Oman,Middle East,Al Batinah North,24.409437,56.520134,exact,mothballed,1,6.0,0.0,0.0,,,,,EAF,unknown,https://www.gem.wiki/Moon_Iron_&_Steel_Company_Sohar_plant,,,1187.1267157436714,
P100000120778,Mount Zynai Zamboanga Sibugay steel plant,Mount Zynai 0304 Mining Corp,Mount Zynai 0304 Mining Corp [100.0%],Philippines,Asia Pacific,Mindanao,7.716994,122.998671,approximate,construction,1,0.0,0.0,0.0,,,,,Iron other/unspecified; Steel other/unspecified,20000,https://www.gem.wiki/Mount_Zynai_Zamboanga_Sibugay_steel_plant,,,1830.7300698093397,
P100000120567,MSP Steel & Power Raigarh plant,MSP Steel & Power Ltd,MSP Steel & Power Ltd [100.0%],India,Asia Pacific,Chhattisgarh,21.87673,83.554495,exact,operating,2,24.0,385.0,375.0,300.0,900.0,,1250.0,DRI; IF; BF,1073,https://www.gem.wiki/MSP_Steel_&_Power_Raigarh_plant,122199505.11316605,1.4225331160567785,1.3376361425081078,India
P100000121231,Mughal Iron & Steel Industries Lahore plant,Mughal Iron & Steel Industries Ltd,Mughal Iron & Steel Industries Ltd [100.0%],Pakistan,Asia Pacific,Punjab,31.653035,74.183149,exact,operating,1,27.0,583.0,0.0,,,,,IF,2080,https://www.gem.wiki/Mughal_Iron_&_Steel_Industries_Lahore_plant,,,34.47766212278693,
P100001062087,Mukand Sumi Special Steel Hospet steel plant,Mukand Sumi Special Steel Ltd,Jamnalal Sons Pvt Ltd [51.0%]; Sumitomo Corp [49.0%],India,Asia Pacific,Karnataka,15.328976,76.258613,exact,operating,2,4.55,450.0,450.0,,,,,BF; Steel other/unspecified,unknown,https://www.gem.wiki/Mukand_Sumi_Special_Steel_Hospet_steel_plant,208281204.80950305,2.082346917780862,5.45689386902103,India
P100000121156,Myingyan Myanmar steel plant,Myanmar Economic Corp,Myanmar Economic Corp [100.0%],Myanmar,Asia Pacific,Mandalay,21.377652,95.372079,exact,operating,2,,400.0,0.0,,,,,EAF; DRI,354,https://www.gem.wiki/Myingyan_Myanmar_steel_plant,,,249.71254460443018,
P100001025672,N R Ispat and Power Raigarh steel plant,NR Ispat and Power Pvt Ltd,NR Ispat and Power Pvt Ltd [100.0%],India,Asia Pacific,Chhattisgarh,22.013086,83.330372,exact,operating,2,18.0,297.0,456.0,,,,,DRI; IF,unknown,https://www.gem.wiki/N_R_Ispat_and_Power_Raigarh_steel_plant,155299189.2988411,2.838328969173788,5.100722123085421,India
P100000120813,Nadezhdinski Metallurgical Plant,UMK-Stal LLC,Nokomis Select Inc [33.0%]; Tretiy Kod CJSC [32.8%]; Satelait JSC [17.7%]; Assets-M JSC [17.0%],Russia,Eurasia,Sverdlovsk,59.593854,60.591196,exact,operating,2,130.0,756.0,365.0,,660.0,,,BF; EAF,4400,https://www.gem.wiki/Nadezhdinski_Metallurgical_Plant,,,2009.5093127191594,
P100000120678,Nakayama Steel Products Osaka plant,Nakayama Steel Products Co Ltd,Godo Steel Ltd; Kyoei Steel Ltd; MM Construction Materials Co Ltd,Japan,Asia Pacific,Osaka,34.699762,135.430119,exact,operating,1,75.81,600.0,0.0,,,,,EAF,195,https://www.gem.wiki/Nakayama_Steel_Products_Osaka_plant,324278211589.9782,2540.1602410410055,2.7496433626349286,Japan
P100000120679,Nakayama Steel Works Osaka,Nakayama Steel Works Ltd,Nakayama Steel Works Ltd [100.0%],Japan,Asia Pacific,Osaka,34.628162,135.459688,exact,operating,2,97.0,600.0,0.0,,,,,EAF,434,https://www.gem.wiki/Nakayama_Steel_Works_Osaka,254812052510.10464,2751.2091879763093,0.372807375588606,Japan
P100000120190,Nanjing Iron and Steel Co Ltd,Nanjing Iron & Steel Co Ltd,Nanjing Iron & Steel Co Ltd [100.0%],China,Asia Pacific,Jiangsu,32.200797,118.746315,exact,operating,1,68.0,10000.0,8600.0,,,,,BF; BOF,4839,https://www.gem.wiki/Nanjing_Iron_and_Steel_Co_Ltd,11508667093.45597,482.78803317107094,3.6705464467713673,China
P100000120165,Nanyang Hanye Special Steel Co Ltd,Nanyang Hanye SPECIAL STREET Co Ltd,Henan Longcheng Group Co Ltd [100.0%],China,Asia Pacific,Henan,33.269324,111.534635,exact,operating,1,23.0,3000.0,2244.0,,,,,BF; BOF,3411,https://www.gem.wiki/Nanyang_Hanye_Special_Steel_Co_Ltd,313551485.3556643,2.405592168241457,2.5689419148181236,China
P100000120585,Natanz Steel Company Isfahan plant,Natanz Steel Co,Natanz Steel Co [100.0%],Iran,Middle East,Isfahan,33.428593,51.982273,exact,operating,2,25.0,733.0,0.0,,,,2000.0,EAF; DRI; IF,750,https://www.gem.wiki/Natanz_Steel_Company_Isfahan_plant,,,1822.920178948991,
P100000120780,National Steel Complex Limited Karachi steel plant,National Steel Complex Ltd,Ciena Group,Pakistan,Asia Pacific,Sindh,24.794779,67.353032,exact,mothballed,2,13.13,0.0,0.0,,,,,EAF; DRI,unknown,https://www.gem.wiki/National_Steel_Complex_Limited_Karachi_steel_plant,,,134.04844573134818,
P100000120540,Neelachal Ispat Nigam steel plant,Neelachal Ispat Nigam Ltd,Tata Steel Long Products Ltd [92.7%]; Tata Steel Ltd [5.2%]; small shareholder(s) [2.1%],India,Asia Pacific,Odisha,20.998641,86.019102,exact,operating,3,44.0,1100.0,1100.0,,1710.0,880.0,,BF; BOF,1400,https://www.gem.wiki/Neelachal_Ispat_Nigam_steel_plant,864289310.3874147,5.2182321579938336,5.057364430723465,India
P100001080714,Nemo Industries Ironworks I,Nemo Industries Inc,Nemo Industries Inc [100.0%],United States,North America,Louisiana,30.09283875301732,-90.9539266739139,approximate,announced,1,,0.0,0.0,,,,,DRI; EAF,350,https://www.gem.wiki/Nemo_Industries_Ironworks_I,,,9969.175210803194,
P100000120611,Neyriz Ghadir Steel Company Fars plant,Neyriz Ghadir Steel Co,Ghadir Investment Company PJSC [65.0%]; Iranian Mines & Mining Industries Development & Renovation Organization [35.0%],Iran,Middle East,Fars,29.168087,54.621487,exact,operating,1,8.0,1000.0,800.0,,,,2500.0,DRI; EAF,1100,https://www.gem.wiki/Neyriz_Ghadir_Steel_Company_Fars_plant,,,1473.0208882029779,
P100000121165,Nilachal Iron & Power Gamharia steel plant,Nilachal Iron & Power Ltd,Nilachal Iron & Power Ltd [100.0%],India,Asia Pacific,Jharkhand,22.874863,86.063646,exact,operating,4,24.0,99.0,379.0,,,,,DRI; IF,1552,https://www.gem.wiki/Nilachal_Iron_&_Power_Gamharia_steel_plant,631216996.6196955,11.445803729918417,2.251835314131886,India
P100000120400,Ningbo Haoyang New Materials Techonology Co Ltd,Ningbo Haoyang New MATERIALS Techonology Co Ltd,Ningbo Haoyang New MATERIALS Techonology Co Ltd [100.0%],China,Asia Pacific,Zhejiang,30.267113,121.052503,exact,operating,1,6.39,500.0,0.0,,,,,EAF,400,https://www.gem.wiki/Ningbo_Haoyang_New_Materials_Techonology_Co_Ltd,4420088191.603954,64.77901709506979,6.6183834844003355,China
P100000120305,Ningbo Iron and Steel Co Ltd,Ningbo Iron & Steel Co Ltd,Hang Zhou Iron & Steel Co Ltd [100.0%],China,Asia Pacific,Zhejiang,29.918776,121.876423,exact,operating,2,23.1,3999.0,4260.0,,4402.0,756.0,,BF; BOF,2979,https://www.gem.wiki/Ningbo_Iron_and_Steel_Co_Ltd,7787131930.195617,55.59038345957823,4.86960154130979,China
P100000121148,Ningxia Boyu Hongxing Special Steel Group Co,Ningxia Boyu Hongxing Special Steel Group Co Ltd,Ningxia Boyu Hongxing Special Steel Group Co Ltd [100.0%],China,Asia Pacific,Ningxia,39.273832,106.75146,exact,retired,1,19.14,0.0,0.0,,,,,BF; BOF,unknown,https://www.gem.wiki/Ningxia_Boyu_Hongxing_Special_Steel_Group_Co,1044069289.8932406,4.809226641315249,3.988481182073794,China
P100000120232,Ningxia Iron and Steel Group Co Ltd,Ningxia Iron and Steel (Group) Co Ltd,Ningxia Haofeng Weiye Steel Co Ltd [79.0%]; natural person(s) [21.0%],China,Asia Pacific,Ningxia,37.503054,105.078348,exact,operating,2,68.0,1800.0,2590.0,,,,,BF; BOF,944,https://www.gem.wiki/Ningxia_Iron_and_Steel_Group_Co_Ltd,21396075.606333133,5.569508378618858,5.375804952914124,China
P100000121052,Ningxia Jianlong Special Steel Co Ltd,Ningxia Jianlong Special Steel Co Ltd,Beijing Jianlong Investment Co Ltd [90.2%]; unknown [9.8%],China,Asia Pacific,Ningxia,39.215452,106.688294,exact,operating,1,13.84,3500.0,3501.0,,6000.0,1300.0,,BF; BOF,2249,https://www.gem.wiki/Ningxia_Jianlong_Special_Steel_Co_Ltd,698923464.9402945,4.1188456793351405,1.8993027257067427,China
P100000120411,Ningxia Xinghua Iron and Steel Co Ltd,Ningxia Xinghua Iron and Steel Co Ltd,Fujian Longgang New Materials Co Ltd [100.0%],China,Asia Pacific,Ningxia,39.309571,106.79093,exact,operating,1,4.22,1500.0,1370.0,,,,,BF; BOF,719,https://www.gem.wiki/Ningxia_Xinghua_Iron_and_Steel_Co_Ltd,1044069289.8932406,7.418962036313617,1.9918795136312555,China
P100000120859,Nippon Chonburi steel plant,G J Steel PCL,G J Steel PCL [100.0%],Thailand,Asia Pacific,Chonburi,13.054668,101.078842,exact,operating,1,31.0,1500.0,0.0,,,,,EAF,804,https://www.gem.wiki/Nippon_Chonburi_steel_plant,,,870.4546463593058,
P100000120664,Nippon East Japan Works (Kashima) steel plant,Nippon Steel Corp,Nippon Steel Corp [100.0%],Japan,Asia Pacific,Ibaraki,35.93437,140.681019,exact,operating,3,58.0,5918.0,4896.0,,,920.0,,BF; BOF,3042,https://www.gem.wiki/Nippon_East_Japan_Works_(Kashima)_steel_plant,6732393394.412976,28.550346148471892,5.703515486358481,Japan
P100000120659,Nippon East Japan Works (Kimitsu) steel plant,Nippon Steel Corp,Nippon Steel Corp [100.0%],Japan,Asia Pacific,Chiba,35.360912,139.881953,exact,operating,1,61.0,10001.0,9200.0,,13200.0,1800.0,,BF; BOF,3547,https://www.gem.wiki/Nippon_East_Japan_Works_(Kimitsu)_steel_plant,10846190015.003323,26.15724400859039,7.1006699618124225,Japan
P100000120666,"Nippon Kansai Works (Wakayama Area, Wakayama) steel plant",Nippon Steel Corp,Nippon Steel Corp [100.0%],Japan,Asia Pacific,Kansai,34.233519,135.135443,exact,operating,2,84.0,3043.0,2500.0,,,,,BF; BOF; EAF,5051,"https://www.gem.wiki/Nippon_Kansai_Works_(Wakayama_Area,_Wakayama)_steel_plant",5029055868.275665,66.74618661429503,6.536561352763482,Japan
P100000120662,"Nippon Kyushu Works (Oita Area, Oita) steel plant",Nippon Steel Corp,Nippon Steel Corp [100.0%],Japan,Asia Pacific,Oita,33.260829,131.645527,exact,operating,1,54.72,9999.0,10564.0,,7358.0,,,BF; BOF,2083,"https://www.gem.wiki/Nippon_Kyushu_Works_(Oita_Area,_Oita)_steel_plant",13959786614.751396,39.56675431993587,6.141530606728009,Japan
P100000120665,"Nippon Kyushu Works (Yawata Area, Kokura) steel plant",Nippon Steel Corp,Nippon Steel Corp [100.0%],Japan,Asia Pacific,Fukuoka,33.89771,130.882435,exact,retired,1,69.0,0.0,0.0,,,,,BF; BOF,1789,"https://www.gem.wiki/Nippon_Kyushu_Works_(Yawata_Area,_Kokura)_steel_plant",31274995993.219223,187.1847567160425,2.616838053086957,Japan
P100000120663,"Nippon Kyushu Works (Yawata Area, Tobata) steel plant",Nippon Steel Corp,Nippon Steel Corp [100.0%],Japan,Asia Pacific,Fukuoka,33.911803,130.838014,exact,operating,3,125.0,3726.0,4543.0,,,,,BF; EAF; BOF,1789,"https://www.gem.wiki/Nippon_Kyushu_Works_(Yawata_Area,_Tobata)_steel_plant",31274995993.219223,187.1847567160425,5.329271362232964,Japan
P100000120661,Nippon Nagoya steel plant,Nippon Steel Corp,Nippon Steel Corp [100.0%],Japan,Asia Pacific,Aichi,35.027575,136.870552,exact,operating,1,65.0,6000.0,9466.0,,,800.0,,BF; BOF,3183,https://www.gem.wiki/Nippon_Nagoya_steel_plant,11644793117.559832,916.417194606821,7.351209315482773,Japan
P100000120858,Nippon Rayong Steel plant,G Steel PCL,Nippon Steel Corp [60.2%]; small shareholder(s) [12.8%]; natural person(s) [12.4%]; UOB Kay Hian Pte Ltd [7.5%]; Superior Overseas (Thailand) Co Ltd [7.0%],Thailand,Asia Pacific,Rayong,12.793786,101.244592,exact,operating,1,27.0,1800.0,0.0,,,,,EAF,662,https://www.gem.wiki/Nippon_Rayong_Steel_plant,,,889.6141951104175,
P100000120667,Nippon Sanyo Special Steel,Sanyo Special Steel Co Ltd,Nippon Steel Corp [53.1%]; Mitsubishi UFJ Financial Group Inc [3.2%]; Nippon Life Insurance Co [2.3%]; Sumitomo Mitsui Trust Holdings Inc [2.0%]; Mizuho Financial Group Inc [1.6%]; Resona Bank Ltd [1.0%]; Meiji Yasuda Life Insurance Co [0.7%]; Norinchukin Bank [0.7%]; small shareholder(s) [0.6%]; The Dai-ichi Life Insurance Co Ltd [0.5%]; Asahi Mutual Life Insurance Co [0.3%],Japan,Asia Pacific,Hyogo,34.788074,134.672046,exact,operating,1,91.0,1596.0,0.0,,,,,EAF,1623,https://www.gem.wiki/Nippon_Sanyo_Special_Steel,12333371034.581137,111.93188948682003,3.3377103024889347,Japan
P100000120658,Nippon Setouchi Works (Hirohata Area) steel plant,Nippon Steel Corp,Nippon Steel Corp [100.0%],Japan,Asia Pacific,Hyogo,34.786879,134.625301,exact,operating,3,87.0,3536.0,570.0,,,,,DRI; EAF; BOF,1351,https://www.gem.wiki/Nippon_Setouchi_Works_(Hirohata_Area)_steel_plant,11107163158.787853,87.59795200878935,0.5330737540893246,Japan
P100000120657,Nippon Setouchi Works (Kure Area) steel plant,Nippon Steel Corp,Nippon Steel Corp [100.0%],Japan,Asia Pacific,Hiroshima,34.221172,132.540104,exact,retired,1,72.74,0.0,0.0,,,,,BF; BOF,2816,https://www.gem.wiki/Nippon_Setouchi_Works_(Kure_Area)_steel_plant,4301561627.949038,51.40372345705314,7.839965218795618,Japan
P100001041253,Nippon Stainless Steel Yamaguchi Works (Hikari Area) steel plant,Nippon Steel Stainless Steel Corp,Nippon Steel Stainless Steel Corp [100.0%],Japan,Asia Pacific,Yamaguchi,33.964661,131.935403,exact,operating,1,71.0,500.0,0.0,,,,,EAF,unknown,https://www.gem.wiki/Nippon_Stainless_Steel_Yamaguchi_Works_(Hikari_Area)_steel_plant,1396602110.0413387,9.286912053118359,2.2287608378166466,Japan
P100001041252,Nippon Stainless Steel Yamaguchi Works (Shunan Area) steel plant,Nippon Steel Stainless Steel Corp,Nippon Steel Stainless Steel Corp [100.0%],Japan,Asia Pacific,Yamaguchi,34.059009,131.777221,exact,operating,2,68.0,866.0,0.0,,,,,EAF,unknown,https://www.gem.wiki/Nippon_Stainless_Steel_Yamaguchi_Works_(Shunan_Area)_steel_plant,1341839583.5437067,9.321477863226509,2.3430515509210106,Japan
P100000120976,NLMK Indiana steel plant,NLMK Indiana LLC,Novolipetsk Steel PJSC,United States,North America,Indiana,41.625912,-87.159989,exact,operating,1,34.0,770.0,0.0,,,,,EAF,1100,https://www.gem.wiki/NLMK_Indiana_steel_plant,,,9028.054592827582,
P100000120808,NLMK Lipetsk steel plant,Novolipetsk Steel PJSC,Novolipetsk Steel PJSC [100.0%],Russia,Eurasia,Lipetsk,52.557372,39.629574,exact,operating,1,92.0,14400.0,14200.0,,15000.0,2745.0,,BF; BOF,27000,https://www.gem.wiki/NLMK_Lipetsk_steel_plant,,,2948.853852559555,
P100000121250,NLMK Stoilensky iron plant,Stoylenskiy Gorno-Obogatitel'nyi Kombinat JSC,Novolipetsk Steel PJSC [100.0%],Russia,Eurasia,Belgorod,51.243964,37.783498,exact,announced,1,,0.0,0.0,,,,9000.0,DRI,1300,https://www.gem.wiki/NLMK_Stoilensky_iron_plant,,,3041.967859000657,
P100000120548,NMDC Karnataka steel plant,NMDC Steel Ltd,NMDC Steel Ltd [100.0%],India,Asia Pacific,Karnataka,15.186288,76.916591,approximate,cancelled,1,,0.0,0.0,,,,,BOF,unknown,https://www.gem.wiki/NMDC_Karnataka_steel_plant,264490082.3818576,2.9712019183925884,5.091873221388609,India
P100000120523,NMDC Nagarnar steel plant,NMDC Steel Ltd,NMDC Steel Ltd [100.0%],India,Asia Pacific,Chhattisgarh,19.0931901,82.17,exact,operating,1,2.47,3000.0,3321.0,,4663.0,1763.0,2000.0,BF; BOF,5596,https://www.gem.wiki/NMDC_Nagarnar_steel_plant,67937733.07878391,0.568091041740978,5.36028049934316,India
P100000120936,North American Stainless Ghent steel plant,North American Stainless Inc,Acerinox SA [100.0%],United States,North America,Kentucky,38.725418,-85.076015,exact,operating,1,36.0,1600.0,0.0,,,,,EAF,1670,https://www.gem.wiki/North_American_Stainless_Ghent_steel_plant,,,9389.717499636517,
P100000120660,North Nippon Muroran Works steel plant,Nippon Steel Corp,Nippon Steel Corp [100.0%],Japan,Asia Pacific,Hokkaidō,42.341873,140.997803,exact,operating,1,117.0,2200.0,1240.0,,,,,BF; BOF; EAF,1026,https://www.gem.wiki/North_Nippon_Muroran_Works_steel_plant,4188050831.7558002,9.461215014091154,4.907775537347434,Japan
P100001064486,North West Steel Industries Ariq plant,North West Steel Industries Co,North West Steel Industries Co [100.0%],Iran,Middle East,East Azerbaijan,37.127089,46.17345,exact,operating,1,9.0,800.0,800.0,,,,,DRI; EAF,1000,https://www.gem.wiki/North_West_Steel_Industries_Ariq_plant,,,2401.2883975929917,
P100000120420,Nová Hut Ostrava steel plant,Nová Huť sro,SPV NH Ostrava sro [100.0%],Czech Republic,Europe,Moravia-Silesia,49.792139,18.309875,exact,construction,2,74.0,0.0,0.0,,,1200.0,,EAF; BF; BOF,6000,https://www.gem.wiki/Nová_Hut_Ostrava_steel_plant,,,4411.501091814059,
P100000121234,Novasco Hagondange steel plant,Novasco BV,Greybull Capital,France,Europe,Moselle,49.241492,6.152631,exact,retired,1,113.83,0.0,0.0,,,,,EAF,450,https://www.gem.wiki/Novasco_Hagondange_steel_plant,,,5282.475305206281,
P100000121158,Novorossiysk Rolling Plant Rostov,Novorossiysk Rolling Plant LLC,Novostal LLC [98.9%],Russia,Eurasia,Rostov,47.740457,40.189445,exact,operating,2,19.0,830.0,0.0,,,,,EAF,1546,https://www.gem.wiki/Novorossiysk_Rolling_Plant_Rostov,,,2817.097167246881,
P100000120895,Nu-Iron Unlimited Point Lisas DRI plant,Nu-Iron Unlimited,Nucor Corp [100.0%],Trinidad and Tobago,Central & South America,Couva,10.399138,-61.486326,exact,operating,1,19.14,0.0,2000.0,,,,,DRI,8000,https://www.gem.wiki/Nu-Iron_Unlimited_Point_Lisas_DRI_plant,,,12710.896414220446,
P100000120938,Nucor Steel Berkeley plant,Nucor Corp,Nucor Corp [100.0%],United States,North America,South Carolina,33.004319,-79.880955,exact,operating,1,30.0,2956.0,0.0,,,,,EAF,975,https://www.gem.wiki/Nucor_Steel_Berkeley_plant,,,10127.924336354436,
P100000121155,Nucor Steel Birmingham plant,Nucor Corp,Nucor Corp [100.0%],United States,North America,Alabama,33.545535,-86.805393,exact,operating,1,43.0,500.0,0.0,,,,,EAF,250,https://www.gem.wiki/Nucor_Steel_Birmingham_plant,,,9883.97567776714,
P100000120953,Nucor Steel Brandenburg plant,Nucor Corp,Nucor Corp [100.0%],United States,North America,Kentucky,37.9999454,-86.1398738,exact,operating,1,4.0,1450.0,0.0,,,,,EAF,400,https://www.gem.wiki/Nucor_Steel_Brandenburg_plant,,,9438.056757383434,
P100000120939,Nucor Steel Crawfordsville plant,Nucor Corp,Nucor Corp [100.0%],United States,North America,Indiana,39.976379,-86.830727,exact,operating,1,37.0,2304.0,0.0,,,,,EAF,850,https://www.gem.wiki/Nucor_Steel_Crawfordsville_plant,,,9210.669340472055,
P100000120940,Nucor Steel Darlington plant,Nucor Corp,Nucor Corp [100.0%],United States,North America,South Carolina,34.375628,-79.895165,exact,operating,1,57.0,910.0,0.0,,,,,EAF,470,https://www.gem.wiki/Nucor_Steel_Darlington_plant,,,9979.477583713486,
P100000120945,Nucor Steel Decatur plant,Nucor Steel Decatur LLC,Nucor Corp [100.0%],United States,North America,Alabama,34.63963,-87.085738,exact,operating,1,29.0,3100.0,0.0,,,,,EAF,696,https://www.gem.wiki/Nucor_Steel_Decatur_plant,,,9765.44687547039,
P100000120946,Nucor Steel Gallatin plant,Nucor Corp,Nucor Corp [100.0%],United States,North America,Kentucky,38.759878,-84.996204,exact,operating,1,31.0,2722.0,0.0,,,,,EAF,700,https://www.gem.wiki/Nucor_Steel_Gallatin_plant,,,9388.151603484985,
P100000120941,Nucor Steel Hertford plant,Nucor Corp,Nucor Corp [100.0%],United States,North America,North Carolina,36.353006,-76.811471,exact,operating,1,26.0,1542.0,0.0,,,,,EAF,500,https://www.gem.wiki/Nucor_Steel_Hertford_plant,,,9827.321786631099,
P100000120942,Nucor Steel Hickman plant,Nucor Corp,Nucor Corp [100.0%],United States,North America,Arkansas,35.901162,-89.77619,exact,operating,1,34.0,2450.0,0.0,,,,,EAF,926,https://www.gem.wiki/Nucor_Steel_Hickman_plant,,,9513.445187781508,
P100000120948,Nucor Steel Jewett plant,Nucor Corp,Nucor Corp [100.0%],United States,North America,Texas,31.351853,-96.165436,exact,operating,1,51.0,907.0,0.0,,,,,EAF,400,https://www.gem.wiki/Nucor_Steel_Jewett_plant,,,9553.249357021428,
P100000120947,Nucor Steel Kankakee plant,Nucor Steel Kankakee Inc,Nucor Corp [100.0%],United States,North America,Illinois,41.180734,-87.856196,exact,operating,1,65.0,794.0,0.0,,,,,EAF,350,https://www.gem.wiki/Nucor_Steel_Kankakee_plant,,,9055.924510250285,
P100000121000,Nucor Steel Kingman plant,Nucor Steel Kingman LLC,Nucor Corp [100.0%],United States,North America,Arizona,35.143192,-114.089568,exact,operating,1,0.39,572.0,0.0,,,,,EAF,140,https://www.gem.wiki/Nucor_Steel_Kingman_plant,,,8105.679095034017,
P100000120987,Nucor Steel Louisiana,Nucor Steel Louisiana LLC,Nucor Corp [100.0%],United States,North America,Louisiana,30.076693,-90.859953,exact,operating,1,13.0,0.0,2500.0,,,,,DRI,170,https://www.gem.wiki/Nucor_Steel_Louisiana,,,9975.996532314082,
P100000120944,Nucor Steel Memphis plant,Nucor Steel Memphis Inc,Nucor Corp [100.0%],United States,North America,Tennessee,35.048395,-90.163033,exact,operating,1,18.0,891.0,0.0,,,,,EAF,450,https://www.gem.wiki/Nucor_Steel_Memphis_plant,,,9569.36018910239,
P100000120943,Nucor Steel Norfolk plant,Nucor Corp,Nucor Corp [100.0%],United States,North America,Nebraska,42.078908,-97.360854,exact,operating,1,47.0,1088.0,0.0,,,,,EAF,500,https://www.gem.wiki/Nucor_Steel_Norfolk_plant,,,8568.79093931725,
P100000121221,Nucor Steel Pacific Northwest steel plant,Nucor Corp,Nucor Corp [100.0%],United States,North America,unknown,47.569597,-122.367395,approximate,cancelled,1,,0.0,0.0,,,,,EAF,unknown,https://www.gem.wiki/Nucor_Steel_Pacific_Northwest_steel_plant,,,6703.316379399181,
P100000120951,Nucor Steel Plymouth plant,Nucor Corp,Nucor Corp [100.0%],United States,North America,Utah,41.882789,-112.196743,exact,operating,1,45.0,908.0,0.0,,,,,EAF,100,https://www.gem.wiki/Nucor_Steel_Plymouth_plant,,,7724.3625117523825,
P100000120952,Nucor Steel Seattle plant,Nucor Steel Seattle Inc,Nucor Corp,United States,North America,Washington,47.569597,-122.367395,exact,operating,1,122.0,855.0,0.0,,,,,EAF,320,https://www.gem.wiki/Nucor_Steel_Seattle_plant,,,6703.316379399181,
P100000120950,Nucor Steel Tuscaloosa plant,Nucor Steel Tuscaloosa Inc,Nucor Corp [100.0%],United States,North America,Alabama,33.234761,-87.508498,exact,operating,1,41.0,1200.0,0.0,,,,,EAF,345,https://www.gem.wiki/Nucor_Steel_Tuscaloosa_plant,,,9875.37492643016,
P100000120988,Nucor Steel West Virginia steel plant,Nucor Corp,Nucor Corp [100.0%],United States,North America,West Virginia,38.647729,-82.175875,exact,construction,1,,0.0,0.0,,,,,EAF,800,https://www.gem.wiki/Nucor_Steel_West_Virginia_steel_plant,,,9468.7555962704,
P100000120949,Nucor-Yamato Steel Blytheville plant,Nucor Yamato Steel Co,Nucor Corp [51.0%]; Yamato Kogyo Co Ltd [49.0%],United States,North America,Arkansas,35.941421,-89.713819,exact,operating,1,38.0,3174.0,0.0,,,,,EAF,750,https://www.gem.wiki/Nucor-Yamato_Steel_Blytheville_plant,,,9513.130029947404,
P100000120831,OMK Vyksa Casting and Rolling Complex,Vyksunskiy Metallurgicheskiy Zavod AO,Nezavisimaya Registratorskaya Kompaniya R.O.S.T. JSC,Russia,Eurasia,Nizhny Novgorod,55.382815,42.188954,exact,operating,1,268.99,1400.0,0.0,,,,,EAF,17105,https://www.gem.wiki/OMK_Vyksa_Casting_and_Rolling_Complex,,,2884.5573183401975,
P100000120975,Optimus Steel Beaumont plant,Optimus Steel LLC,Aceros Turia Inc,United States,North America,Texas,30.08201,-94.074694,exact,operating,1,50.0,750.0,0.0,,,,,EAF,311,https://www.gem.wiki/Optimus_Steel_Beaumont_plant,,,9788.23435149128,
P100000120631,Ori Martin Brescia steel plant,ORI Martin - Acciaieria e Ferriera di Brescia SpA,ORI Martin Holding SRL,Italy,Europe,Province of Brescia,45.566054,10.2147,exact,operating,1,93.0,650.0,0.0,,,,,EAF,480,https://www.gem.wiki/Ori_Martin_Brescia_steel_plant,,,5103.196185783133,
P100000120930,Orion Pueblo steel plant,Orion Steel Group LLC,Atlas Holdings LLC,United States,North America,Colorado,38.22577,-104.607895,exact,operating,1,145.0,1100.0,0.0,,,,,EAF,434,https://www.gem.wiki/Orion_Pueblo_steel_plant,,,8471.042212975846,
P100000120060,Orion Regina Steel plant,Orion Steel Group LLC,Atlas Holdings LLC,Canada,North America,Saskatchewan,50.51499,-104.630589,exact,operating,1,65.0,1300.0,0.0,,,,,EAF,1200,https://www.gem.wiki/Orion_Regina_Steel_plant,,,7505.561822016577,
P100000121188,Orissa Alloy Steel Kharagpur Plant,Orissa Metaliks Pvt Ltd,small shareholder(s) [28.7%]; Cimmco Vinimay Pvt Ltd [16.6%]; Rashmi Iron Industries Pvt Ltd [9.1%]; Newera Commotrade Pvt Ltd [6.6%]; Rashmi Infrastructure Pvt Ltd [6.0%]; Bholebaba Consultants LLP [5.8%]; Rashmi Cement Ltd [5.7%]; Daffodil Plaza Pvt Ltd [5.7%]; Optimist Commosale Pvt Ltd [5.5%]; Rashidhan Sales Pvt Ltd [5.2%]; Rashmi Metaliks Ltd [5.0%]; natural person(s) [0.1%],India,Asia Pacific,West Bengal,22.364258,87.309047,exact,operating,3,5.0,550.0,744.0,,840.0,500.0,11000.0,DRI; IF; BF,3000,https://www.gem.wiki/Orissa_Alloy_Steel_Kharagpur_Plant,2985882028.961829,13.735341871340545,2.149583339169318,India
P100000121187,Orissa Metaliks Kharagpur steel plant,Orissa Metaliks Pvt Ltd,small shareholder(s) [28.7%]; Cimmco Vinimay Pvt Ltd [16.6%]; Rashmi Iron Industries Pvt Ltd [9.1%]; Newera Commotrade Pvt Ltd [6.6%]; Rashmi Infrastructure Pvt Ltd [6.0%]; Bholebaba Consultants LLP [5.8%]; Rashmi Cement Ltd [5.7%]; Daffodil Plaza Pvt Ltd [5.7%]; Optimist Commosale Pvt Ltd [5.5%]; Rashidhan Sales Pvt Ltd [5.2%]; Rashmi Metaliks Ltd [5.0%]; natural person(s) [0.1%],India,Asia Pacific,West Bengal,22.378355,87.281773,exact,operating,1,9.0,900.0,1229.0,,,60.0,2200.0,BF; DRI; IF,unknown,https://www.gem.wiki/Orissa_Metaliks_Kharagpur_steel_plant,2985882028.961829,13.147693153150868,1.0835345319167349,India
P100000120566,Orissa Metaliks Markuta steel plant,Orissa Metaliks Pvt Ltd,small shareholder(s) [28.7%]; Cimmco Vinimay Pvt Ltd [16.6%]; Rashmi Iron Industries Pvt Ltd [9.1%]; Newera Commotrade Pvt Ltd [6.6%]; Rashmi Infrastructure Pvt Ltd [6.0%]; Bholebaba Consultants LLP [5.8%]; Rashmi Cement Ltd [5.7%]; Daffodil Plaza Pvt Ltd [5.7%]; Optimist Commosale Pvt Ltd [5.5%]; Rashidhan Sales Pvt Ltd [5.2%]; Rashmi Metaliks Ltd [5.0%]; natural person(s) [0.1%],India,Asia Pacific,Odisha,21.856747,83.966244,exact,operating,2,18.0,600.0,1170.0,,460.0,240.0,600.0,BF; DRI; IF; BOF,1100,https://www.gem.wiki/Orissa_Metaliks_Markuta_steel_plant,645075019.3542067,5.904264342990316,2.187661061643678,India
P100000120563,Orissa Sponge Iron and Steel plant,Orissa Sponge Iron and Steel Ltd,Orissa Sponge Iron and Steel Ltd [100.0%],India,Asia Pacific,Odisha,21.801994,85.56751,exact,operating,2,31.0,101.0,250.0,,,,,DRI; IF,186,https://www.gem.wiki/Orissa_Sponge_Iron_and_Steel_plant,55597769.29395994,0.608413278216026,2.9048218225930027,India
P100000121189,Orissa Steel and Power Jhargram steel plant,Orissa Steel & Power Pvt Ltd,Rashmi Cement Ltd [100.0%],India,Asia Pacific,West Bengal,22.3591,87.017184,exact,announced,1,,0.0,0.0,,,,6400.0,DRI; EAF; IF,unknown,https://www.gem.wiki/Orissa_Steel_and_Power_Jhargram_steel_plant,47335285.52206003,0.9777865320675528,3.076327894971058,India
P100000120677,Osaka Steel Sakai Works,Osaka Steel Co Ltd,Osaka Steel Co Ltd [100.0%],Japan,Asia Pacific,Osaka,34.59822,135.45439,exact,operating,1,76.0,4650.0,0.0,,,,,EAF,328,https://www.gem.wiki/Osaka_Steel_Sakai_Works,254812052510.10464,2287.594025524083,2.9995876094532097,Japan
P100000120799,Otelu Rosu steel plant,UMB Steel SRL,UMB Steel SRL [100.0%],Romania,Europe,Caras-Severin,45.512949,22.339896,exact,mothballed,1,230.0,0.0,0.0,,,,,EAF,600,https://www.gem.wiki/Otelu_Rosu_steel_plant,,,4187.33862766053,
P100000120849,Outokumpu Avesta steel plant,Outokumpu Stainless AB,Solidium Oy [15.5%]; small shareholder(s),Sweden,Europe,Dalarna,60.148821,16.172808,exact,operating,1,96.0,500.0,0.0,,,,,EAF,700,https://www.gem.wiki/Outokumpu_Avesta_steel_plant,,,4415.448491173511,
P100000120954,Outokumpu Stainless USA steel plant,Outokumpu Stainless USA LLC,Solidium Oy [15.5%]; small shareholder(s),United States,North America,Alabama,31.148179,-87.98866,exact,operating,1,19.0,1000.0,0.0,,,,,EAF,972,https://www.gem.wiki/Outokumpu_Stainless_USA_steel_plant,,,10039.845231660509,
P100000120469,Outokumpu Tornio steel plant,Outokumpu Stainless AB,Solidium Oy [15.5%]; small shareholder(s),Finland,Europe,Lapland,65.767115,24.176472,exact,operating,1,50.0,1200.0,0.0,,,,,EAF,1700,https://www.gem.wiki/Outokumpu_Tornio_steel_plant,,,3955.948953039298,
P100000120848,Ovako Hofors steel plant,Ovako AB,Asahi Mutual Life Insurance Co; Meiji Yasuda Life Insurance Co; Mitsubishi UFJ Financial Group Inc; Mizuho Financial Group Inc; Nippon Life Insurance Co; Nippon Steel Corp; Norinchukin Bank; Resona Bank Ltd; small shareholder(s); Sumitomo Mitsui Trust Holdings Inc; The Dai-ichi Life Insurance Co Ltd,Sweden,Europe,Gävleborgs,60.548682,16.302815,exact,operating,1,110.0,500.0,0.0,,,,,EAF,1400,https://www.gem.wiki/Ovako_Hofors_steel_plant,,,4399.352281500053,
P100000120470,Ovako Imatra steel plant,Ovako AB,Asahi Mutual Life Insurance Co; Meiji Yasuda Life Insurance Co; Mitsubishi UFJ Financial Group Inc; Mizuho Financial Group Inc; Nippon Life Insurance Co; Nippon Steel Corp; Norinchukin Bank; Resona Bank Ltd; small shareholder(s); Sumitomo Mitsui Trust Holdings Inc; The Dai-ichi Life Insurance Co Ltd,Finland,Europe,Imatra,61.149466,28.798774,exact,operating,1,91.0,575.0,0.0,,,,,EAF,600,https://www.gem.wiki/Ovako_Imatra_steel_plant,,,3720.3028830620397,
P100000120883,Ozkan Iron and Steel Aliaga plant,Ozkan Demir Celik Sanayi AŞ,Ozkan Demir Celik Sanayi AŞ [100.0%],Türkiye,Europe,İzmir,38.737005,26.950824,exact,operating,1,16.0,1200.0,0.0,,,,,EAF,425,https://www.gem.wiki/Ozkan_Iron_and_Steel_Aliaga_plant,,,3987.0941203862944,
P100000121198,Ozmert Algeria steel plant,Ozmert Algeria SARL,Ozmert Algeria SARL [100.0%],Algeria,Africa,Tebessa,35.47858,-0.62139,exact,operating,1,3.0,390.0,500.0,,,,,DRI; EAF,1500,https://www.gem.wiki/Ozmert_Algeria_steel_plant,,,6382.961920621913,
P100000120781,Pakistan Steel Mills Karachi,Pakistan Steel Mills Corp Pvt Ltd,Pakistan Steel Mills Corp Pvt Ltd [100.0%],Pakistan,Asia Pacific,Sindh,24.809977,67.35244,exact,retired,1,43.41,0.0,0.0,,,960.0,,BF; BOF,9350,https://www.gem.wiki/Pakistan_Steel_Mills_Karachi,,,135.37727080961685,
P100000121080,Pangang Group Jiangyou Changcheng Special Steel Co Ltd,Pan Gang Group Sichuan Changcheng Special Steel Co Ltd,Ansteel Group Co Ltd [100.0%],China,Asia Pacific,Sichuan,31.763517,104.761441,exact,operating,1,36.76,669.0,0.0,,,,,EAF,2950,https://www.gem.wiki/Pangang_Group_Jiangyou_Changcheng_Special_Steel_Co_Ltd,2578998262.3683743,7.293470268704336,4.238010221299227,China
P100000120277,Pangang Group Panzhihua Steel Vanadium Co Ltd,Panzhihua Steel Group Panzhihua Steel Vanadium Co Ltd,Ansteel Group Co Ltd [100.0%],China,Asia Pacific,Sichuan,26.565265,101.673737,exact,operating,1,61.0,5900.0,6310.0,,13000.0,3450.0,,BF; BOF,8939,https://www.gem.wiki/Pangang_Group_Panzhihua_Steel_Vanadium_Co_Ltd,9319315191.657978,20.507231316249495,4.327468225439696,China
P100000120278,Pangang Group Xichang Steel and Vanadium Co Ltd,Pangang Group Xichang Steel and Vanadium Co Ltd,Ansteel Group Co Ltd [100.0%],China,Asia Pacific,Sichuan,27.74799,102.20517,exact,operating,1,14.66,3900.0,4290.0,,,,,BF; BOF,2624,https://www.gem.wiki/Pangang_Group_Xichang_Steel_and_Vanadium_Co_Ltd,146825967.31663737,11.0720126934517,4.420598832751609,China
P100000120774,Panhua Group Mindanao steel plant,Panhua Group Co Ltd,Panhua Group Co Ltd [100.0%],Philippines,Asia Pacific,Mindanao,8.526666,124.755711,approximate,cancelled,1,,0.0,0.0,,,,,BOF; Iron other/unspecified,30000,https://www.gem.wiki/Panhua_Group_Mindanao_steel_plant,,,1755.4834005234043,
P100000120775,Panhua Group Sarangani steel plant,Panhua Group Co Ltd,Panhua Group Co Ltd [100.0%],Philippines,Asia Pacific,Sarangani,5.86655,125.078751,exact,operating,1,0.0,2000.0,1790.0,,2880.0,1200.0,,BF; BOF,30000,https://www.gem.wiki/Panhua_Group_Sarangani_steel_plant,,,2052.80907734832,
P100000120387,Panshi Jianlong Iron and Steel Co Ltd,Jilinheng Precision Casting Technology Co Ltd,Beijing Jianlong Investment Co Ltd [90.2%]; unknown [9.8%],China,Asia Pacific,Jilin,43.196537,126.00063,exact,operating,1,15.96,1100.0,1100.0,,,,,BF; BOF,2090,https://www.gem.wiki/Panshi_Jianlong_Iron_and_Steel_Co_Ltd,10768816.011382872,0.1454566782544689,3.5754935020503846,China
P100000120586,Pasargad Steel Complex Fars,Pasargad Steel Complex Co,Pasargad Steel Complex Co [100.0%],Iran,Middle East,Fars,29.191019,52.845405,exact,operating,2,13.0,1500.0,1800.0,,,,3400.0,DRI; EAF,unknown,https://www.gem.wiki/Pasargad_Steel_Complex_Fars,,,1636.9346411097226,
P100000120017,Pavgord Zenica steel plant,Pavgord doo,Pavgord doo [100.0%],Bosnia and Herzegovina,Europe,Zenica-Doboj,44.224446,17.899815,exact,operating,1,134.0,1940.0,1100.0,,1875.0,,,BF; BOF; EAF,1900,https://www.gem.wiki/Pavgord_Zenica_steel_plant,,,4559.744386215295,
P100000120745,Perfect Channel Gurun steel plant,Perfect Channel Sdn Bhd,Konsortia Etiqa Sdn Bhd [99.9%],Malaysia,Asia Pacific,Kedah,5.778871,100.49907,exact,announced,1,,0.0,0.0,,,,,EAF; IF,unknown,https://www.gem.wiki/Perfect_Channel_Gurun_steel_plant,,,742.1373727003095,
P100001064435,Persian Gulf Negin Steel Khaf plant,Persian Gulf Negin Steel,Persian Gulf Negin Steel [100.0%],Iran,Middle East,Razavi Khorasan,34.475932,60.292146,exact,construction,2,,0.0,0.0,,,,,DRI,unknown,https://www.gem.wiki/Persian_Gulf_Negin_Steel_Khaf_plant,,,1194.001036948814,
P100000120610,Persian Gulf Saba Steel,Persian Gulf Saba Steel,Civil Pension Fund Investment Co,Iran,Middle East,Hormuzgan,27.189076,56.105633,exact,operating,3,9.0,0.0,1500.0,,,,,DRI; EAF,4000,https://www.gem.wiki/Persian_Gulf_Saba_Steel,,,1268.3453659266263,
P100000120804,Pervouralsk Pipe Plant,Chelyabinskiy Truboprokatnyi Zavod JSC,Trubnaya Metallurgicheskaya Kompaniya PJSC [100.0%],Russia,Eurasia,Sverdlovsk,56.90205,59.992198,exact,operating,1,92.0,950.0,0.0,,,,,EAF,7485,https://www.gem.wiki/Pervouralsk_Pipe_Plant,,,1894.62470430626,
P100000120741,Perwaja Kemaman Steel plant,Perwaja Steel Sdn Bhd,Perwaja Holdings Bhd [100.0%],Malaysia,Asia Pacific,Terengganu,4.264364,103.461728,exact,mothballed,1,42.0,0.0,0.0,,,,,DRI; EAF,1500,https://www.gem.wiki/Perwaja_Kemaman_Steel_plant,,,1099.8567720769838,
P100001061348,PGS Geraldton Green Iron Plant,Progressive Green Solutions JV,Progressive Green Solutions JV [100.0%],Australia,Asia Pacific,Mid West,-28.70725,114.900163,approximate,announced,1,,0.0,0.0,,,,30000.0,DRI,unknown,https://www.gem.wiki/PGS_Geraldton_Green_Iron_Plant,,,4553.18570977785,
P100000120212,Pingxiang Pinggang Anyuan Iron and Steel Co Ltd,Anyuan Iron & Steel Co Ltd,Beijing Fangda International Industrial Investment Group Co Ltd [60.9%]; unknown [21.5%]; Jiangxi Pxsteel Industrial Co Ltd [10.3%]; Gongqingcheng Huaershun Investment Center LP [7.3%],China,Asia Pacific,Jiangxi,27.64555,113.902126,exact,operating,1,72.0,2650.0,2500.0,,,,,BF; BOF,7234,https://www.gem.wiki/Pingxiang_Pinggang_Anyuan_Iron_and_Steel_Co_Ltd,7940031421.185044,13.03861948857966,3.515960833050845,China
P100000120627,Pittini Acciaierie di Verona steel plant,Acciaierie di Verona SpA,Pittini Group SpA,Italy,Europe,Province of Verona,45.42882,11.000861,exact,operating,1,124.0,1250.0,0.0,,,,,EAF,350,https://www.gem.wiki/Pittini_Acciaierie_di_Verona_steel_plant,,,5048.866643572447,
P100000120628,Pittini Ferriere Nord Osoppo steel plant,Ferriere Nord SpA,Fin.Fer. SpA,Italy,Europe,Province of Udine,46.232199,13.079104,exact,operating,1,51.0,2200.0,0.0,,,,,EAF,1500,https://www.gem.wiki/Pittini_Ferriere_Nord_Osoppo_steel_plant,,,4869.777460195495,
P100000120629,Pittini Siderpotenza Potenza steel plant,Siderpotenza SpA,Fin.Fer. SpA,Italy,Europe,Province of Potenza,40.639356,15.827842,exact,operating,1,63.0,700.0,0.0,,,,,EAF,270,https://www.gem.wiki/Pittini_Siderpotenza_Potenza_steel_plant,,,4836.59119175853,
P100000121013,Pomina Steel 3 Phu My plant,Pomina Steel JSC,Pomina Steel JSC [100.0%],Vietnam,Asia Pacific,Ba Ria Vung Tau,10.577042,107.040324,exact,operating,1,14.0,1000.0,1000.0,,,,,BF; EAF,unknown,https://www.gem.wiki/Pomina_Steel_3_Phu_My_plant,,,893.4168325545572,
P100000121012,Pomina Steel Phu My plant,Pomina Steel JSC,Pomina Steel JSC [100.0%],Vietnam,Asia Pacific,Ba Ria Vung Tau,10.601568,107.045491,exact,operating,1,27.0,500.0,0.0,,,,,EAF,unknown,https://www.gem.wiki/Pomina_Steel_Phu_My_plant,,,890.633533564889,
P100000120699,POSCO Gwangyang steel plant,POSCO Holdings Inc,POSCO Holdings Inc [100.0%],South Korea,Asia Pacific,South Jeolla,34.920086,127.74865,exact,operating,3,39.0,22999.0,24750.0,54.0,8826.0,2850.0,,BF; BOF; DRI; EAF,4080,https://www.gem.wiki/POSCO_Gwangyang_steel_plant,,,150.1289092702528,
P100000120700,POSCO Pohang steel plant,POSCO Holdings Inc,POSCO Holdings Inc [100.0%],South Korea,Asia Pacific,North Gyeongsang,36.00931,129.394508,exact,operating,3,53.0,18758.0,17209.0,,,1500.0,,BF; BOF; DRI; EAF; Iron other/unspecified,6920,https://www.gem.wiki/POSCO_Pohang_steel_plant,,,153.93842362136266,
P100000121161,POSCO Port Hedland Iron Project,Port Hedland Iron Pty Ltd,POSCO Holdings Inc [100.0%],Australia,Asia Pacific,Western Australia,-20.395832,118.537975,exact,announced,1,,0.0,0.0,,,,700.0,DRI,400,https://www.gem.wiki/POSCO_Port_Hedland_Iron_Project,,,4057.4846411565827,
P100000121020,POSCO Vietnam Phu My steel plant,Posco Vietnam Co Ltd,POSCO Holdings Inc [100.0%],Vietnam,Asia Pacific,Ba Ria Vung Tau,10.560316,107.02684,exact,operating,1,11.0,1000.0,0.0,,,,,EAF,388,https://www.gem.wiki/POSCO_Vietnam_Phu_My_steel_plant,,,895.5736510656425,
P100000120206,Posco Zhangjiagang Stainless Steel Co Ltd,Guangdong Guangqing Metal Technology Co Ltd,Guangdong Guangqing Metal Technology Co Ltd [100.0%],China,Asia Pacific,Jiangsu,31.980237,120.571455,exact,operating,1,19.59,1100.0,0.0,,,,,EAF,1794,https://www.gem.wiki/Posco_Zhangjiagang_Stainless_Steel_Co_Ltd,5052871258.0219145,85.70934390677539,3.7185744890621604,China
P100000120558,Prakash Industries Janjgir steel plant,Prakash Industries Ltd,Prakash Industries Ltd [100.0%],India,Asia Pacific,Chhattisgarh,22.004694,82.671666,exact,operating,1,33.0,1190.0,1200.0,,1650.0,,,DRI; IF,2404,https://www.gem.wiki/Prakash_Industries_Janjgir_steel_plant,465552274.1725282,3.750877372384493,5.584621129951399,India
P100000121190,Prakash Sponge Iron and Power Challakere steel plant,Prakash Sponge Iron and Power Pvt Ltd,Prakash Sponge Iron and Power Pvt Ltd [100.0%],India,Asia Pacific,Karnataka,14.152912,76.665824,exact,operating,2,,0.0,90.0,,,,,DRI; EAF; IF,unknown,https://www.gem.wiki/Prakash_Sponge_Iron_and_Power_Challakere_steel_plant,10655640.702493113,0.3049088690764993,5.3860517285426575,India
P100000120755,Premium Steel Warri plant,Premium Steel and Mines Ltd,Premium Steel and Mines Ltd [100.0%],Nigeria,Africa,Delta State,5.480763,5.769839,exact,mothballed,1,44.0,0.0,0.0,,,,,DRI; EAF,800,https://www.gem.wiki/Premium_Steel_Warri_plant,,,6960.379144930089,
P100000120809,Promsort Kaluga steel plant,Promsort LLC,natural person(s) [50.0%]; Sortoprokat-Tsentr LLC [49.0%]; small shareholder(s) [1.0%],Russia,Eurasia,Kaluga,55.233675,36.679192,exact,operating,1,13.0,1500.0,0.0,,,,,EAF,1200,https://www.gem.wiki/Promsort_Kaluga_steel_plant,,,3213.3661524987183,
P100000120810,Promsort Ural steel plant,Promsort LLC,natural person(s) [50.0%]; Sortoprokat-Tsentr LLC [49.0%]; small shareholder(s) [1.0%],Russia,Eurasia,Sverdlovsk,56.849666,59.908414,exact,operating,1,21.0,2000.0,0.0,,,,,EAF,2400,https://www.gem.wiki/Promsort_Ural_steel_plant,,,1896.8204305831346,
P100001049317,PT Ispat Indo steel plant,LNM Group,LNM Group [100.0%],Indonesia,Asia Pacific,East Java,-7.3551286,112.7037297,exact,operating,1,50.0,700.0,0.0,,,,,EAF,unknown,https://www.gem.wiki/PT_Ispat_Indo_steel_plant,,,2620.01243127192,
P100001061892,PT Xinheng Metal Morowali steel plant,PT Xinheng Metal Indonesia,TSINGSHAN Holding Group Co Ltd [22.5%]; unknown [13.7%]; Shanghai Decent Investment (Group) Co Ltd [13.2%]; Zhejiang Qingshan Business Management Co Ltd [6.4%]; POSCO Holdings Inc,Indonesia,Asia Pacific,Central Sulawesi,-2.830574,122.157448,approximate,announced,1,,0.0,0.0,,,,,Steel other/unspecified,unknown,https://www.gem.wiki/PT_Xinheng_Metal_Morowali_steel_plant,,,2707.8209587966435,
P100000120710,Qarmet steel plant,Qazaqstan Steel Group LLP,Qazaqstan Steel Group LLP [100.0%],Kazakhstan,Eurasia,Karaganda,50.031766,72.994863,exact,operating,2,66.0,6000.0,6450.0,,5000.0,2446.0,,BF; BOF,35000,https://www.gem.wiki/Qarmet_steel_plant,,,771.6250725363298,
P100000120712,QazSpetsSteel Aktobe steel plant,QazSpetsSteel LLC,QazSpetsSteel LLC [100.0%],Kazakhstan,Eurasia,Aktobe,50.286408,57.168382,approximate,cancelled,1,,0.0,0.0,,,,,Iron other/unspecified; Steel other/unspecified,1500,https://www.gem.wiki/QazSpetsSteel_Aktobe_steel_plant,,,1738.5360072670476,
P100000120594,Qeshm Steel Development Hormuzgan plant,Qeshm Steel Development Co,Qeshm Steel Development Co [100.0%],Iran,Middle East,Hormuzgan,26.826494,55.957708,approximate,announced,1,,0.0,0.0,,,,5000.0,DRI; EAF,unknown,https://www.gem.wiki/Qeshm_Steel_Development_Hormuzgan_plant,,,1273.3912980966718,
P100000120110,Qian an Jiujiang Wire Co Ltd,Qian'an City Jiujiang Wire Co Ltd,Qian'an City Jiujiang Wire Co Ltd [100.0%],China,Asia Pacific,Hebei,39.952209,118.559444,exact,operating,3,24.0,7079.0,8540.0,,16000.0,,4800.0,BF; BOF; EAF,12181,https://www.gem.wiki/Qian_an_Jiujiang_Wire_Co_Ltd,1205952791.2560177,21.24507346727372,1.66126262318102,China
P100000120100,Qian an Zhayi Steel Group Co Ltd,Qian'an Zhayi Steel Group Co Ltd,Qian'an Zhayi Steel Group Co Ltd [100.0%],China,Asia Pacific,Hebei,40.044026,118.552001,exact,operating,2,22.0,1500.0,0.0,,,,,EAF; BF; BOF,16,https://www.gem.wiki/Qian_an_Zhayi_Steel_Group_Co_Ltd,722897426.2393645,17.5683281831904,0.9180125199360364,China
P100000120239,Qingdao Special Iron and Steel Co Ltd,Qingdao Special Iron and Steel Co Ltd,Citic Pacific Special Steel Group Co Ltd [100.0%],China,Asia Pacific,Shandong,35.6296,119.722335,exact,operating,2,13.0,4170.0,4200.0,,,,,BF; BOF; EAF,4660,https://www.gem.wiki/Qingdao_Special_Iron_and_Steel_Co_Ltd,431849713.01466113,3.424714817949067,1.3649579762102166,China
P100001063756,Qinglong Manchu Autonomous County Delong Foundry Development Co Ltd,Qinglong Manzhu Autonomous County Delong Casting Industry Development Co Ltd,Qinglong Manzhu Autonomous County Delong Casting Industry Development Co Ltd [100.0%],China,Asia Pacific,Hebei,40.427008,119.219855,exact,operating,1,15.87,1350.0,1040.0,,1850.0,,1200.0,BF; BOF,1011,https://www.gem.wiki/Qinglong_Manchu_Autonomous_County_Delong_Foundry_Development_Co_Ltd,14286152.175898882,0.14197766247176585,3.6171098686033614,China
P100000120372,Qinhuangdao Baigong Steel Co Ltd,Qinhuangdao Baigong Steel Co Ltd,Tangshan Universal Industrial Development Co Ltd [100.0%],China,Asia Pacific,Hebei,39.748773,118.819472,exact,operating,2,20.0,2260.0,1820.0,,4200.0,,,BF; BOF; EAF,2303,https://www.gem.wiki/Qinhuangdao_Baigong_Steel_Co_Ltd,1644959560.7920702,13.989639372074462,5.086686057891206,China
P100000120152,Qinhuangdao Hongxing Iron and Steel Co Ltd,Qinhuangdao Hongxing Iron & Steel Co Ltd,Qinhuangdao Hongxing Iron & Steel Co Ltd [100.0%],China,Asia Pacific,Hebei,39.700721,118.871477,exact,operating,2,24.0,3450.0,3420.0,,7850.0,,2000.0,BF; BOF,3581,https://www.gem.wiki/Qinhuangdao_Hongxing_Iron_and_Steel_Co_Ltd,853581286.6142415,11.177515481994192,0.8985068001528325,China
P100001064261,Qinyang Hongda Iron & Steel Co Ltd,Qinyang Hongda Iron & Steel Co Ltd,Qinyang Hongda Iron & Steel Co Ltd [100.0%],China,Asia Pacific,Henan,35.184849,112.902248,exact,operating,2,23.0,500.0,0.0,,,,,EAF,300,https://www.gem.wiki/Qinyang_Hongda_Iron_&_Steel_Co_Ltd,514258504.00895184,10.399754839649818,3.5985102340687507,China
P100000120304,Quzhou Yuanli Metal Products Co Ltd,Quzhou Yuanli METAL Products Co Ltd,Zhejiang Yuanli METAL PRODUCT Group Co Ltd [81.5%]; Zhejiang Yuanli Metal Products Group Co Ltd Trade Union Committee [18.5%],China,Asia Pacific,Zhejiang,28.893407,118.867125,exact,operating,4,35.0,5000.0,4702.0,,,,,BF; BOF,6370,https://www.gem.wiki/Quzhou_Yuanli_Metal_Products_Co_Ltd,1274727897.9611301,18.507582651335866,2.185661388349152,China
P100000120837,Rajhi Al Assemah Steel Jeddah plant,Rajhi Steel Industries Co Ltd,Saudi Iron and Steel Co [100.0%],Saudi Arabia,Middle East,Makkah,21.290402,39.183444,exact,operating,1,20.0,850.0,0.0,,,,,EAF,60,https://www.gem.wiki/Rajhi_Al_Assemah_Steel_Jeddah_plant,,,2988.6241600334974,
P100000120553,Ramsarup Industries Kharagpur steel plant,Ramsarup Industries Ltd,Shyam Metalics and Energy Ltd,India,Asia Pacific,West Bengal,22.977477,88.457443,exact,operating,2,19.0,0.0,930.0,,,,,BF; DRI; EAF,unknown,https://www.gem.wiki/Ramsarup_Industries_Kharagpur_steel_plant,3789988245.8372393,41.19641424564325,2.130629685348095,India
P100001025938,Rashmi Green Hydrogen Steel Kharagpur steel plant,Rashmi Green Hydrogen Steel Pvt Ltd,Rashmi Green Hydrogen Steel Pvt Ltd [100.0%],India,Asia Pacific,West Bengal,22.331489,87.398085,exact,construction,2,,0.0,0.0,,4000.0,1000.0,1200.0,BF; BOF,3000,https://www.gem.wiki/Rashmi_Green_Hydrogen_Steel_Kharagpur_steel_plant,1986124537.7752411,13.350549361137542,5.024640726716009,India
P100000120556,Rashmi Metaliks Jamuria steel plant,Rashmi Metaliks Ltd,Rashmi Metaliks Ltd [100.0%],India,Asia Pacific,West Bengal,23.706343,87.07774,approximate,construction,1,,0.0,0.0,,,,,BOF; EAF; Iron other/unspecified,unknown,https://www.gem.wiki/Rashmi_Metaliks_Jamuria_steel_plant,2472734054.712556,32.11472194563815,3.67933511212911,India
P100000120555,Rashmi Metaliks Kharagpur steel plant,Rashmi Metaliks Ltd,Rashmi Metaliks Ltd [100.0%],India,Asia Pacific,West Bengal,22.360664,87.295932,exact,operating,2,22.0,498.0,500.0,,600.0,,2100.0,BF; IF,unknown,https://www.gem.wiki/Rashmi_Metaliks_Kharagpur_steel_plant,2985882028.961829,13.599435469612152,1.6533277219658153,India
P100000120955,Republic Steel Canton plant,Republic Steel Corp,Grupo Simec SAB de CV,United States,North America,Ohio,40.804114,-81.334002,exact,retired,1,140.0,0.0,0.0,,,,,EAF,500,https://www.gem.wiki/Republic_Steel_Canton_plant,,,9255.401920912673,
P100000120956,Republic Steel Lorain steel plant,Republic Steel Corp,Grupo Simec SAB de CV,United States,North America,Ohio,41.450358,-82.131125,exact,mothballed,1,126.0,0.0,0.0,,,,,BF; EAF,60,https://www.gem.wiki/Republic_Steel_Lorain_steel_plant,,,9168.822947860343,
P100000120531,RINL Vizag Steel plant,Rashtriya Ispat Nigam Ltd,Rashtriya Ispat Nigam Ltd [100.0%],India,Asia Pacific,Andhra Pradesh,17.612846,83.191918,exact,operating,1,37.0,7300.0,7500.0,,10101.0,4200.0,,BF; BOF,12794,https://www.gem.wiki/RINL_Vizag_Steel_plant,4255549611.1018696,25.484430600126018,2.2029370829498185,India
P100000120064,Rio Tinto Fer et Titane steel plant,Rio Tinto Iron and Titanium Canada Inc,Rio Tinto PLC [100.0%],Canada,North America,Quebec,46.044367,-73.138474,exact,operating,1,76.0,600.0,0.0,,,,,BOF,1450,https://www.gem.wiki/Rio_Tinto_Fer_et_Titane_steel_plant,,,8828.195411943629,
P100000120641,Riva Acciaio Caronno Pertusella steel plant,Riva Acciaio SpA,Riva Forni Elettrici SpA,Italy,Europe,Province of Varese,45.598187,9.035447,exact,operating,1,69.0,780.0,0.0,,,,,EAF,200,https://www.gem.wiki/Riva_Acciaio_Caronno_Pertusella_steel_plant,,,5189.8697068582005,
P100000120642,Riva Acciaio Lesegno steel plant,Riva Acciaio SpA,Riva Forni Elettrici SpA,Italy,Europe,Province of Cuneo,44.388023,7.944998,exact,operating,1,65.0,600.0,0.0,,,,,EAF,300,https://www.gem.wiki/Riva_Acciaio_Lesegno_steel_plant,,,5313.331568467641,
P100000120481,Riva Alpa Gargenville steel plant,ALPA - Aciéries et Laminoirs de Paris SAS,Riva Forni Elettrici SpA,France,Europe,Île-de-France,48.983515,1.76245,exact,operating,1,52.0,700.0,0.0,,,,,EAF,186,https://www.gem.wiki/Riva_Alpa_Gargenville_steel_plant,,,5596.244650076389,
P100000120430,Riva Brandenburg Electric Steel Works,BES Brandenburger Elektrostahlwerke GmbH,unknown [6.0%]; Riva Forni Elettrici SpA,Germany,Europe,Brandenburg,52.402617,12.496135,exact,operating,1,114.0,1800.0,0.0,,,,,EAF,860,https://www.gem.wiki/Riva_Brandenburg_Electric_Steel_Works,,,4772.71591754612,
P100000120431,Riva Hennigsdorfer Electric Steel Works,HES Hennigsdorfer Elektrostahlwerke GmbH,unknown [6.0%]; Riva Forni Elettrici SpA,Germany,Europe,Brandenburg,52.650903,13.212683,exact,operating,1,109.0,1000.0,0.0,,,,,EAF,670,https://www.gem.wiki/Riva_Hennigsdorfer_Electric_Steel_Works,,,4720.743152955226,
P100000120720,Riva Industries Jorf Lasfar steel plant,Riva Industries,Meski Invest,Morocco,Africa,Casablanca-Settat,33.165438,-8.5883,exact,operating,1,5.0,800.0,0.0,,,,,EAF,1100,https://www.gem.wiki/Riva_Industries_Jorf_Lasfar_steel_plant,,,7143.385476290707,
P100000120480,Riva Iton Seine Bonnieres Sur Seine steel plant,Iton Seine SAS,Riva Forni Elettrici SpA,France,Europe,Île-de-France,49.033678,1.561022,exact,operating,1,110.0,550.0,0.0,,,,,EAF,186,https://www.gem.wiki/Riva_Iton_Seine_Bonnieres_Sur_Seine_steel_plant,,,5608.394940758386,
P100000120478,Riva Sam Montereau steel plant,Sam Montereau SAS,Riva Forni Elettrici SpA,France,Europe,Île-de-France,48.387211,2.981091,exact,operating,1,53.0,720.0,0.0,,,,,EAF,186,https://www.gem.wiki/Riva_Sam_Montereau_steel_plant,,,5532.312753117096,
P100000120479,Riva Sam Neuves-Maisons steel plant,Societe des Aciers d'Armature pour le Beton SAS,Riva Forni Elettrici SpA,France,Europe,Grand Est,48.611482,6.111864,exact,operating,1,154.0,850.0,0.0,,,,,EAF,328,https://www.gem.wiki/Riva_Sam_Neuves-Maisons_steel_plant,,,5304.676210457756,
P100000120457,Riva Siderurgica Sevillana steel plant,Siderurgica Sevillana SA,Riva Forni Elettrici SpA,Spain,Europe,Sevilla,37.362968,-5.886865,exact,operating,1,72.0,1300.0,0.0,,,,,EAF,356,https://www.gem.wiki/Riva_Siderurgica_Sevillana_steel_plant,,,6692.587229303806,
P100000120240,Rizhao Steel Holding Group Co Ltd,Rizhao Steel Holding Group Co Ltd,Jinghua Rigang Holding Group Co Ltd [98.8%]; unknown [1.2%],China,Asia Pacific,Shandong,35.16535,119.366672,exact,operating,4,22.77,11300.0,10200.0,,,,,BF; BOF; DRI,5973,https://www.gem.wiki/Rizhao_Steel_Holding_Group_Co_Ltd,784949051.4879102,7.2757828296152995,4.839077713095263,China
P100001025819,Rungta Mines Chaliyama steel plant,Rungta Mines Ltd,Rungta Mines Ltd [100.0%],India,Asia Pacific,Jharkhand,22.588359,85.905724,exact,operating,2,,696.0,618.0,,,,,DRI; IF; BF; Steel other/unspecified,1830,https://www.gem.wiki/Rungta_Mines_Chaliyama_steel_plant,134689600.47245446,1.909937134358282,5.152348109995507,India
P100000120569,Rungta Mines Dhenkanal steel plant,Rungta Mines Ltd,Rungta Mines Ltd [100.0%],India,Asia Pacific,Odisha,20.764524,85.299318,exact,operating,3,5.0,206.0,261.0,,2827.0,1070.0,28750.0,DRI; IF; BF; BOF; EAF,unknown,https://www.gem.wiki/Rungta_Mines_Dhenkanal_steel_plant,523384374.02003706,4.07567970830462,3.121192129101788,India
P100000121186,Rungta Mines Kamanda steel plant,Rungta Mines Ltd,Rungta Mines Ltd [100.0%],India,Asia Pacific,Odisha,21.928511,85.223988,exact,operating,2,,347.0,635.0,,,,,DRI; IF; BF; EAF,2235,https://www.gem.wiki/Rungta_Mines_Kamanda_steel_plant,74366526.85200581,1.0676687154460236,3.688283038593899,India
P100000121185,Rungta Mines Karakhendra steel plant,Rungta Mines Ltd,Rungta Mines Ltd [100.0%],India,Asia Pacific,Odisha,22.140174,85.414616,exact,operating,3,0.0,126.0,0.0,,554.0,280.0,1474.0,IF; BF; DRI; EAF,1260,https://www.gem.wiki/Rungta_Mines_Karakhendra_steel_plant,381858769.2588554,2.587616601946315,4.415588084474715,India
P100001025818,Rungta Mines Karakolha sponge iron plant,Rungta Mines Ltd,Rungta Mines Ltd [100.0%],India,Asia Pacific,Odisha,22.13237,85.417031,exact,operating,2,20.0,0.0,180.0,,,,,DRI; IF,1444,https://www.gem.wiki/Rungta_Mines_Karakolha_sponge_iron_plant,423843395.00201446,3.0702338018671895,4.332530234870426,India
P100000120477,Saarstahl Ascoval Saint-Saulve steel plant,Saarstahl AG,Montan-Stiftung-Saar [74.9%]; unknown [26.1%],France,Europe,Hauts-de-France,50.398171,3.561712,exact,operating,1,51.0,730.0,0.0,,,,,EAF,300,https://www.gem.wiki/Saarstahl_Ascoval_Saint-Saulve_steel_plant,,,5425.6586908129175,
P100000120432,Saarstahl Völklingen steel plant,Saarstahl AG,Montan-Stiftung-Saar [74.9%]; unknown [26.1%],Germany,Europe,Saarland,49.247635,6.848662,exact,operating pre-retirement,2,153.0,2700.0,0.0,,,,,EAF; BOF,800,https://www.gem.wiki/Saarstahl_Völklingen_steel_plant,,,5233.61024596771,
P100000121245,Sabalan Iron and Steel Complex,Daric Investment Holding Co,Daric Investment Holding Co [100.0%],Iran,Middle East,Ardabil,38.50168,47.757969,exact,construction,1,,0.0,0.0,,,,,DRI; EAF,unknown,https://www.gem.wiki/Sabalan_Iron_and_Steel_Complex,,,2232.6469228128512,
P100000120833,SABIC Hadeed Al Jubail steel plant,Saudi Iron and Steel Co,Saudi Iron and Steel Co [100.0%],Saudi Arabia,Middle East,Eastern Province,27.018411,49.576356,exact,operating,1,47.0,6000.0,5300.0,,,,,DRI; EAF,unknown,https://www.gem.wiki/SABIC_Hadeed_Al_Jubail_steel_plant,,,1901.263647245436,
P100000120602,Sabzevar Steel Complex Razavi Khorasan,Sabzevar Pars Steel Complex,Sabzevar Pars Steel Complex [100.0%],Iran,Middle East,Razavi Khorasan,36.58952,57.571719,exact,operating,3,8.0,0.0,800.0,,,,,DRI; EAF,700,https://www.gem.wiki/Sabzevar_Steel_Complex_Razavi_Khorasan,,,1436.3061108160682,
P100000121243,Saeb Steel Complex,Daric Investment Holding Co,Daric Investment Holding Co [100.0%],Iran,Middle East,East Azerbaijan,37.45507,45.944322,exact,construction,1,,0.0,0.0,,,,,DRI; EAF,unknown,https://www.gem.wiki/Saeb_Steel_Complex,,,2412.2550666917887,
P100000120549,SAIL Alloy steel plant,Steel Authority of India Ltd,Steel Authority of India Ltd [100.0%],India,Asia Pacific,West Bengal,23.522882,87.275935,exact,operating,1,61.13,501.0,0.0,,,,,EAF,630,https://www.gem.wiki/SAIL_Alloy_steel_plant,1554639245.0040002,14.885821308677842,2.633458506983315,India
P100000120525,SAIL Bhilai steel plant,Steel Authority of India Ltd,Steel Authority of India Ltd [100.0%],India,Asia Pacific,Chhattisgarh,21.185157,81.394207,exact,operating,3,67.0,6999.0,7501.0,,9235.0,3940.0,,BF; BOF; Iron other/unspecified,16407,https://www.gem.wiki/SAIL_Bhilai_steel_plant,2864194758.671946,16.96699656063881,3.256743890444558,India
P100000120526,SAIL Bokaro steel plant,Steel Authority of India Ltd,Steel Authority of India Ltd [100.0%],India,Asia Pacific,Jharkhand,23.671677,86.10687,exact,operating,2,54.0,4652.0,5775.0,,6900.0,4212.0,,BF; BOF; Steel other/unspecified,11798,https://www.gem.wiki/SAIL_Bokaro_steel_plant,2059046124.5198247,17.061463495427184,4.4745710022635405,India
P100000120527,SAIL Durgapur steel plant,Steel Authority of India Ltd,Steel Authority of India Ltd [100.0%],India,Asia Pacific,West Bengal,23.54843,87.245247,exact,operating,3,67.0,2499.0,2700.0,,3300.0,1700.0,,BF; BOF,7855,https://www.gem.wiki/SAIL_Durgapur_steel_plant,1051763448.3990381,16.767864253341063,3.837304544474008,India
P100000120524,SAIL IISCO steel plant,Steel Authority of India Ltd,Steel Authority of India Ltd [100.0%],India,Asia Pacific,West Bengal,23.673236,86.926179,exact,operating,2,108.0,2499.0,2700.0,,3880.0,880.0,,BF; BOF,5945,https://www.gem.wiki/SAIL_IISCO_steel_plant,8192607807.984975,56.352741386729996,5.0941437624694546,India
P100000120550,SAIL Paradip steel plant,Steel Authority of India Ltd,Steel Authority of India Ltd [100.0%],India,Asia Pacific,Odisha,20.317455,86.609001,approximate,announced,1,,0.0,0.0,,,,,BOF; Iron other/unspecified,unknown,https://www.gem.wiki/SAIL_Paradip_steel_plant,1296918868.074968,2.8247537869000543,3.3176050884685675,India
P100001081803,SAIL Ranchi DRI plant,Steel Authority of India Ltd,Steel Authority of India Ltd [100.0%],India,Asia Pacific,Jharkhand,23.3356313803427,85.31236535745192,approximate,announced,1,,0.0,0.0,,,,,DRI,unknown,https://www.gem.wiki/SAIL_Ranchi_DRI_plant,4723400472.798967,20.664025408584887,4.860873991819264,India
P100000120528,SAIL Rourkela steel plant,Steel Authority of India Ltd,Steel Authority of India Ltd [100.0%],India,Asia Pacific,Odisha,22.210804,84.86895,exact,operating,3,67.0,4200.0,4500.0,,6776.0,768.0,2000.0,BF; BOF,12938,https://www.gem.wiki/SAIL_Rourkela_steel_plant,4251005039.579961,9.170383404239994,0.6807175565932813,India
P100000120424,Salzgitter Flachstahl steel plant,Salzgitter Flachstahl GmbH,Salzgitter AG,Germany,Europe,Lower Saxony,52.161794,10.409371,exact,operating pre-retirement,3,25.0,5200.0,4880.0,,,,,DRI; EAF; BF; BOF,5906,https://www.gem.wiki/Salzgitter_Flachstahl_steel_plant,,,4917.141708960942,
P100000120433,Salzgitter Peiner Träger Peine steel plant,Peiner Traeger GmbH,Salzgitter AG,Germany,Europe,Lower Saxony,52.313935,10.258482,exact,operating,1,168.0,1000.0,0.0,,,,,EAF,800,https://www.gem.wiki/Salzgitter_Peiner_Träger_Peine_steel_plant,,,4924.1959307099505,
P100000120076,Sansteel Minguang Co Ltd Fujian plant,Sansteel Minguang Co Ltd Fujian,Fujian Metallurgical Holding Co Ltd [53.4%]; unknown [46.6%],China,Asia Pacific,Fujian,26.261109,117.614709,exact,operating,2,25.0,6799.0,4853.0,,11715.0,532.0,1586.0,BF; BOF,12516,https://www.gem.wiki/Sansteel_Minguang_Co_Ltd_Fujian_plant,3154692864.404899,7.086853563183044,3.5494008705643396,China
P100000120615,Sarmad Iron and Steel Complex Abarkouh,Sarmad Iron and Steel Complex Abarkouh,Chadormello Mining and Industrial Co [52.0%]; Mines & Metals Development Investment Co [28.5%]; unknown,Iran,Middle East,Yazd,31.222989,53.392728,exact,construction,1,,0.0,0.0,,,,,DRI; EAF,650,https://www.gem.wiki/Sarmad_Iron_and_Steel_Complex_Abarkouh,,,1630.947018316665,
P100000121237,Scaw Metals Group Germiston steel plant,Scaw Metals Group Pty Ltd,Barnes South Palace Holdings Pty Ltd [74.0%]; unknown [26.0%],South Africa,Africa,Gauteng,-26.273316,28.163761,exact,operating,1,102.0,600.0,384.0,,,,,DRI; EAF,2000,https://www.gem.wiki/Scaw_Metals_Group_Germiston_steel_plant,,,6528.202752652453,
P100000120484,Se.ven GI Cardiff steel plant,Sev.en Global Investments AS,Indenelem establishment [100.0%],United Kingdom,Europe,Wales,51.479757,-3.137056,exact,operating,1,20.0,1200.0,0.0,,,,,EAF,800,https://www.gem.wiki/Se.ven_GI_Cardiff_steel_plant,,,5834.605554701833,
P100000120701,SeAH Besteel Gunsan steel plant,SeAH Besteel Holdings Corp,SeAH Besteel Holdings Corp [100.0%],South Korea,Asia Pacific,North Jeolla,35.968596,126.609524,exact,operating,1,29.0,2101.0,0.0,,,,,EAF,1592,https://www.gem.wiki/SeAH_Besteel_Gunsan_steel_plant,,,292.0603664647803,
P100000120702,SeAH Changwon Integrated Special Steel plant,SeAH Changwon Integrated Special Steel Corp,SeAH Besteel Holdings Corp [100.0%],South Korea,Asia Pacific,South Gyeongsang,35.204191,128.604277,exact,operating,1,60.0,1200.0,0.0,,,,,EAF,1229,https://www.gem.wiki/SeAH_Changwon_Integrated_Special_Steel_plant,,,95.3215411798302,
P100000120706,SeAH Steel Pohang plant,SeAh Steel Holdings Corp,SeAh Steel Holdings Corp [100.0%],South Korea,Asia Pacific,North Gyeongsang,35.991176,129.375791,exact,operating,1,48.0,1200.0,0.0,,,,,EAF,unknown,https://www.gem.wiki/SeAH_Steel_Pohang_plant,,,151.91185705823875,
P100000120489,Sentuo Steel Tema plant,Sentuo Steel Ltd,Fugian Overseas Chinese Industrial Group Corp [74.0%]; Social Security and National Insurance Trust (Ghana) [26.0%],Ghana,Africa,Greater Accra,5.691267,-0.001073,exact,operating,1,11.0,800.0,0.0,,,,,EAF,1400,https://www.gem.wiki/Sentuo_Steel_Tema_plant,,,7536.763586192393,
P100001063496,Setareh Simin Hormoz DRI plant,Setareh Simin Hormoz Co,Iranian Mines & Mining Industries Development & Renovation Organization [100.0%],Iran,Middle East,Hormuzgan,27.192922,56.114617,exact,construction,2,,0.0,0.0,,,,,DRI; EAF,1500,https://www.gem.wiki/Setareh_Simin_Hormoz_DRI_plant,,,1267.5890521747772,
P100000120760,Sev.en GI Mo i Rana steel plant,Sev.en Global Investments AS,Indenelem establishment [100.0%],Norway,Europe,Mo i Rana,66.311519,14.167557,exact,operating,1,80.0,770.0,0.0,,,,,EAF,344,https://www.gem.wiki/Sev.en_GI_Mo_i_Rana_steel_plant,,,4404.766163320946,
P100000120818,Severstal Cherepovets steel plant,Severstal PJSC,Severstal PJSC [100.0%],Russia,Eurasia,Vologda,59.143998,37.86295,exact,operating,1,71.0,12201.0,11800.0,,4000.0,4702.0,10000.0,BF; BOF; EAF,29341,https://www.gem.wiki/Severstal_Cherepovets_steel_plant,,,3209.855819915119,
P100000121056,Shaanxi Hanzhong Iron & Steel Group Company,Shaanxi Hanzhong Iron & Steel Group Co,Shaanxi Hanzhong Iron & Steel Group Co [100.0%],China,Asia Pacific,Shaanxi,33.132446,106.657646,exact,operating,1,25.33,700.0,550.0,,,600.0,,BF; EAF,3019,https://www.gem.wiki/Shaanxi_Hanzhong_Iron_&_Steel_Group_Company,554486726.9337088,2.055823769177595,3.150715845839246,China
P100000120237,Shaanxi Huaxin Special Steel Group Co Ltd,Shaanxi Huaxin Special Steel Group Co Ltd,Shaanxi Huaxin Special Steel Group Co Ltd [100.0%],China,Asia Pacific,Shaanxi,34.523278,109.986042,exact,operating pre-retirement,1,24.54,1200.0,0.0,,,,,EAF,91,https://www.gem.wiki/Shaanxi_Huaxin_Special_Steel_Group_Co_Ltd,179102021.36746305,3.315890906228594,3.2593473086236693,China
P100000120505,Shaanxi Iron and Steel Indonesia plant,Shaanxi Iron and Steel Group Co Ltd,Shaanxi Coal and Chemical Industry Co Ltd [95.9%]; unknown [4.1%],Indonesia,Asia Pacific,South Sumatra,-3.404326,105.409279,approximate,cancelled,1,,0.0,0.0,,,,,BF; BOF,unknown,https://www.gem.wiki/Shaanxi_Iron_and_Steel_Indonesia_plant,,,1716.238055536408,
P100000120234,Shaanxi Longmen Steel Co Ltd,Shaanxi LONG MEN IRON&STEEL Co Ltd,Shaanxi Coal and Chemical Industry Co Ltd [95.9%]; unknown [4.1%],China,Asia Pacific,Shaanxi,35.618466,110.575788,exact,operating,4,18.66,7200.0,7345.0,,,,,BF; BOF; EAF,9947,https://www.gem.wiki/Shaanxi_Longmen_Steel_Co_Ltd,1050556946.8883605,10.735059257628905,3.168585183853422,China
P100000120236,Shaanxi Lueyang Iron and Steel Co Ltd,Shaanxi Lueyang Iron and Steel Co Ltd,Shanghai Lingtuo Enterprise Management Center LP [52.1%]; Hanzhong Investment Holding Group Co Ltd [18.6%]; DongLing Group Incorporated Co [17.6%]; Lueyang County Economic and Trade Bureau [11.1%]; unknown [0.5%],China,Asia Pacific,Shaanxi,33.323678,106.167206,exact,operating,3,22.29,1900.0,1000.0,,,,,BF; BOF,1859,https://www.gem.wiki/Shaanxi_Lueyang_Iron_and_Steel_Co_Ltd,32314098.785076372,0.2165139668314962,5.222759844859942,China
P100000120235,Shaanxi Steel Group Hanzhong Iron and Steel Co Ltd,Shangang Group Hanzhong Iron & Steel Co Ltd,Shaanxi Coal and Chemical Industry Co Ltd [85.8%]; Hanzhong Investment Holding Group Co Ltd [8.9%]; unknown [5.3%],China,Asia Pacific,Shaanxi,33.133192,106.671859,exact,operating,1,16.65,3000.0,4040.0,,,,,BF; BOF,3560,https://www.gem.wiki/Shaanxi_Steel_Group_Hanzhong_Iron_and_Steel_Co_Ltd,686629951.6960833,2.09782339468919,3.5164902620031935,China
P100000121164,Shadegan Steel Complex,Shadegan Steel Industry Co,Iranian Mines & Mining Industries Development & Renovation Organization [35.0%],Iran,Middle East,Khouzestan,30.565979,48.939846,exact,operating,2,9.0,1000.0,805.0,,,,,DRI; EAF,1700,https://www.gem.wiki/Shadegan_Steel_Complex,,,2039.6726756401076,
P100000120162,Shagang Group Anyang Yongxing Special Steel Co Ltd,Shagang Group Anyang Yongxing Iron & Steel Co Ltd,Hengde International Co Ltd [27.4%]; Jiangsu Shagang Group Co Ltd [21.3%]; Zhangjiagang Free Trade Zone Rongrun Trade Co Ltd [16.8%]; unknown [12.4%]; Zhangjiagang Free Trade Zone Qianxing Investment Trade Co Ltd [10.5%]; Zhangjiagang Free Trade Zone Runyuan Stainless Steel Trade Co Ltd [6.4%]; Ningbo Meishan Free Trade Port Jincheng Shazhou Equity Investment Co Ltd [5.2%],China,Asia Pacific,Henan,36.143573,114.149964,exact,operating,4,33.0,2600.0,2728.0,,,,,BF; BOF,1982,https://www.gem.wiki/Shagang_Group_Anyang_Yongxing_Special_Steel_Co_Ltd,3691623504.775808,33.338144249378004,3.04815428582906,China
P100000121191,Shakambhari Ispat and Power Purulia steel plant,Shakambhari Ispat & Power Ltd,Shakambhari Group,India,Asia Pacific,West Bengal,23.613861,86.789527,exact,operating,2,25.0,660.0,759.0,,198.0,,198.0,DRI; IF; BF,1700,https://www.gem.wiki/Shakambhari_Ispat_and_Power_Purulia_steel_plant,740366725.9212388,38.80300414589956,1.2576366439042856,India
P100000121244,Shams Iron and Steel Complex Tabriz,Daric Investment Holding Co,Daric Investment Holding Co [100.0%],Iran,Middle East,East Azerbaijan,37.446675,45.956891,exact,construction,1,,0.0,0.0,,,,,DRI; EAF,unknown,https://www.gem.wiki/Shams_Iron_and_Steel_Complex_Tabriz,,,2411.393080960361,
P100000120243,Shandong Chuanyang Group Co Ltd,Shandong Chuanyang Group Co Ltd,Shandong Chuanyang Group Co Ltd [100.0%],China,Asia Pacific,Shandong,36.894784,117.888366,exact,retired,1,19.69,0.0,0.0,,,,,BF; BOF,unknown,https://www.gem.wiki/Shandong_Chuanyang_Group_Co_Ltd,3677756121.979178,100.70984162163647,2.5005208397285803,China
P100000120249,Shandong Fulun Iron and Steel Co Ltd,Fulun Iron & Steel Co Ltd,Shandong Xiangxin Investment Holding Co Ltd [93.3%]; unknown [6.7%],China,Asia Pacific,Shandong,36.308447,117.540425,exact,operating,2,22.63,2700.0,5000.0,,,1100.0,,BF; BOF,3095,https://www.gem.wiki/Shandong_Fulun_Iron_and_Steel_Co_Ltd,792299266.5563575,18.49309164828941,1.869202486058894,China
P100000120241,Shandong Guangfu Group Co Ltd,Shandong Guangfu Group Co Ltd,natural person(s) [89.3%]; Shandong Chaote High End Equipment Technology Co Ltd [10.7%],China,Asia Pacific,Shandong,36.863145,117.616918,exact,retired,1,39.0,0.0,0.0,,,1900.0,,BF; BOF; EAF,unknown,https://www.gem.wiki/Shandong_Guangfu_Group_Co_Ltd,833477595.0387985,35.95484521038417,1.5015264509207127,China
P100000121150,Shandong Iron and Steel Co Ltd Laiwu Branch Aishan Street,Shandong Iron and Steel Co Ltd,Shandong Iron and Steel Co Ltd [100.0%],China,Asia Pacific,Shandong,36.087717,117.827927,exact,operating,2,5.0,3850.0,3040.0,,,,,BF; BOF,14822,https://www.gem.wiki/Shandong_Iron_and_Steel_Co_Ltd_Laiwu_Branch_Aishan_Street,1723461254.4344203,14.27768321127679,5.272392415208312,China
P100000120337,Shandong Iron and Steel Co Ltd Laiwu Branch Xinxing Road,Shandong Iron and Steel Co Ltd,Shandong Iron and Steel Co Ltd [100.0%],China,Asia Pacific,Shandong,36.088504,117.850479,exact,retired,1,9.75,0.0,0.0,,,,,BF; BOF; EAF,unknown,https://www.gem.wiki/Shandong_Iron_and_Steel_Co_Ltd_Laiwu_Branch_Xinxing_Road,645335328.1557405,13.923201956696937,4.6175149416303345,China
P100000120312,Shandong Iron and Steel Group Rizhao Co Ltd,Shandong IRON&STEEL Group Rizhao Co Ltd,Shandong Iron and Steel Co Ltd [50.6%]; Shandong Iron and Steel Group Co Ltd [34.0%]; Shandong Guohui Investment Co Ltd [9.7%]; Shandong Caixin Asset Operation Co Ltd [4.9%]; unknown [0.8%],China,Asia Pacific,Shandong,35.188969,119.383723,exact,operating,2,17.0,8500.0,8100.0,,,,,BF; BOF; EAF,5696,https://www.gem.wiki/Shandong_Iron_and_Steel_Group_Rizhao_Co_Ltd,784949051.4879102,7.299327572531425,2.294462798813951,China
P100000120414,Shandong Iron and Steel Group Yongfeng Lingang Co Ltd,Shandong Iron & Steel Group Yongfeng Lingang Corp,Qihe Zhongxin Investment Co Ltd [47.2%]; Shandong Iron and Steel Group Co Ltd [28.4%]; Yongfeng Group Co Ltd [12.2%]; Shandong Guohui Investment Co Ltd [8.1%]; Shandong Caixin Asset Operation Co Ltd [4.1%],China,Asia Pacific,Shandong,35.137061,119.068319,exact,operating,2,4.69,5400.0,5557.0,,,,,BF; BOF,1341,https://www.gem.wiki/Shandong_Iron_and_Steel_Group_Yongfeng_Lingang_Co_Ltd,238915176.01580334,4.615400531650645,2.7700477485421593,China
P100000120238,Shandong Iron and Steel Group Yongfeng Zibo Co Ltd,Shandong Iron Steel Group Yongfeng Zibo Co Ltd,Shandong Iron and Steel Group Co Ltd [35.0%]; Qihe Zhongxin Investment Co Ltd [34.7%]; Yongfeng Group Co Ltd [15.3%]; Shandong Guohui Investment Co Ltd [10.0%]; Shandong Caixin Asset Operation Co Ltd [5.0%],China,Asia Pacific,Shandong,36.906036,118.111833,exact,retired,1,4.74,0.0,0.0,,,,,BF; BOF,unknown,https://www.gem.wiki/Shandong_Iron_and_Steel_Group_Yongfeng_Zibo_Co_Ltd,5698841287.0221615,98.0190968107729,3.6442941055905447,China
P100001063692,Shandong Jinguan Metallurgical Technology Co Ltd,Shandong Jinguan Metallurgical Technology Co Ltd,Shandong Jinguan Metallurgical Technology Co Ltd [100.0%],China,Asia Pacific,Shandong,37.449126,116.396787,approximate,operating,2,22.79,2810.0,0.0,,,,,EAF,328,https://www.gem.wiki/Shandong_Jinguan_Metallurgical_Technology_Co_Ltd,9904946687.227655,41.72679122044275,2.1787086026790616,China
P100000120255,Shandong Laigang Yongfeng Steel Co Ltd,Shandong Laigang Yongfeng Steel Corp,Qihe Zhongxin Investment Co Ltd [55.5%]; Shandong Iron and Steel Group Co Ltd [24.1%]; Yongfeng Group Co Ltd [10.1%]; Shandong Guohui Investment Co Ltd [6.9%]; Shandong Caixin Asset Operation Co Ltd [3.4%],China,Asia Pacific,Shandong,36.7993,116.8026,exact,retired,1,19.55,0.0,0.0,,,,,BF; BOF,5773,https://www.gem.wiki/Shandong_Laigang_Yongfeng_Steel_Co_Ltd,2781115807.54017,54.17689602814175,1.2915894722530519,China
P100000120251,Shandong Longsheng Iron and Steel Co Ltd,Shandong Longsheng Iron and Steel Co Ltd,Jinghua Rigang Holding Group Co Ltd [50.0%]; natural person(s) [30.4%]; unknown [19.7%],China,Asia Pacific,Shandong,36.891189,118.187041,exact,retired,1,18.07,0.0,0.0,,,,,BF; BOF,unknown,https://www.gem.wiki/Shandong_Longsheng_Iron_and_Steel_Co_Ltd,2852374041.5661826,93.80451351147337,2.6128110199638597,China
P100000120248,Shandong Luli Steel Co Ltd,Shandong Luli Steel Co Ltd,Luli Group Co Ltd [49.0%]; unknown [39.6%]; natural person(s) [11.4%],China,Asia Pacific,Shandong,36.970875,118.955444,exact,operating,1,33.0,1400.0,2680.0,,,,,BF; BOF,2369,https://www.gem.wiki/Shandong_Luli_Steel_Co_Ltd,309288577.011094,17.92181820410351,1.417999535605401,China
P100000120252,Shandong Minyuan Iron and Steel Co Ltd,Shandong Minyuan Steel & Iron Co Ltd,Shandong Minyuan Steel & Iron Co Ltd [100.0%],China,Asia Pacific,Shandong,36.728409,117.426582,exact,retired,1,19.7,0.0,0.0,,,,,BF; BOF,unknown,https://www.gem.wiki/Shandong_Minyuan_Iron_and_Steel_Co_Ltd,5882085161.067249,48.42539300869336,3.604506828389961,China
P100000120247,Shandong Shouguang Juneng Special Steel Co Ltd,Shandong Shouguang Juneng SPECIAL Steel Co Ltd,natural person(s) [44.4%]; unknown [15.3%]; Shouguang Zhirun Investment Co Ltd [13.4%]; Shouguang Shengda Investment Co Ltd [10.4%]; Shouguang Shanyue Qingfeng Economic and Trade Co Ltd [8.3%]; Shouguang Zhitao Trading Co Ltd [3.2%]; Shouguang Xingchen Dahai Trading Co Ltd [2.5%]; Shouguang Yunxin Economic and Trade Co Ltd [2.5%],China,Asia Pacific,Shandong,36.939125,118.785598,exact,operating,1,23.21,2850.0,1150.0,,,,,BF; BOF; EAF,2953,https://www.gem.wiki/Shandong_Shouguang_Juneng_Special_Steel_Co_Ltd,1440684200.7685635,23.94887192926954,2.202899415525305,China
P100001063638,Shandong Taigang Xinhai Stainless Steel Co Ltd,Shandong Taigang Xinhai Stainless Steel Co Ltd,Shandong Taigang Xinhai Stainless Steel Co Ltd [100.0%],China,Asia Pacific,Shandong,35.228556,119.084178,approximate,operating,1,10.07,1860.0,400.0,,,,,BF; BOF,unknown,https://www.gem.wiki/Shandong_Taigang_Xinhai_Stainless_Steel_Co_Ltd,374021532.01611346,5.0602532899145745,4.336848727169526,China
P100000120245,Shandong Taishan Steel Group Co Ltd,Shandong Taishan Steel Group Co Ltd,Guang Yang An Tai Holdings Ltd [91.0%]; Jinan Yanshan Investment Co Ltd [9.0%],China,Asia Pacific,Shandong,36.22141,117.627728,exact,mothballed pre-retirement,2,57.0,0.0,0.0,,,,,BOF; BF; EAF,4532,https://www.gem.wiki/Shandong_Taishan_Steel_Group_Co_Ltd,6228848405.062526,21.76958304100642,1.4745116641589289,China
P100000121146,Shandong Xinhua Special Steel Group Co Ltd,Shandong Xinhua Special Steel Group Co Ltd,Shandong Xinhua Special Steel Group Co Ltd [100.0%],China,Asia Pacific,Shandong,36.256175,116.179833,exact,retired,1,18.47,0.0,0.0,,,,,BF; BOF,146,https://www.gem.wiki/Shandong_Xinhua_Special_Steel_Group_Co_Ltd,783615313.084411,7.549674421261408,4.701319000547889,China
P100000120210,Shanghai Meishan Iron and Steel Co Ltd,Shanghai Meishan Iron & Steel Co Ltd,Baoshan Iron & Steel Co Ltd [77.0%]; China Development Bank Corp [9.1%]; The China Orient Asset Management Co Ltd [7.0%]; Nanjing State-Owned Assets Investment & Management Holding (Group) Co Ltd [6.8%],China,Asia Pacific,Jiangsu,31.902969,118.61667,exact,operating,1,57.0,7600.0,7300.0,,,,,BF; BOF,5051,https://www.gem.wiki/Shanghai_Meishan_Iron_and_Steel_Co_Ltd,3051454698.510215,199.86623311787744,3.207909421915274,China
P100000120270,Shanxi Changxin Industrial Co Ltd,Shanxi Changxin Industry Co Ltd,Shanxi Changxin Industry Co Ltd [100.0%],China,Asia Pacific,Shanxi,36.326589,113.117181,exact,operating pre-retirement,2,37.0,1520.0,1240.0,,,,,BF; BOF,193,https://www.gem.wiki/Shanxi_Changxin_Industrial_Co_Ltd,2719454994.077153,42.38190352066855,3.945883866809883,China
P100000121152,Shanxi Dongfang Hengliu Precision Casting Co,Shanxi Dongfang Hengliu Precision Casting Co,Shanxi Dongfang Hengliu Precision Casting Co [100.0%],China,Asia Pacific,Shanxi,36.080051,111.647754,exact,retired,1,16.04,0.0,0.0,,,,,BF; BOF,1273,https://www.gem.wiki/Shanxi_Dongfang_Hengliu_Precision_Casting_Co,586782703.6351858,36.22477330837265,4.732910835472988,China
P100000120268,Shanxi Gaoyi Steel Co Ltd,Shanxi Gaoyi Steel Co Ltd,Shanxi Gaoyi Steel Co Ltd [100.0%],China,Asia Pacific,Shanxi,35.586841,111.258436,exact,operating,2,29.0,2700.0,4001.0,,,,,BF; BOF,38876,https://www.gem.wiki/Shanxi_Gaoyi_Steel_Co_Ltd,2190467911.060826,10.177270574142003,5.198972588569449,China
P100000120266,Shanxi Hongda Iron and Steel Group Co Ltd,Shanxi HONGDA Iron and Steel Group Co Ltd,Shanxi HONGDA Iron and Steel Group Co Ltd [100.0%],China,Asia Pacific,Shanxi,35.701895,110.786826,exact,operating,3,26.81,2300.0,1250.0,,,,1300.0,BF; BOF,15,https://www.gem.wiki/Shanxi_Hongda_Iron_and_Steel_Group_Co_Ltd,250634379.58227268,9.106281019158446,0.8387893666985224,China
P100000120406,Shanxi Huaqiang Iron and Steel Co Ltd,Shanxi HUAQIANG Iron and Steel Co Ltd,Shanxi HUAQIANG Iron and Steel Co Ltd [100.0%],China,Asia Pacific,Shanxi,35.670848,111.378887,exact,operating,1,22.84,0.0,500.0,,,,,BF,49,https://www.gem.wiki/Shanxi_Huaqiang_Iron_and_Steel_Co_Ltd,402152281.1129497,10.733466286309632,4.182934545074654,China
P100000120267,Shanxi Huaxinyuan Steel and Iron Group Co Ltd,Hejin Huaxinyuan Steel & Iron Co Ltd,Hejin Huaxinyuan Steel & Iron Co Ltd [100.0%],China,Asia Pacific,Shanxi,35.605506,110.652056,exact,operating,2,23.12,1150.0,1190.0,,,,,BF; BOF,716,https://www.gem.wiki/Shanxi_Huaxinyuan_Steel_and_Iron_Group_Co_Ltd,1208145259.4777637,11.346179329796263,3.2680692312560757,China
P100000120274,Shanxi Jianlong Industrial Co Ltd,Shanxi Jianlong Industrial Co Ltd,Beijing Jianlong Investment Co Ltd [87.6%]; unknown [12.4%],China,Asia Pacific,Shanxi,35.417405,111.303919,exact,operating,4,25.91,4750.0,3736.0,,,,,BF; BOF,6775,https://www.gem.wiki/Shanxi_Jianlong_Industrial_Co_Ltd,384406160.84900844,3.451076973446941,4.6844337760555295,China
P100000120316,Shanxi Jinnan Iron and Steel Group Co Ltd,Shanxi Jinnan Iron and Steel Group Co Ltd,Shanxi Jinnan Holding Group Co Ltd [100.0%],China,Asia Pacific,Shanxi,35.678541,111.51465,exact,operating,2,12.0,4800.0,4740.0,,,,,BF; BOF,1010,https://www.gem.wiki/Shanxi_Jinnan_Iron_and_Steel_Group_Co_Ltd,162446633.34105244,7.707256846591467,4.1142372794066935,China
P100000120262,Shanxi Liheng Steel Co Ltd,Shanxi Liheng Iron and Steel Co Ltd,Shanxi Liheng Iron and Steel Co Ltd [100.0%],China,Asia Pacific,Shanxi,35.701541,111.42671,exact,retired,1,17.0,0.0,0.0,,,3700.0,,BF; BOF,unknown,https://www.gem.wiki/Shanxi_Liheng_Steel_Co_Ltd,747390169.8949468,10.781145412752904,2.9535951355327312,China
P100000120308,Shanxi Meijin Iron and Steel Co Ltd Dongyu Town,Shanxi Meijin Iron and Steel Co Ltd,Meijin Energy Group Co Ltd [50.0%]; China New Energy Group Ltd [48.0%]; unknown [2.0%],China,Asia Pacific,Shanxi,37.571354,112.229791,exact,operating,2,22.32,1700.0,2200.0,,,,,BOF; BF,743,https://www.gem.wiki/Shanxi_Meijin_Iron_and_Steel_Co_Ltd_Dongyu_Town,1679834580.032344,10.55088497118033,3.804587373937791,China
P100000121151,Shanxi Meijin Iron and Steel Co Ltd Yuanping City,Shanxi Meijin Iron and Steel Co Ltd,Meijin Energy Group Co Ltd [50.0%]; China New Energy Group Ltd [48.0%]; unknown [2.0%],China,Asia Pacific,Shanxi,38.7393,112.689086,approximate,announced,1,,0.0,0.0,,,,1200.0,BF; BOF,unknown,https://www.gem.wiki/Shanxi_Meijin_Iron_and_Steel_Co_Ltd_Yuanping_City,2498747960.66294,4.168041631965843,3.826819617311449,China
P100000120258,Shanxi Taigang Stainless Steel Co Ltd,Shanxi Taigang Stainless Steel Co Ltd,Shanxi Taigang Stainless Steel Co Ltd [100.0%],China,Asia Pacific,Shanxi,37.931488,112.539321,exact,operating,1,27.69,12460.0,8480.0,,,,,BF; BOF; EAF,17434,https://www.gem.wiki/Shanxi_Taigang_Stainless_Steel_Co_Ltd,24668432523.352684,337.38459784698966,2.992142679487954,China
P100000120264,Shanxi Tongcai Industry and Trade Co Ltd,ShanXi TongCai Industry and Trade Co Ltd,Shanxi Jianbang Group Co Ltd [51.4%]; natural person(s) [48.6%],China,Asia Pacific,Shanxi,35.694321,111.429381,exact,operating,2,24.0,2780.0,2980.0,,,,,BF; BOF; EAF,2073,https://www.gem.wiki/Shanxi_Tongcai_Industry_and_Trade_Co_Ltd,747390169.8949468,9.462411097654892,3.0434266698843238,China
P100000121087,Shanxi Tongde Xinghua Special Steel Co Ltd,Shanxi Tongde Xinghua Special Steel Co Ltd,Shanxi State-Owned Capital Investment and Operation Co Ltd [28.7%]; Datong Qijun Trading Co Ltd [26.0%]; Tianjin Bohai Runde Steel Group Co Ltd [25.0%]; China Cinda Asset Management Co Ltd [14.8%]; Jinneng Holding Group Co Ltd [3.2%]; unknown [2.3%],China,Asia Pacific,Shanxi,40.183517,113.305462,exact,operating,1,20.21,2500.0,1100.0,,,,,BF; BOF,3140,https://www.gem.wiki/Shanxi_Tongde_Xinghua_Special_Steel_Co_Ltd,353310074.948443,96.81451469548962,2.9979111414585518,China
P100000120261,Shanxi Xintai Iron and Steel Co Ltd,Shanxi Xintai Iron & Steel Co Ltd,Shanxi Antai Holding Group Co Ltd [100.0%],China,Asia Pacific,Shanxi,37.075017,111.985148,exact,operating,4,20.73,3000.0,2250.0,,,,,BF; BOF,1729,https://www.gem.wiki/Shanxi_Xintai_Iron_and_Steel_Co_Ltd,4334687658.950084,26.735648920998113,4.406110754951084,China
P100000120271,Shanxi Zhongsheng Iron and Steel Co Ltd,Shanxi Zhongsheng Iron and Steel Co Ltd,Shanxi Zhongsheng Iron and Steel Co Ltd [100.0%],China,Asia Pacific,Shanxi,35.727776,111.330122,exact,operating,3,19.32,0.0,1130.0,,,,,BF; BOF,104,https://www.gem.wiki/Shanxi_Zhongsheng_Iron_and_Steel_Co_Ltd,224177109.58702946,10.643335780231777,4.089830989543054,China
P100000120259,Shanxi Zhongyang Iron and Steel Co Ltd,Shanxi Zhongyang Iron & Steel Co Ltd,Shanxi Zhongyang Iron & Steel Co Ltd [100.0%],China,Asia Pacific,Shanxi,37.370796,111.161118,exact,operating,2,20.28,3600.0,3600.0,,,1000.0,,BF; BOF,7019,https://www.gem.wiki/Shanxi_Zhongyang_Iron_and_Steel_Co_Ltd,320338051.3482251,10.053384760697416,3.2256844324355782,China
P100001063176,"Shengli (Qingyuan) Steel Products Co., Ltd.",Shengli (Qingyuan) Steel Products Co Ltd,Shengli (Qingyuan) Steel Products Co Ltd [100.0%],China,Asia Pacific,Guangdong,23.553041,113.119942,exact,operating,1,22.0,1000.0,0.0,,,,,EAF,263,"https://www.gem.wiki/Shengli_(Qingyuan)_Steel_Products_Co.,_Ltd.",1383225148.037752,60.44684764947728,1.3658227017206446,China
P100001045593,Shengli Vietnam Special Steel An Bai plant,Shengli Vietnam Special Steel Co Ltd,Guangdong Metals & Minerals Import & Export Group Corp; Shengli (Fujian) Investment Group Corp,Vietnam,Asia Pacific,Thai Binh,20.652657,106.440208,exact,operating,1,18.0,800.0,0.0,,,,,EAF,1000,https://www.gem.wiki/Shengli_Vietnam_Special_Steel_An_Bai_plant,,,141.8519800272055,
P100001063815,ShiGangJingCheng Equipment Development and Manufacturing Co Ltd,ShiGangJingCheng Equipment Development and Manufacturing Co Ltd,ShiGangJingCheng Equipment Development and Manufacturing Co Ltd [100.0%],China,Asia Pacific,Liaoning,40.626396,122.38884,exact,operating,1,20.0,1900.0,0.0,,,,,BOF; EAF,unknown,https://www.gem.wiki/ShiGangJingCheng_Equipment_Development_and_Manufacturing_Co_Ltd,758099574.9849542,49.14411779968166,1.1782916251677378,China
P100000120246,Shiheng Special Steel Group Co Ltd,Shiheng SPECIAL Steel Group Co Ltd,Shiheng Special Steel Holding Group Co Ltd [54.7%]; Hong Kong Wing Tai Holdings [22.0%]; unknown [15.9%]; Trade Union Committee of Shiheng Special Steel Group [7.4%],China,Asia Pacific,Shandong,36.229201,116.533981,exact,operating,2,25.15,4650.0,5040.0,,,1000.0,,BF; BOF,7337,https://www.gem.wiki/Shiheng_Special_Steel_Group_Co_Ltd,1341653440.6361408,9.108549537458599,2.420645849467648,China
P100001064067,Shijiazhuang Hongsen Melting & Casting Co Ltd,Shijiazhuang Hongsen Melting & Casting Co Ltd,Shijiazhuang Hongsen Melting & Casting Co Ltd [100.0%],China,Asia Pacific,Hebei,38.021527,114.916959,exact,operating,1,19.47,0.0,516.0,,,,,BF; EAF,1000,https://www.gem.wiki/Shijiazhuang_Hongsen_Melting_&_Casting_Co_Ltd,945492196.1136818,21.13535677435515,4.259902091746486,China
P100000120103,Shijiazhuang Iron and Steel Co Ltd,Shijiazhuang Iron and Steel Co Ltd,HBIS Group Co Ltd [74.7%]; HBIS International Holdings Ltd [24.9%]; unknown [0.4%],China,Asia Pacific,Hebei,38.060735,114.560358,exact,retired,1,63.0,0.0,0.0,,,,,BF; BOF; EAF,unknown,https://www.gem.wiki/Shijiazhuang_Iron_and_Steel_Co_Ltd,81899035074.2525,317.0524453823976,2.678484148604076,China
P100000120322,Shijiazhuang Iron and Steel Co Ltd Special Steel Branch,Shijiazhuang Iron and Steel Co Ltd,HBIS Group Co Ltd [74.7%]; HBIS International Holdings Ltd [24.9%]; unknown [0.4%],China,Asia Pacific,Hebei,38.075008,114.033043,exact,operating,1,6.0,2000.0,0.0,,,,,EAF,3576,https://www.gem.wiki/Shijiazhuang_Iron_and_Steel_Co_Ltd_Special_Steel_Branch,1532287958.3060682,5.32283493853082,3.7834884192385765,China
P100000121046,Shiu Wing Tuen Mun Steel plant,Shiu Wing Steel Ltd,Shiu Wing Steel Ltd [100.0%],Hong Kong,Asia Pacific,Hong Kong,22.369498,113.926095,exact,announced,1,1.0,0.0,0.0,,,,,EAF,274,https://www.gem.wiki/Shiu_Wing_Tuen_Mun_Steel_plant,,,19.42881996063139,
P100000121073,Shiyan Fuyan Iron and Steel Co Ltd,Shiyan Fuyan Iron and Steel Co Ltd,Hubei Tiangang Recycling Industry Group Co Ltd [50.8%]; natural person(s) [49.2%],China,Asia Pacific,Hubei,32.650367,110.654794,exact,operating pre-retirement,1,23.0,600.0,0.0,,,,,EAF,210,https://www.gem.wiki/Shiyan_Fuyan_Iron_and_Steel_Co_Ltd,111115982.9373292,19.82600055084537,3.9672845405200863,China
P100000121074,Shiyan Yunyang District Rongfeng Iron and Steel Co Ltd,Yun County Rongfeng Rolling Mill Factory,Yun County Rongfeng Rolling Mill Factory [100.0%],China,Asia Pacific,Hubei,32.738598,110.793269,exact,operating,1,15.0,700.0,0.0,,,,,EAF,196,https://www.gem.wiki/Shiyan_Yunyang_District_Rongfeng_Iron_and_Steel_Co_Ltd,2868377109.874325,24.02326173901971,3.3686143178808647,China
P100000120275,Shougang Changzhi Iron and Steel Co Ltd,Shougang Changzhi IRON& Steel Co Ltd,Beijing State-owned Capital Management Center [90.0%]; Changzhi State-owned Industry Asset Operation Co Ltd [10.0%],China,Asia Pacific,Shanxi,36.356404,113.060809,exact,operating,1,29.94,3600.0,2080.0,,,,,BF; BOF,7130,https://www.gem.wiki/Shougang_Changzhi_Iron_and_Steel_Co_Ltd,2449438562.2978115,42.80963831917582,2.6857961948498628,China
P100001080914,Shougang Group Kazakhstan green steel plant,Fujian Hengwang Investment Co Ltd,Fujian Hengwang Investment Co Ltd [100.0%],Kazakhstan,Eurasia,Jambyl,43.5016213,73.6098137,approximate,announced,1,,0.0,0.0,,,,,DRI; EAF,2500,https://www.gem.wiki/Shougang_Group_Kazakhstan_green_steel_plant,,,354.1769808481255,
P100000121067,Shougang Guiyang Special Steel Co Ltd,Shougang Guiyang SPECIAL Steel Co Ltd,Beijing State-owned Capital Management Center [70.0%]; Guizhou Qiansheng State-Owned Assets Management Co Ltd [29.7%]; unknown [0.3%],China,Asia Pacific,Guizhou,26.873592,106.73215,exact,operating,1,68.0,600.0,0.0,,,,,EAF,1113,https://www.gem.wiki/Shougang_Guiyang_Special_Steel_Co_Ltd,264952407.92503846,4.924655419002118,2.3674608128652253,China
P100000120106,Shougang Jingtang United Iron and Steel Co Ltd,Shougang Jingtang United Iron & Steel Co Ltd,Beijing Shougang Co Ltd [100.0%],China,Asia Pacific,Hebei,38.953664,118.50339,exact,operating,1,21.0,13700.0,13500.0,,,,,BF; BOF,9104,https://www.gem.wiki/Shougang_Jingtang_United_Iron_and_Steel_Co_Ltd,102371633.8710309,0.24891228893660095,3.3501996494589545,China
P100000120107,Shougang Qian an Iron and Steel Co Ltd,Beijing Shougang Co Ltd,Beijing Shougang Co Ltd [100.0%],China,Asia Pacific,Hebei,39.976702,118.558788,exact,operating,3,24.0,8300.0,7850.0,,,,,BF; BOF; EAF,5339,https://www.gem.wiki/Shougang_Qian_an_Iron_and_Steel_Co_Ltd,1205952791.2560177,18.722035343862142,2.510133440352939,China
P100000120096,Shougang Shuicheng Iron and Steel Group Co Ltd,Shougang Shuicheng Iron & Steel (Group) Co Ltd,Beijing State-owned Capital Management Center [61.1%]; China Huarong Asset Management Co Ltd [16.2%]; China Cinda Asset Management Co Ltd [13.2%]; unknown [9.6%],China,Asia Pacific,Guizhou,26.595229,104.877413,exact,operating,1,60.0,3501.0,3300.0,,,,,BF; BOF,8900,https://www.gem.wiki/Shougang_Shuicheng_Iron_and_Steel_Group_Co_Ltd,2917021785.146939,15.84017824985904,3.319064870439709,China
P100001063585,Shougang Yili Iron & Steel Co Ltd,Shougang Yili Iron & Steel Co Ltd,Shougang Yili Iron & Steel Co Ltd [100.0%],China,Asia Pacific,Xinjiang,43.528516,83.276706,exact,operating,2,68.0,0.0,1645.0,,,,,BF,2000,https://www.gem.wiki/Shougang_Yili_Iron_&_Steel_Co_Ltd,36347068.67769812,0.1568329964382737,1.8954446637436861,China
P100000121192,Shri Bajrang Power & Ispat Tilda steel plant,Shri Bajrang Power and Ispat Ltd,Banka Finance & Securities Pvt Ltd [15.9%]; Atlanta Securities Pvt Ltd [15.6%]; natural person(s) [6.3%]; Sukanya Merchandise Pvt Ltd [5.5%]; Bonus Dealcom Pvt Ltd [5.5%],India,Asia Pacific,Chhattisgarh,21.48619,81.771697,exact,operating,2,13.0,500.0,600.0,,1000.0,500.0,1400.0,DRI; Steel other/unspecified; BF; BOF,unknown,https://www.gem.wiki/Shri_Bajrang_Power_&_Ispat_Tilda_steel_plant,450845929.98527956,7.2062465172706585,3.7235310175643037,India
P100000121183,Shyam Metalics Jamuria steel plant,Shyam Metalics and Energy Ltd,Shyam Metalics and Energy Ltd [100.0%],India,Asia Pacific,West Bengal,23.693749,87.122711,exact,operating,2,13.0,1144.0,2252.0,,1110.0,,3000.0,BF; DRI; IF; EAF,unknown,https://www.gem.wiki/Shyam_Metalics_Jamuria_steel_plant,753463000.0749441,36.50850264351143,1.6383644212743411,India
P100000121184,Shyam Metalics Sambalpur steel plant,Shyam Metalics and Energy Ltd,Shyam Metalics and Energy Ltd [100.0%],India,Asia Pacific,Odisha,21.680344,84.04179,exact,operating,3,20.0,1606.0,2054.0,,,,3000.0,DRI; IF; EAF; BF,3060,https://www.gem.wiki/Shyam_Metalics_Sambalpur_steel_plant,263458006.06268016,3.6286336676041917,3.11229758098685,India
P100000121182,Shyam Steel Mejia steel plant,Shyam Steel Manufacturing Ltd,Shyam Steel Industries Ltd,India,Asia Pacific,West Bengal,23.564157,87.089552,exact,operating,2,,126.0,227.0,,,,,DRI; IF; EAF,unknown,https://www.gem.wiki/Shyam_Steel_Mejia_steel_plant,675556161.7232339,22.719479503342374,4.394285115362776,India
P100000121181,Shyam Steel Raghunathpur steel plant,Shyam Steel Industries Ltd,Shyam Steel Industries Ltd [100.0%],India,Asia Pacific,West Bengal,23.590212,86.724603,approximate,operating,2,2.0,420.0,420.0,,1092.0,500.0,1200.0,DRI; IF; BF; BOF; EAF,8000,https://www.gem.wiki/Shyam_Steel_Raghunathpur_steel_plant,363171012.67553264,14.420939779385838,4.208481955581265,India
P100000121229,Shyeh Sheng Fuat Steel Kaohsiung steel plant,Shyeh Sheng Fuat Steel & Iron Works Co Ltd,Shyeh Sheng Fuat Steel & Iron Works Co Ltd [100.0%],Taiwan,Asia Pacific,Kaohsiung,22.559391,120.3656132,exact,operating,1,60.0,720.0,0.0,,,,,EAF,430,https://www.gem.wiki/Shyeh_Sheng_Fuat_Steel_Kaohsiung_steel_plant,,,290.18912897485285,
P100000120860,Siam Yamato Steel Map Ta Phut plant,Siam Yamato Steel Co Ltd,Yamato Kogyo Co Ltd [64.2%]; Mitsui & Co Ltd [20.0%]; Siam Cement PCL [10.0%]; Sumitomo Corp [5.8%],Thailand,Asia Pacific,Rayong,12.674898,101.147002,exact,operating,1,32.0,600.0,0.0,,,,,EAF,unknown,https://www.gem.wiki/Siam_Yamato_Steel_Map_Ta_Phut_plant,,,879.9106588785496,
P100000120861,Siam Yamato Steel Rayong plant,Siam Yamato Steel Co Ltd,Yamato Kogyo Co Ltd [64.2%]; Mitsui & Co Ltd [20.0%]; Siam Cement PCL [10.0%]; Sumitomo Corp [5.8%],Thailand,Asia Pacific,Rayong,12.706642,101.111703,exact,operating,1,16.0,500.0,0.0,,,,,EAF,unknown,https://www.gem.wiki/Siam_Yamato_Steel_Rayong_plant,,,875.8416195481784,
P100000120377,Sichuan Dazhou Iron and Steel Group Co Ltd,Sichuan Dazhou Iron & Steel Group Co Ltd,Beijing Fangda International Industrial Investment Group Co Ltd [69.3%]; unknown [24.6%]; China Cinda Asset Management Co Ltd [6.1%],China,Asia Pacific,Sichuan,31.18945,107.453099,exact,operating,2,28.89,2300.0,2428.0,,4300.0,2100.0,,BF; BOF,3854,https://www.gem.wiki/Sichuan_Dazhou_Iron_and_Steel_Group_Co_Ltd,10197981456.470524,16.355721718020167,2.1579450976290953,China
P100000120075,Sichuan Desheng Group Vanadium and Titanium Co Ltd,"Sichuan De Sheng Group, Vanadium and Titanium Co Ltd",Haojun Development Group Co Ltd [49.0%]; natural person(s) [26.8%]; Yunnan Desheng Steel Co Ltd [14.0%]; Yunnan Desheng Logistics Co Ltd [10.2%],China,Asia Pacific,Chongqing,29.39798,103.542532,exact,operating,2,29.0,3000.0,2250.0,,2800.0,,,BF; BOF,3309,https://www.gem.wiki/Sichuan_Desheng_Group_Vanadium_and_Titanium_Co_Ltd,181895609.9521647,4.816081532125238,2.5566344579924785,China
P100000120375,Sichuan Gangchen Stainless Steel Co Ltd,Sichuan Gangchen Stainless Steel Co Ltd,Fujian Xinsheng Investment Co Ltd [85.0%]; Pingtan Longxin Investment Co Ltd [15.0%],China,Asia Pacific,Sichuan,29.501044,103.607365,exact,operating,1,6.23,600.0,0.0,,,,,EAF,720,https://www.gem.wiki/Sichuan_Gangchen_Stainless_Steel_Co_Ltd,473439435.8729224,24.282159397350696,4.828581539971719,China
P100000121058,Sichuan Shehong Chuanzhong Construction Materials Co Ltd,Sichuan Shehong Chuanzhong Construction Materials Co Ltd,Sichuan Shehong Chuanzhong Construction Materials Co Ltd [100.0%],China,Asia Pacific,Sichuan,30.830726,105.367695,exact,operating,1,25.89,550.0,0.0,,,,,EAF,306,https://www.gem.wiki/Sichuan_Shehong_Chuanzhong_Construction_Materials_Co_Ltd,442654217.20127475,8.66350185537279,4.398871816472075,China
P100000120320,Sichuan Shengquan Iron and Steel Group Co Ltd,Sichuan Shengquan Iron and Steel Group Co Ltd,Sichuan Shengquan Iron and Steel Group Co Ltd [100.0%],China,Asia Pacific,Sichuan,31.255961,104.190612,exact,operating,2,7.46,1000.0,0.0,,,,,EAF,980,https://www.gem.wiki/Sichuan_Shengquan_Iron_and_Steel_Group_Co_Ltd,1180067619.3126886,11.913946411635852,4.312739150701922,China
P100000121059,Sichuan Yaan Anshan Iron and Steel Co Ltd,Sichuan Ya'an Anshan Iron and Steel Co Ltd,Sichuan Ya'an Anshan Iron and Steel Co Ltd [100.0%],China,Asia Pacific,Sichuan,30.059133,102.625907,exact,operating,1,4.91,830.0,0.0,,,,,EAF,119,https://www.gem.wiki/Sichuan_Yaan_Anshan_Iron_and_Steel_Co_Ltd,388037.3015476711,0.3734290774649736,1.9441282415059993,China
P100000120884,Siddik Kardesler Dilovasi steel plant,Sıddık Kardeşler Haddecilik Sanayi Ticaret LŞ,Sıddık Kardeşler Haddecilik Sanayi Ticaret LŞ [100.0%],Türkiye,Europe,Kocaeli,40.800833,29.512008,exact,operating,1,10.0,690.0,0.0,,,,,EAF,369,https://www.gem.wiki/Siddik_Kardesler_Dilovasi_steel_plant,,,3718.820432809692,
P100000120465,Sidenor Aceros Especiales Basauri steel plant,Sidenor Aceros Especiales SLU,Clerbil SL,Spain,Europe,Vizcaya,43.227282,-2.884676,exact,operating,1,59.0,740.0,0.0,,,,,EAF,263,https://www.gem.wiki/Sidenor_Aceros_Especiales_Basauri_steel_plant,,,6166.815784567507,
P100000120493,Sidenor Steel Industry Thessaloniki plant,Sidenor Steel Industry SA,Viohalco SA,Greece,Europe,Macedonia,40.704458,22.816542,exact,operating,1,64.0,800.0,0.0,,,,,EAF,483,https://www.gem.wiki/Sidenor_Steel_Industry_Thessaloniki_plant,,,4269.423227469288,
P100000120440,Sider El Hadjar Annaba steel plant,Groupe Industriel Sider SpA,Groupe Industriel Sider SpA [100.0%],Algeria,Africa,Annaba,36.795924,7.707633,exact,mothballed,3,57.0,0.0,0.0,,,1200.0,,DRI; EAF; BF; BOF,5748,https://www.gem.wiki/Sider_El_Hadjar_Annaba_steel_plant,,,5647.333261795539,
P100000121004,Sidor Ciudad Guayana steel plant,Siderurgica del Orinoco Alfredo Maneiro CA,Siderurgica del Orinoco Alfredo Maneiro CA [100.0%],Venezuela,Central & South America,Bolívar,8.259073,-62.841126,exact,operating,2,64.0,1020.0,1290.0,,,,1825.0,DRI; EAF,12676,https://www.gem.wiki/Sidor_Ciudad_Guayana_steel_plant,,,12989.645114043213,
P100000120853,SIJ Acroni Jesenice steel plant,SIJ Acroni doo,Slovenska industrija jekla dd [25.0%]; Dilon doo,Slovenia,Europe,Jesenice,46.423994,14.094645,exact,operating,1,66.0,726.0,0.0,,,,,EAF,1300,https://www.gem.wiki/SIJ_Acroni_Jesenice_steel_plant,,,4788.950976190078,
P100000120052,Simec Cariacica steel plant,GV do Brasil Industria e Comercio de Aço Ltda,Grupo Simec SAB de CV [100.0%],Brazil,Central & South America,Espírito Santo,-20.34291,-40.360864,exact,operating,2,84.0,600.0,0.0,,,,,EAF,579,https://www.gem.wiki/Simec_Cariacica_steel_plant,,,12719.115084837544,
P100000120051,Simec Pindamonhangaba steel plant,GV do Brasil Industria e Comercio de Aço Ltda,Grupo Simec SAB de CV [100.0%],Brazil,Central & South America,São Paulo,-22.921912,-45.413234,exact,operating,2,11.0,500.0,0.0,,,,,EAF,480,https://www.gem.wiki/Simec_Pindamonhangaba_steel_plant,,,13300.839570043498,
P100000120711,Sin Yuan Steel Shymkent steel plant,Sin Yuan Steel LLP,unknown [100.0%]; natural person(s) [87.0%],Kazakhstan,Eurasia,Shymkent,42.272259,69.7261,exact,mothballed,1,6.0,0.0,0.0,,,,,IF,250,https://www.gem.wiki/Sin_Yuan_Steel_Shymkent_steel_plant,,,437.9771682205904,
P100000121176,Sinobras Marabá steel plant,Siderurgica Norte Brasil SA,WMA Participacoes SA [80.0%]; Aço Cearense Industrial Ltda [20.0%],Brazil,Central & South America,Pará,-5.414287,-49.081305,exact,operating,2,19.0,504.0,175.0,,83.0,,,BF; EAF; BOF,1300,https://www.gem.wiki/Sinobras_Marabá_steel_plant,,,13021.147333110484,
P100000120684,Sinosteel Kenya steel plant,Sinosteel Corp Ltd,Sinosteel Corp Ltd [100.0%],Kenya,Africa,unknown,0.461697,37.991283,approximate,cancelled,1,,0.0,0.0,,,,,Iron other/unspecified; Steel other/unspecified,unknown,https://www.gem.wiki/Sinosteel_Kenya_steel_plant,,,4137.698220928267,
P100000120598,Sirjan Iranian Steel Kerman Plant,Iranian Sirjan Steel Co,Mabna Khavar Miyaneh Co; Pars Aryan Investment Co; Pasargad Arzesh Afarinan Co; Rahbord Sarmaye Iranian Co; small shareholder(s); Tejarat Pishegan Mihan Negar Pars Co,Iran,Middle East,Kerman,29.928062,56.736539,exact,operating,2,13.0,1000.0,1000.0,,,,2500.0,DRI; EAF,800,https://www.gem.wiki/Sirjan_Iranian_Steel_Kerman_Plant,,,1288.4390003014223,
P100001044904,SMS Group DRI Plant,SMS Group GmbH,Siemag Weiss GmbH & Co KG,Egypt,Africa,unknown,26.787872,30.572474,approximate,announced,1,,0.0,0.0,,,,,DRI,1000,https://www.gem.wiki/SMS_Group_DRI_Plant,,,3782.841683306883,
P100000120794,SN MAIA Siderurgia Nacional steel plant,SN MAIA Siderurgia Nacional SA,Bipadosa SL,Portugal,Europe,Porto,41.255085,-8.555285,exact,operating,1,52.0,600.0,0.0,,,,,EAF,296,https://www.gem.wiki/SN_MAIA_Siderurgia_Nacional_steel_plant,,,6682.177012238841,
P100000120793,SN SEIXAL Siderurgia Nacional steel plant,SN SEIXAL Siderurgia Nacional SA,Bipadosa SL,Portugal,Europe,Setúbal,38.616023,-9.068527,exact,operating,1,65.0,1100.0,0.0,,,,,EAF,400,https://www.gem.wiki/SN_SEIXAL_Siderurgia_Nacional_steel_plant,,,6864.801957052012,
P100000120765,Sohar Steel plant,Sohar Steel LLC,Templar Investments Ltd,Oman,Middle East,Al Batinah North,24.499869,56.599111,exact,operating,1,18.0,700.0,0.0,,,,,EAF,150,https://www.gem.wiki/Sohar_Steel_plant,,,1179.2597550721664,
P100000120834,Solb Steel Jizan plant,Solb Steel Co,Industries Qatar QPSC [40.4%]; Saudi Pan Kingdom for Trading Industry and Contracting Co Ltd,Saudi Arabia,Middle East,Jizan Region,17.298475,42.352338,exact,operating,1,17.0,1200.0,0.0,,,,,EAF,2000,https://www.gem.wiki/Solb_Steel_Jizan_plant,,,2779.362181423557,
P100000120707,South Korea hydrogen DRI plant,unknown,unknown [100.0%],South Korea,Asia Pacific,unknown,36.647511,128.131064,approximate,announced,1,,0.0,0.0,,,,,DRI,unknown,https://www.gem.wiki/South_Korea_hydrogen_DRI_plant,,,251.41765117119107,
P100000121055,Southern Steel Prai Penang plant,Southern Steel Bhd,Southern Steel Bhd [100.0%],Malaysia,Asia Pacific,Penang,5.399453,100.382177,exact,operating,1,63.0,1400.0,0.0,,,,,EAF,unknown,https://www.gem.wiki/Southern_Steel_Prai_Penang_plant,,,737.8661702174225,
P100000120492,Sovel Almyros steel plant,Sovel SA,Viohalco SA [28.6%],Greece,Europe,Thessaly,39.169632,22.840216,exact,operating,1,25.0,1350.0,0.0,,,,,EAF,576,https://www.gem.wiki/Sovel_Almyros_steel_plant,,,4314.406321258384,
P100000120933,SSAB Americas Alabama steel plant,SSAB Americas Holding AB,SSAB AB [100.0%],United States,North America,Alabama,30.941783,-88.012437,exact,operating,1,25.0,1250.0,0.0,,,,,EAF,700,https://www.gem.wiki/SSAB_Americas_Alabama_steel_plant,,,10057.34046403474,
P100000120934,SSAB Americas Iowa steel plant,SSAB Americas Holding AB,SSAB AB [100.0%],United States,North America,Iowa,41.482009,-90.820921,exact,operating,2,29.0,1200.0,0.0,,,,,EAF,500,https://www.gem.wiki/SSAB_Americas_Iowa_steel_plant,,,8938.799775421714,
P100000120845,SSAB Luleå steel plant,SSAB AB,SSAB AB [100.0%],Sweden,Europe,Norrbotten,65.559719,22.219699,exact,operating,3,85.0,2313.0,2564.0,,,,,DRI; EAF; BF; BOF,1200,https://www.gem.wiki/SSAB_Luleå_steel_plant,,,4045.263633765134,
P100000120844,SSAB Oxelösund steel plant,SSAB AB,SSAB AB [100.0%],Sweden,Europe,Södermanland,58.670789,17.127786,exact,operating pre-retirement,2,113.0,1500.0,1550.0,,,,,EAF; BF; BOF,2400,https://www.gem.wiki/SSAB_Oxelösund_steel_plant,,,4394.314376596219,
P100000120468,SSAB Raahe steel plant,SSAB AB,SSAB AB [100.0%],Finland,Europe,North Ostrobothnia,64.651111,24.418544,exact,operating pre-retirement,2,62.0,2600.0,2600.0,,,,,EAF; BF; BOF,2500,https://www.gem.wiki/SSAB_Raahe_steel_plant,,,3942.039531446453,
P100000120065,Stahl Gerlafingen steel plant,Stahl Gerlafingen AG,Beltrame Holding SpA [79.4%]; unknown [21.6%],Switzerland,Europe,Solothurn,47.171958,7.562287,exact,operating,2,108.0,720.0,0.0,,,,,EAF,540,https://www.gem.wiki/Stahl_Gerlafingen_steel_plant,,,5246.5469180208565,
P100000120025,Star Consortium steel plant,Star Infrastructure Development Corp,Star Infrastructure Development Corp [100.0%],Bangladesh,Asia Pacific,Chittagong,22.774191,91.574601,approximate,cancelled,1,3.0,0.0,0.0,,,,,BF; BOF,unknown,https://www.gem.wiki/Star_Consortium_steel_plant,,,29.932624235765303,
P100000120578,State Company for Iron & Steel Basra plant,State Company for Iron and Steel (Iraq),State Company for Iron and Steel (Iraq) [100.0%],Iraq,Middle East,Basra,30.2471634,47.832418,exact,operating,2,,580.0,0.0,,,,,EAF; DRI,500,https://www.gem.wiki/State_Company_for_Iron_&_Steel_Basra_plant,,,2134.5982410127135,
P100000120829,StavStal Metallurgical Plant,StavStal' LLC,StavStal' LLC [100.0%],Russia,Eurasia,Stavropol Krai,44.688323,41.927331,exact,operating,1,10.0,500.0,0.0,,,,,EAF,1000,https://www.gem.wiki/StavStal_Metallurgical_Plant,,,2667.315122916048,
P100000120957,Steel Dynamics Butler plant,Steel Dynamics Inc,Steel Dynamics Inc [100.0%],United States,North America,Indiana,41.37064,-84.917454,exact,operating,1,30.0,3000.0,260.0,,,,,DRI; EAF,3150,https://www.gem.wiki/Steel_Dynamics_Butler_plant,,,9113.386107630768,
P100000120958,Steel Dynamics Columbia City plant,Steel Dynamics Inc,Steel Dynamics Inc [100.0%],United States,North America,Indiana,41.121613,-85.348602,exact,operating,1,24.0,2000.0,0.0,,,,,EAF,3150,https://www.gem.wiki/Steel_Dynamics_Columbia_City_plant,,,9128.809268951514,
P100000120959,Steel Dynamics Columbus plant,Steel Dynamics Inc,Steel Dynamics Inc [100.0%],United States,North America,Mississippi,33.44758,-88.572683,exact,operating,1,19.0,3400.0,0.0,,,,,EAF,700,https://www.gem.wiki/Steel_Dynamics_Columbus_plant,,,9799.225583110834,
P100000120973,Steel Dynamics Engineered Bar Products steel plant,Steel Dynamics Inc,Steel Dynamics Inc [100.0%],United States,North America,Indiana,39.875508,-86.484214,exact,operating,1,22.0,950.0,0.0,,,,,EAF,3015,https://www.gem.wiki/Steel_Dynamics_Engineered_Bar_Products_steel_plant,,,9230.676923630068,
P100000120972,Steel Dynamics Roanoke steel plant,Steel Dynamics Inc,Steel Dynamics Inc [100.0%],United States,North America,Virginia,37.272927,-79.998828,exact,operating,1,71.0,590.0,0.0,,,,,EAF,3150,https://www.gem.wiki/Steel_Dynamics_Roanoke_steel_plant,,,9664.329348656682,
P100000120960,Steel Dynamics Sinton plant,Steel Dynamics Inc,Steel Dynamics Inc [100.0%],United States,North America,Texas,28.05182,-97.48804,exact,operating,1,4.0,2722.0,0.0,,,,,EAF,700,https://www.gem.wiki/Steel_Dynamics_Sinton_plant,,,9756.174863961829,
P100000120772,SteelAsia Calaca steel plant,SteelAsia Manufacturing Corp,SteelAsia Manufacturing Corp [100.0%],Philippines,Asia Pacific,Southern Luzon,13.922346,120.823796,exact,operating,1,27.0,500.0,0.0,,,,,EAF,800,https://www.gem.wiki/SteelAsia_Calaca_steel_plant,,,1104.9847217668198,
P100001054284,SteelAsia Candelaria steel plant,SteelAsia Manufacturing Corp,SteelAsia Manufacturing Corp [100.0%],Philippines,Asia Pacific,Quezon,13.9077156,121.4294936,approximate,construction,1,,0.0,0.0,,,,,EAF,1500,https://www.gem.wiki/SteelAsia_Candelaria_steel_plant,,,1134.4730261042323,
P100000120773,SteelAsia Compostela steel plant,SteelAsia Manufacturing Corp,SteelAsia Manufacturing Corp [100.0%],Philippines,Asia Pacific,Cebu,10.45078,124.006424,exact,operating,1,3.0,1000.0,0.0,,,,,EAF,3000,https://www.gem.wiki/SteelAsia_Compostela_steel_plant,,,1539.0991748249887,
P100000120770,SteelAsia Concepcion steel plant,SteelAsia Manufacturing Corp,SteelAsia Manufacturing Corp [100.0%],Philippines,Asia Pacific,Luzon,15.325307,120.655361,approximate,construction,1,,0.0,0.0,,,,,EAF,1000,https://www.gem.wiki/SteelAsia_Concepcion_steel_plant,,,956.2225136291565,
P100001062172,SteelAsia Davao steel plant,SteelAsia Manufacturing Corp,SteelAsia Manufacturing Corp [100.0%],Philippines,Asia Pacific,Davao del Sur,7.236242,125.630933,exact,operating,1,12.0,600.0,0.0,,,,,EAF,unknown,https://www.gem.wiki/SteelAsia_Davao_steel_plant,,,1905.6780637466525,
P100000120776,SteelAsia Lemery steel plant,SteelAsia Manufacturing Corp,SteelAsia Manufacturing Corp [100.0%],Philippines,Asia Pacific,Batangas,13.916094,120.886414,approximate,construction,2,1.0,0.0,0.0,,,,,EAF,600,https://www.gem.wiki/SteelAsia_Lemery_steel_plant,,,1108.3795834197856,
P100000120850,Stegra Boden steel plant,Stegra AB,BNP Paribas SA; European Investment Bank; ING Groep NV; Kreditanstalt für Wiederaufbau; small shareholder(s); Société Générale SA,Sweden,Europe,Norrbotten,65.805389,21.75914,approximate,construction,2,,0.0,0.0,,,,,DRI; EAF,1500,https://www.gem.wiki/Stegra_Boden_steel_plant,,,4066.234752786336,
P100000121222,Stegra Spain steel plant,Stegra AB,BNP Paribas SA; European Investment Bank; ING Groep NV; Kreditanstalt für Wiederaufbau; small shareholder(s); Société Générale SA,Spain,Europe,unknown,40.4637,-3.7492,approximate,announced,1,0.0,0.0,0.0,,,,,DRI,unknown,https://www.gem.wiki/Stegra_Spain_steel_plant,,,6366.133428957295,
P100000120031,Stomana Industry Pernik steel plant,Stomana Industry AD,Viohalco SA [100.0%],Bulgaria,Europe,Pernik,42.595629,23.093095,exact,operating,1,68.0,1400.0,0.0,,,,,EAF,1200,https://www.gem.wiki/Stomana_Industry_Pernik_steel_plant,,,4196.36414537787,
P100000120449,Suez Steel Solb Misr Attaka plant,Suez Steel Company SAE,LITAT Holding Co Ltd,Egypt,Africa,Suez,29.927875,32.437744,exact,operating,1,26.0,2080.0,1950.0,,,,5000.0,DRI; EAF,1500,https://www.gem.wiki/Suez_Steel_Solb_Misr_Attaka_plant,,,3595.5281044228877,
P100000120032,Sulb Bahrain Al Hidd steel plant,Sulb Company BSCC,Yamato Kogyo Co Ltd [49.0%]; Gulf Investment Corp [25.5%]; Industries Qatar QPSC [12.8%]; Gulf Cables & Electrical Industries Co KSC [5.1%]; National Industries Group Holding KSCP [5.1%]; Kuwait Foundry Company KSCP [2.6%],Bahrain,Middle East,Muharraq,26.198152,50.679893,exact,operating,1,14.0,1300.0,1700.0,,,,12000.0,DRI; EAF,unknown,https://www.gem.wiki/Sulb_Bahrain_Al_Hidd_steel_plant,,,1783.3001486547587,
P100000120764,Sun Metals Sur steel plant,Sun Metal Casting LLC,Sun Metal Casting LLC [100.0%],Oman,Middle East,Ash Sharqiyah South,22.632992,59.416971,approximate,cancelled,1,12.0,0.0,0.0,,,,,EAF,unknown,https://www.gem.wiki/Sun_Metals_Sur_steel_plant,,,905.5712967934151,
P100000120575,Sunflag Iron and Steel plant,Sunflag Iron and Steel Co Ltd,Sunflag Iron and Steel Co Ltd [100.0%],India,Asia Pacific,Maharashtra,21.232929,79.632398,exact,operating,2,37.0,525.0,562.0,,364.0,,,BF; DRI; EAF; IF; Steel other/unspecified,2691,https://www.gem.wiki/Sunflag_Iron_and_Steel_plant,158719364.06818208,0.9759432278106024,2.8403870027206066,India
P100001025670,Surjagad Ispat Gadchiroli steel plant,Surjagad Ispat Pvt Ltd,Surjagad Ispat Pvt Ltd [100.0%],India,Asia Pacific,Maharashtra,19.487201,79.968551,approximate,announced,1,0.0,0.0,0.0,,,,1200.0,DRI; IF; Steel other/unspecified,unknown,https://www.gem.wiki/Surjagad_Ispat_Gadchiroli_steel_plant,1744300.2223284245,0.025462142925987027,3.3839473411769085,India
P100000121193,Swadesh Metallics Simga steel plant,Swadesh Metallics Pvt Ltd,Swadesh Metallics Pvt Ltd [100.0%],India,Asia Pacific,Chhattisgarh,21.625706,81.705254,approximate,announced,1,,0.0,0.0,,400.0,,600.0,BF; DRI; IF,1900,https://www.gem.wiki/Swadesh_Metallics_Simga_steel_plant,194558399.93739942,3.401386022002053,0.32784290373443403,India
P100000121227,Swiss Steel Emmenbrücke plant,Swiss Steel Holding AG,Swiss Steel Holding AG [100.0%],Switzerland,Europe,Lucerne,47.308055,7.873594,exact,operating,1,27.0,650.0,0.0,,,,,EAF,490,https://www.gem.wiki/Swiss_Steel_Emmenbrücke_plant,,,5219.69992566605,
P100001063500,Taishan Baofeng Iron & Steel Co Ltd,Taishan Baofeng Iron & Steel Co Ltd,Taishan Baofeng Iron & Steel Co Ltd [100.0%],China,Asia Pacific,Guangdong,22.425677,112.788855,exact,operating,1,23.0,520.0,0.0,,,,,EAF,450,https://www.gem.wiki/Taishan_Baofeng_Iron_&_Steel_Co_Ltd,4190029623.921236,34.670892691775,3.642697764044015,China
P100000120147,Tangshan Chunxing Special Steel Co Ltd,Tangshan Chunxing Special Steel Co Ltd,Tangshan Donghua Iron & Steel Enterprise Group Co Ltd [84.2%]; natural person(s) [15.8%],China,Asia Pacific,Hebei,39.676326,118.427914,exact,operating pre-retirement,1,23.5,2400.0,1820.0,,,,,BF; BOF,3,https://www.gem.wiki/Tangshan_Chunxing_Special_Steel_Co_Ltd,1872854078.2187674,77.04766330735693,4.409221771057957,China
P100000120122,Tangshan Delong Iron and Steel Co Ltd,Tangshan DELONG Steel Co Ltd,Qian'an City Jiujiang Wire Co Ltd [51.0%]; British Asia Pan Ruogen International Co Ltd [49.0%],China,Asia Pacific,Hebei,39.19256,118.899533,exact,retired,1,23.67,0.0,0.0,,,,,BF; BOF,13,https://www.gem.wiki/Tangshan_Delong_Iron_and_Steel_Co_Ltd,218136816.73348233,2.411357942052931,2.746849086760529,China
P100000120146,Tangshan Donghai Iron and Steel Group Co Ltd,Tangshan Donghai Iron and Steel Group Co Ltd,Tangshan Donghai Iron and Steel Group Co Ltd [100.0%],China,Asia Pacific,Hebei,39.748373,118.624794,exact,operating,3,23.0,5499.0,6412.0,,,,1200.0,BF; BOF,4318,https://www.gem.wiki/Tangshan_Donghai_Iron_and_Steel_Group_Co_Ltd,770999040.1643324,18.565892621792383,4.45224302183057,China
P100000120108,Tangshan Donghua Iron and Steel Enterprise Group Co Ltd,Tangshan Donghua Iron & Steel Enterprise Group Co Ltd,Tangshan Donghua Iron & Steel Enterprise Group Co Ltd [100.0%],China,Asia Pacific,Hebei,39.468366,118.256774,exact,operating,4,17.0,4750.0,8788.0,,,,,BF; BOF; EAF,7443,https://www.gem.wiki/Tangshan_Donghua_Iron_and_Steel_Enterprise_Group_Co_Ltd,438464931.03294915,60.493658041774545,3.1963907238723954,China
P100000120128,Tangshan Fengnan District Jing an Iron and Steel Co Ltd,Tangshan Fengnan District Jing'an Iron and Steel Co Ltd,Tangshan Fengnan District Jing'an Iron and Steel Co Ltd [100.0%],China,Asia Pacific,Hebei,39.600956,118.358726,exact,operating,3,24.0,4125.0,3500.0,,6000.0,1100.0,1200.0,BF; BOF,2647,https://www.gem.wiki/Tangshan_Fengnan_District_Jing_an_Iron_and_Steel_Co_Ltd,1597397963.2435653,76.90880842080975,3.015187061621278,China
P100000120143,Tangshan Fengnan Kaiheng Iron and Steel Co Ltd,Tangshan Fengnan Kaiheng Iron & Steel Co Ltd,Tangshan Fengnan Kaiheng Iron & Steel Co Ltd [100.0%],China,Asia Pacific,Hebei,39.4632,118.247191,exact,retired,1,21.0,0.0,0.0,,,,,BF; BOF,2395,https://www.gem.wiki/Tangshan_Fengnan_Kaiheng_Iron_and_Steel_Co_Ltd,307330756.7732362,63.438670219208504,3.3795054699883176,China
P100000120118,Tangshan Ganglu Iron and Steel Co Ltd,Tangshan Ganglu Iron & Steel Co Ltd,Guotao Co Ltd (Hong Kong) [76.3%]; Yushan (Beijing) Metallurgical Investment Co Ltd [23.7%],China,Asia Pacific,Hebei,40.183913,118.073913,exact,operating,4,24.0,5614.0,6002.0,,4956.0,,1495.0,BF; BOF,6186,https://www.gem.wiki/Tangshan_Ganglu_Iron_and_Steel_Co_Ltd,392661136.5966965,7.74048153667938,3.8567812049022265,China
P100000120379,Tangshan Guotang Steel Co Ltd,Tangshan Guotang Steel Co Ltd,Guotao Co Ltd (Hong Kong) [61.0%]; Tangshan GUOYI SPECIAL Steel Co Ltd [20.0%]; Yushan (Beijing) Metallurgical Investment Co Ltd [19.0%],China,Asia Pacific,Hebei,39.293147,119.046972,exact,operating,1,4.0,3000.0,2660.0,,4750.0,1760.0,1200.0,BF; BOF,3639,https://www.gem.wiki/Tangshan_Guotang_Steel_Co_Ltd,658638310.9064554,4.379968618261547,0.48532452535640563,China
P100000120144,Tangshan Guoyi Special Type Iron and Steel Co Ltd,Tangshan GUOYI SPECIAL Steel Co Ltd,Tangshan GUOYI SPECIAL Steel Co Ltd [100.0%],China,Asia Pacific,Hebei,39.659153,118.411488,exact,retired,1,16.0,0.0,0.0,,,,,BF; BOF,unknown,https://www.gem.wiki/Tangshan_Guoyi_Special_Type_Iron_and_Steel_Co_Ltd,1597397963.2435653,77.04766330735693,4.917646608603257,China
P100000120101,Tangshan Iron and Steel Group Co Ltd,TANG Shan Iron and Steel Group Co Ltd,HBIS Group Co Ltd [100.0%],China,Asia Pacific,Hebei,39.648587,118.212487,exact,retired,1,77.0,0.0,0.0,,,,,BF; BOF,3362,https://www.gem.wiki/Tangshan_Iron_and_Steel_Group_Co_Ltd,39795139194.13621,147.77045350034737,2.6467630403139695,China
P100000121159,Tangshan Iron and Steel Kim Chaek plant,Tanshan Iron and Steel,Tanshan Iron and Steel [100.0%],North Korea,Asia Pacific,North Hamgyeong,40.67524,129.201745,approximate,cancelled,1,,0.0,0.0,,,,,Iron other/unspecified; Steel other/unspecified,unknown,https://www.gem.wiki/Tangshan_Iron_and_Steel_Kim_Chaek_plant,,,120.48970464055368,
P100000120124,Tangshan Jianlong Special Steel Co Ltd,Tangshan Jianlong Steel SPECIAL Steel Co Ltd,Beijing Jianlong Investment Co Ltd [90.2%]; unknown [9.8%],China,Asia Pacific,Hebei,40.167686,117.964004,exact,retired,1,20.0,0.0,0.0,,,,,BF; BOF,3221,https://www.gem.wiki/Tangshan_Jianlong_Special_Steel_Co_Ltd,3405149508.8777,5.964064788571842,4.545372872934065,China
P100000120141,Tangshan Jinma Steel Group Co Ltd,Tangshan Jinma Iron & Steel Group Co Ltd,Tangshan Jinma Iron & Steel Group Co Ltd [100.0%],China,Asia Pacific,Hebei,39.700499,118.456775,exact,retired,1,12.0,0.0,0.0,,,,,BF; BOF,3600,https://www.gem.wiki/Tangshan_Jinma_Steel_Group_Co_Ltd,1872854078.2187674,24.904472955347863,0.8812791899898501,China
P100000120127,Tangshan Medium Thick Plate Co Ltd,Tangshan Heavy Plate Co Ltd,HBIS Co Ltd [51.0%]; Cambodia Rongfeng Investment Co Ltd [25.1%]; Hebei Wenfeng Industrial Group Co Ltd [23.9%],China,Asia Pacific,Hebei,39.268452,119.024819,exact,operating,1,20.0,4200.0,4260.0,,,,,BF; BOF,2597,https://www.gem.wiki/Tangshan_Medium_Thick_Plate_Co_Ltd,658638310.9064554,3.968478459784607,2.960775854853846,China
P100000120109,Tangshan Ruifeng Iron and Steel Group Co Ltd,Tangshan RUIFENG Steel and Iron (GROUP) Co Ltd,Tangshan RUIFENG Steel and Iron (GROUP) Co Ltd [100.0%],China,Asia Pacific,Hebei,39.497472,118.272056,exact,operating,1,24.0,4500.0,4561.0,,9300.0,,,BF; BOF,5926,https://www.gem.wiki/Tangshan_Ruifeng_Iron_and_Steel_Group_Co_Ltd,438464931.03294915,99.0890715620465,4.666161969689407,China
P100001063916,Tangshan Shoutang Baosheng Functional Materials Co Ltd,Tangshan Shoutang Baosheng Functional Materials Co Ltd,Tangshan Shoutang Baosheng Functional Materials Co Ltd [100.0%],China,Asia Pacific,Hebei,39.751793,118.490004,exact,operating,1,19.19,860.0,0.0,,,,,EAF,1525,https://www.gem.wiki/Tangshan_Shoutang_Baosheng_Functional_Materials_Co_Ltd,1356006637.3997142,28.46998145857714,5.194654076802676,China
P100000120112,Tangshan Songting Iron and Steel Co Ltd,Tangshan Songting IRON&STEEL Co Ltd,Tangshan Songting IRON&STEEL Co Ltd [100.0%],China,Asia Pacific,Hebei,39.938866,118.576678,exact,operating,2,57.0,5000.0,5970.0,,,,,BF; BOF,4059,https://www.gem.wiki/Tangshan_Songting_Iron_and_Steel_Co_Ltd,1205952791.2560177,23.174290209211513,3.6868868945024347,China
P100000121141,Tangshan Stainless Steel Co Ltd,Tangshan Stainless Steel Co Ltd,HBIS Group Co Ltd [68.9%]; Metallurgical Corporation of China Ltd [23.9%]; unknown [7.2%],China,Asia Pacific,Hebei,39.160401,118.429806,approximate,cancelled,1,,0.0,0.0,,,,,BF; BOF,unknown,https://www.gem.wiki/Tangshan_Stainless_Steel_Co_Ltd,146526011.7107865,4.668990833378107,4.641974110497238,China
P100000120126,Tangshan Stainless Steel Co Ltd Guye District,Tangshan Stainless Steel Co Ltd,HBIS Group Co Ltd [68.9%]; Metallurgical Corporation of China Ltd [23.9%]; unknown [7.2%],China,Asia Pacific,Hebei,39.730795,118.467608,exact,retired,1,23.0,0.0,0.0,,,,,BF; BOF,803,https://www.gem.wiki/Tangshan_Stainless_Steel_Co_Ltd_Guye_District,1872854078.2187674,25.52004889845232,2.6205678957273304,China
P100000120148,Tangshan Wenfeng Special Steel Co Ltd,Tangshan Wenfeng Special Steel Co Ltd,Cambodia Rongfeng Investment Co Ltd [62.5%]; Hebei Wenfeng Industrial Group Co Ltd [36.4%]; unknown [1.2%],China,Asia Pacific,Hebei,39.146541,118.432261,exact,operating,1,18.47,2000.0,2000.0,,,,,BF; BOF; EAF,4072,https://www.gem.wiki/Tangshan_Wenfeng_Special_Steel_Co_Ltd,146526011.7107865,3.581550804034431,3.285404898772473,China
P100000120139,Tangshan Xinbaotai Iron and Steel Co Ltd,Tangshan Xinbaotai Iron & Steel Co Ltd,Beijing Jianlong Investment Co Ltd [43.3%]; Guotao Co Ltd (Hong Kong) [38.9%]; Yushan (Beijing) Metallurgical Investment Co Ltd [12.1%]; unknown [5.7%],China,Asia Pacific,Hebei,39.861425,118.03667,exact,retired,1,19.0,0.0,0.0,,,,,BF; BOF,28,https://www.gem.wiki/Tangshan_Xinbaotai_Iron_and_Steel_Co_Ltd,597616844.3023248,29.331056720195328,1.5685510573232346,China
P100000120140,Tangshan Xinglong Iron and Steel Co Ltd,Tangshan Xinglong Steel Co Ltd,Tangshan Xinglong Steel Co Ltd [100.0%],China,Asia Pacific,Hebei,39.847612,118.348448,exact,operating,3,25.0,825.0,0.0,,,,,EAF; BOF; BF,9,https://www.gem.wiki/Tangshan_Xinglong_Iron_and_Steel_Co_Ltd,178134743.02966222,40.263706137834184,3.7961279400539976,China
P100000120341,Tangshan Yutian Jinzhou Industrial Co Ltd,Tangshan Yutian Jinzhou Industry Co Ltd,British Asia Pan Ruogen International Co Ltd [60.0%]; Tangshan Fengrun Jinruicheng Iron and Steel Co Ltd [40.0%],China,Asia Pacific,Hebei,39.967373,117.857659,exact,operating,1,15.0,700.0,0.0,,,,,EAF,1150,https://www.gem.wiki/Tangshan_Yutian_Jinzhou_Industrial_Co_Ltd,74159309.89730716,10.0494788683104,1.7873409199466188,China
P100000120342,Tangshan Zhengfeng Steel Co Ltd,Tangshan Zhengfeng Steel Co Ltd,Tangshan Zhengfeng Steel Co Ltd [100.0%],China,Asia Pacific,Hebei,39.85271,118.181279,exact,operating,1,22.0,2439.0,0.0,,,,,EAF,2029,https://www.gem.wiki/Tangshan_Zhengfeng_Steel_Co_Ltd,2256673828.2882605,47.456933823496875,3.387476881958974,China
P100000120546,Tata Metaliks Kharagpur steel plant,Tata Metaliks Ltd,Tata Metaliks Ltd [100.0%],India,Asia Pacific,West Bengal,22.385611,87.287179,exact,operating,1,36.0,0.0,600.0,,,233.0,,BF,1453,https://www.gem.wiki/Tata_Metaliks_Kharagpur_steel_plant,2985882028.961829,13.461799303000394,1.2669044372877256,India
P100000120862,Tata Steel Chonburi steel plant,Tata Steel (Thailand) PCL,Tata Steel (Thailand) PCL [100.0%],Thailand,Asia Pacific,Chonburi,13.052398,101.086795,exact,operating,1,38.0,800.0,0.0,,,,,EAF,367,https://www.gem.wiki/Tata_Steel_Chonburi_steel_plant,,,871.3245880877286,
P100000120535,Tata Steel Gamharia steel plant,Tata Steel Ltd,Tata Steel Ltd [100.0%],India,Asia Pacific,Jharkhand,22.812895,86.084022,exact,operating,1,55.0,1200.0,1295.0,,1000.0,500.0,1200.0,BF; DRI; EAF,2287,https://www.gem.wiki/Tata_Steel_Gamharia_steel_plant,1938665923.5311012,13.805656327385122,4.818255357981843,India
P100000120758,Tata Steel IJmuiden steel plant,Tata Steel Ijmuiden BV,Tata Steel Ltd,Netherlands,Europe,North Holland,52.484118,4.615584,exact,operating pre-retirement,2,108.0,7500.0,6500.0,,4800.0,1800.0,4800.0,DRI; EAF; BF; BOF,12299,https://www.gem.wiki/Tata_Steel_IJmuiden_steel_plant,,,5294.377986569145,
P100000120529,Tata Steel Jamshedpur steel plant,Tata Steel Ltd,Tata Steel Ltd [100.0%],India,Asia Pacific,Jharkhand,22.788598,86.1996,exact,operating,2,114.0,11000.0,11045.0,,9000.0,3400.0,8000.0,BF; BOF,32364,https://www.gem.wiki/Tata_Steel_Jamshedpur_steel_plant,4812182514.970916,19.397840969396754,0.9581085239647522,India
P100000120852,Tata Steel Jurong steel plant,Tata Steel Ltd,Tata Steel Ltd [100.0%],Singapore,Asia Pacific,Jurong,1.306741,103.7003,exact,operating,1,65.0,750.0,0.0,,,,,EAF,1000,https://www.gem.wiki/Tata_Steel_Jurong_steel_plant,,,1252.968636338148,
P100000120530,Tata Steel Kalinganagar steel plant,Tata Steel Ltd,Tata Steel Ltd [100.0%],India,Asia Pacific,Odisha,20.970411,86.015211,exact,operating,1,10.0,8000.0,6500.0,,,,,BF; BOF,3611,https://www.gem.wiki/Tata_Steel_Kalinganagar_steel_plant,864289310.3874147,5.162275389384982,3.0577125125369102,India
P100000120576,Tata Steel Ludhiana steel plant,Tata Steel Ltd,Tata Steel Ltd [100.0%],India,Asia Pacific,Punjab,30.946888,75.987521,exact,construction,1,,0.0,0.0,,,,,EAF,500,https://www.gem.wiki/Tata_Steel_Ludhiana_steel_plant,1625924942.994734,18.156538044216305,3.0604948858393457,India
P100000120511,Tata Steel Meramandali steel plant,Tata Steel Ltd,Tata Steel Ltd [100.0%],India,Asia Pacific,Odisha,20.796053,85.260382,exact,operating,2,19.0,5510.0,7200.0,,8587.0,2100.0,,BF; BOF; DRI; EAF; IF; Steel other/unspecified,1425,https://www.gem.wiki/Tata_Steel_Meramandali_steel_plant,523384374.02003706,5.991352412764128,3.2884783038392214,India
P100000120482,Tata Steel Port Talbot steel plant,Tata Steel UK Ltd,Tata Steel Ltd [100.0%],United Kingdom,Europe,Wales,51.577368,-3.783013,exact,construction,2,121.0,0.0,0.0,,,,,EAF; BF; BOF,2000,https://www.gem.wiki/Tata_Steel_Port_Talbot_steel_plant,,,5872.9294343694755,
P100000120863,Tata Steel Rayong steel plant,Tata Steel (Thailand) PCL,Tata Steel (Thailand) PCL [100.0%],Thailand,Asia Pacific,Rayong,12.677582,101.149401,exact,operating,1,37.0,550.0,0.0,,,,,EAF,367,https://www.gem.wiki/Tata_Steel_Rayong_steel_plant,,,880.1486255555477,
P100000121002,Tebinbulak mining and smelting complex,Triangul Metals Tebinbulak JSC,Triangul Metals Tebinbulak JSC [100.0%],Uzbekistan,Eurasia,Republic of Karakalpakstan,42.1780016,60.4038997,approximate,construction,1,,0.0,0.0,,,,5000.0,DRI,5000,https://www.gem.wiki/Tebinbulak_mining_and_smelting_complex,,,1157.8978009408443,
P100001063272,TEDA Delong Saudi Arabia steel plant,Tianjin Teda Investment Holdings Co Ltd; DELONG Steel Ltd,British Asia Pan Ruogen International Co Ltd [100.0%]; Tianjin Teda Investment Holdings Co Ltd [100.0%],Saudi Arabia,Middle East,unknown,25.0,45.0,approximate,announced,1,,0.0,0.0,,,,,EAF,unknown,https://www.gem.wiki/TEDA_Delong_Saudi_Arabia_steel_plant,,,2349.9412417409685,
P100000120918,Tembo Steels Iganga plant,Tembo Steels Uganda Ltd,Tembo Steels Uganda Ltd [100.0%],Uganda,Africa,Busoga,0.611975,33.457629,exact,operating,1,4.0,600.0,600.0,,,,,DRI; EAF,3000,https://www.gem.wiki/Tembo_Steels_Iganga_plant,,,4534.028770022332,
P100000120625,Tenaris Dalmine steel plant,Dalmine SpA,Tenaris SA [100.0%],Italy,Europe,Province of Bergamo,45.641516,9.600242,exact,operating,1,117.0,700.0,0.0,,,,,EAF,600,https://www.gem.wiki/Tenaris_Dalmine_steel_plant,,,5146.486032430493,
P100000121242,Tenaris Silcotub Calarasi steel mill,S.C. Silcotub SA,Tenaris SA [100.0%],Romania,Europe,Județul Călărași,44.217275,27.29968,exact,operating,1,22.0,535.0,0.0,,,,,EAF,908,https://www.gem.wiki/Tenaris_Silcotub_Calarasi_steel_mill,,,3827.191810317245,
P100000120731,Tenaris TAMSA Veracruz steel plant,Tubos de Acero de Mexico SA,Tenaris SA [100.0%],Mexico,North America,Veracruz,19.182499,-96.237284,exact,operating,1,72.0,1230.0,0.0,,,,,EAF,7500,https://www.gem.wiki/Tenaris_TAMSA_Veracruz_steel_plant,,,10599.839407394413,
P100000120007,TenarisSiderca Campana steel plant,Siderca SAIC,Tenaris SA [100.0%],Argentina,Central & South America,Buenos Aires,-34.152554,-58.977388,exact,operating,2,65.57,1720.0,960.0,,,,,DRI; EAF,2993,https://www.gem.wiki/TenarisSiderca_Campana_steel_plant,,,14690.346388942336,
P100000120734,Ternium Apodaca steel plant,Ternium México SA de CV,unknown [10.8%]; Ternium Argentina SA; Ternium SA,Mexico,North America,Nuevo León,25.742085,-100.236478,exact,operating,1,33.0,600.0,0.0,,,,,EAF,251,https://www.gem.wiki/Ternium_Apodaca_steel_plant,,,9776.845623442508,
P100000120038,Ternium Brasil Santa Cruz steel plant,Ternium Brasil Ltda,Ternium SA [100.0%],Brazil,Central & South America,Rio de Janeiro,-22.912549,-43.741614,exact,operating,1,16.0,5200.0,5300.0,,5700.0,1800.0,,BF; BOF,8000,https://www.gem.wiki/Ternium_Brasil_Santa_Cruz_steel_plant,,,13135.422701239379,
P100000120729,Ternium Guerrero San Nicolás de los Garza steel plant,Ternium México SA de CV,unknown [10.8%]; Ternium Argentina SA; Ternium SA,Mexico,North America,Nuevo León,25.720327,-100.301175,exact,operating,1,83.0,2400.0,1730.0,,,,,DRI; EAF,unknown,https://www.gem.wiki/Ternium_Guerrero_San_Nicolás_de_los_Garza_steel_plant,,,9774.453902345358,
P100000121053,Ternium Pesquería steel plant,Ternium México SA de CV,unknown [10.8%]; Ternium Argentina SA; Ternium SA,Mexico,North America,Nuevo León,25.743837,-99.965278,exact,construction,1,0.0,0.0,0.0,,,,,DRI; EAF,unknown,https://www.gem.wiki/Ternium_Pesquería_steel_plant,,,9794.385909092627,
P100000120728,Ternium Puebla steel plant,Ternium México SA de CV,unknown [10.8%]; Ternium Argentina SA; Ternium SA,Mexico,North America,Puebla,19.169532,-98.318659,exact,operating,1,57.0,1330.0,930.0,,,,,DRI; EAF,575,https://www.gem.wiki/Ternium_Puebla_steel_plant,,,10461.60710044553,
P100000120008,Ternium Siderar San Nicolás steel plant,Ternium Argentina SA,Ternium Argentina SA [100.0%],Argentina,Central & South America,Buenos Aires,-33.37365,-60.138697,exact,operating,1,66.0,3501.0,4015.0,,1480.0,1040.0,,BF; BOF,2074,https://www.gem.wiki/Ternium_Siderar_San_Nicolás_steel_plant,,,14822.293513166913,
P100000120752,Tete Steel Maputo plant,Baobab Steel Ltd,Baobab Steel Ltd [100.0%],Mozambique,Africa,Tete,-15.724345,33.762664,exact,construction,1,,0.0,0.0,2500.0,1180.0,,,DRI; EAF,2580,https://www.gem.wiki/Tete_Steel_Maputo_plant,,,5454.950355176677,
P100000121025,Thai Nguyen Iron and Steel plant,Thai Nguyen Iron And Steel JSC,Thai Nguyen Iron And Steel JSC [100.0%],Vietnam,Asia Pacific,Thai Nguyen,21.557484,105.8728,exact,operating,2,63.0,300.0,300.0,,981.0,130.0,,BF; EAF; BOF,unknown,https://www.gem.wiki/Thai_Nguyen_Iron_and_Steel_plant,,,101.68504522561564,
P100000120030,Thy Marcinelle Charleroi steel plant,Thy-Marcinelle SA,Riva Forni Elettrici SpA,Belgium,Europe,Wallonie,50.410335,4.429693,exact,operating,1,37.0,800.0,0.0,,,,,EAF,445,https://www.gem.wiki/Thy_Marcinelle_Charleroi_steel_plant,,,5366.163077634753,
P100000120421,ThyssenKrupp Steel Duisburg steel plant,Thyssenkrupp Steel Europe AG,thyssenkrupp AG [80.0%]; EP Investment S.à r.l. [17.9%]; Tiliacordata Limited [2.1%],Germany,Europe,North Rhine-Westphalia,51.491649,6.733051,exact,operating pre-retirement,2,135.0,9000.0,11400.0,,12000.0,2500.0,,DRI; BF; BOF,26303,https://www.gem.wiki/ThyssenKrupp_Steel_Duisburg_steel_plant,,,5179.714586502842,
P100000120281,Tianjin Iron and Steel Group Co Ltd,Tianjin Iron and Steel Group Co Ltd,British Asia Pan Ruogen International Co Ltd [59.2%]; unknown [40.8%],China,Asia Pacific,Tianjin,39.031083,117.499246,exact,operating,1,91.0,6650.0,5500.0,,7660.0,1200.0,,BF; BOF; EAF,6581,https://www.gem.wiki/Tianjin_Iron_and_Steel_Group_Co_Ltd,7120436820.791538,284.75644354276596,3.7244555780154522,China
P100000120280,Tianjin Iron Plant,Tianjin Iron PLANT Co Ltd,British Asia Pan Ruogen International Co Ltd [59.2%]; unknown [40.8%],China,Asia Pacific,Hebei,36.58967,113.745792,exact,operating,3,57.0,4870.0,3770.0,,7660.0,1200.0,1250.0,BF; BOF,7487,https://www.gem.wiki/Tianjin_Iron_Plant,1279452525.6709294,4.764829886037725,5.1587622675281635,China
P100000120287,Tianjin Metallurgy Group Zhasan Steel Co Ltd,Tianjin Metallurgy Group Zhasan Steel Co Ltd,British Asia Pan Ruogen International Co Ltd [59.2%]; unknown [40.8%],China,Asia Pacific,Tianjin,38.825269,117.08849,approximate,retired,1,11.3,0.0,0.0,,,,,BF; BOF,unknown,https://www.gem.wiki/Tianjin_Metallurgy_Group_Zhasan_Steel_Co_Ltd,805190129.0529438,30.780078349647543,4.89577649415583,China
P100000120284,Tianjin New Tiangang United Special Steel Co Ltd,Tianjin Tiangang UNITED SPECIAL Steel Co Ltd,British Asia Pan Ruogen International Co Ltd [59.2%]; unknown [40.8%],China,Asia Pacific,Tianjin,39.300258,117.800231,exact,operating,2,16.66,4500.0,4471.0,,4947.0,,849.0,BF; BOF,5619,https://www.gem.wiki/Tianjin_New_Tiangang_United_Special_Steel_Co_Ltd,10311114379.091043,38.489007634859476,1.2065482311065243,China
P100000120282,Tianjin Pipe Corporation,Tianjin Pipe Corp,Citic Pacific Special Steel Group Co Ltd [51.0%]; Tianjin Ngs Hongda General Co [12.0%]; The China Orient Asset Management Co Ltd [9.6%]; Far East Horizon [8.9%]; Tianjin Jincheng State-Owned Capital Investment and Operations Co Ltd [8.6%]; Tianjin Guoxing Capital Operation Co Ltd [3.2%]; unknown [2.4%]; Tianjin Dongjiang Free Trade Port Area Management Committee [2.4%]; Tianjin Teda Investment Holdings Co Ltd [1.6%]; Tianjin Jinzhi State-owned Capital Investment and Operation Co Ltd [0.0%]; Tianjin STATE-OWNED CAPITAL Investment and Management Co Ltd [0.0%]; Tianjin Guoheng Investment Holding Co Ltd [0.0%]; Tianjin Port (Group) Co Ltd [0.0%],China,Asia Pacific,Tianjin,39.034002,117.486798,exact,operating,1,15.2,3000.0,1300.0,,1032.0,,,BF; DRI; EAF,6450,https://www.gem.wiki/Tianjin_Pipe_Corporation,7120436820.791538,374.3082504376564,2.601988341378262,China
P100000120283,Tianjin Rockcheck Steel Group Co Ltd,Rockcheck Steel Group Co Ltd,Tianjin Rongcheng Xiangtai Investment Holdings Co Ltd [77.8%]; natural person(s) [17.9%]; unknown [4.2%],China,Asia Pacific,Tianjin,38.970638,117.495794,exact,operating,4,23.08,4500.0,4320.0,,,,,BF; BOF; EAF,2555,https://www.gem.wiki/Tianjin_Rockcheck_Steel_Group_Co_Ltd,8170303829.634859,266.15793213767586,3.515919420744597,China
P100001023535,Tianjin Rongcheng Group Tangshan Fengrun Special Steel Co Ltd,Tianjin Rongcheng Group Tangshan Special Steel Co Ltd; Tangshan Zhengfeng Steel Co Ltd,Tangshan Zhengfeng Steel Co Ltd [100.0%]; Tianjin Rongcheng Group Tangshan Special Steel Co Ltd [100.0%],China,Asia Pacific,Hebei,39.85271,118.181279,approximate,announced,1,2.2,0.0,0.0,,,,,EAF,14,https://www.gem.wiki/Tianjin_Rongcheng_Group_Tangshan_Fengrun_Special_Steel_Co_Ltd,2256673828.2882605,47.456933823496875,3.387476881958974,China
P100000121081,Tianjin Rongcheng Group Tangshan Special Steel Co Ltd,Tianjin Rongcheng Group Tangshan Special Steel Co Ltd,Tianjin Rongcheng Group Tangshan Special Steel Co Ltd [100.0%],China,Asia Pacific,Hebei,39.551552,118.137993,exact,retired,1,21.0,0.0,0.0,,,,,BF; BOF,unknown,https://www.gem.wiki/Tianjin_Rongcheng_Group_Tangshan_Special_Steel_Co_Ltd,9710283612.501226,126.97506483017482,1.565046154549953,China
P100000120285,Tianjin Tianfeng Steel Co Ltd,Tianjin Tianfeng Steel Co Ltd,Tianjin Tianfeng Steel Co Ltd [100.0%],China,Asia Pacific,Tianjin,38.832642,117.102765,exact,retired,1,19.12,0.0,0.0,,,,,BF; BOF,unknown,https://www.gem.wiki/Tianjin_Tianfeng_Steel_Co_Ltd,805190129.0529438,28.850368250119615,4.946805807077111,China
P100000120288,Tianjin Tianzhong Giant Heavy Industry Co Ltd,Tianjin Tianzhong Giant Heavy Industry Co Ltd,Tianjin Jiangtian Industrial Development Co Ltd [100.0%],China,Asia Pacific,Tianjin,39.501442,118.719554,exact,retired,1,20.51,0.0,0.0,,,,,BF; BOF,unknown,https://www.gem.wiki/Tianjin_Tianzhong_Giant_Heavy_Industry_Co_Ltd,1572778754.3996863,7.480390462280222,4.575155816557793,China
P100000120815,TMK Seversky Pipe plant,Severskiy Trubnyi Zavod JSC,Severskiy Trubnyi Zavod JSC [100.0%],Russia,Eurasia,Sverdlovsk,56.478428,60.249411,exact,operating,1,287.0,950.0,0.0,,,,,EAF,5001,https://www.gem.wiki/TMK_Seversky_Pipe_plant,,,1860.8750881310361,
P100000120816,TMK Taganrog Metallurgical Plant,Taganrogskiy Metallurgicheskiy Zavod JSC,Trubnaya Metallurgicheskaya Kompaniya PJSC [96.0%]; small shareholder(s) [4.0%],Russia,Eurasia,Rostov,47.241557,38.928584,exact,operating,1,130.0,950.0,0.0,,,,,EAF,5701,https://www.gem.wiki/TMK_Taganrog_Metallurgical_Plant,,,2907.4366919991735,
P100000120668,Tokyo Steel Kyushu plant,Tokyo Steel Manufacturing Co Ltd,Tokyo Steel Manufacturing Co Ltd [100.0%],Japan,Asia Pacific,Fukuoka,33.881431,130.755978,exact,operating,2,54.3,678.0,0.0,,,,,EAF,257,https://www.gem.wiki/Tokyo_Steel_Kyushu_plant,39326229999.73937,194.62854890867197,3.371372560893619,Japan
P100000120669,Tokyo Steel Okayama plant,Tokyo Steel Manufacturing Co Ltd,Tokyo Steel Manufacturing Co Ltd [100.0%],Japan,Asia Pacific,Okayama,34.515062,133.745525,exact,operating,2,63.39,708.0,0.0,,,,,EAF,257,https://www.gem.wiki/Tokyo_Steel_Okayama_plant,12824930411.579533,82.22192155763496,4.512144459492875,Japan
P100000120670,Tokyo Steel Tahara plant,Tokyo Steel Manufacturing Co Ltd,Tokyo Steel Manufacturing Co Ltd [100.0%],Japan,Asia Pacific,Aichi,34.702012,137.249114,exact,operating,1,15.72,2600.0,0.0,,,,,EAF,257,https://www.gem.wiki/Tokyo_Steel_Tahara_plant,6515425440.511312,103.69485656412836,3.952844507316496,Japan
P100000120671,Tokyo Steel Utsunomiya plant,Tokyo Steel Manufacturing Co Ltd,Tokyo Steel Manufacturing Co Ltd [100.0%],Japan,Asia Pacific,Tochigi,36.540425,139.993079,exact,operating,1,30.3,800.0,0.0,,,,,EAF,257,https://www.gem.wiki/Tokyo_Steel_Utsunomiya_plant,15052426895.150934,102.0640110205938,3.1071568188621725,Japan
P100000120216,Tonghua Iron and Steel Co Ltd,Tonghua Iron & Steel Co Ltd,Beijing State-owned Capital Management Center [56.2%]; unknown [16.9%]; Industrial and Commercial Bank of China Ltd [8.3%]; China Construction Bank Corp [8.1%]; Bank of China Ltd [6.5%]; BANK of Jilin Co Ltd [0.9%]; Hana Bank Co Ltd [0.9%]; Changchun Financial Holding Group Co Ltd [0.6%]; Jilin Financial Holding Group Co Ltd [0.6%]; Jilin YATAI (GROUP) Co Ltd [0.5%]; Jilin PROVINCE Inestment Group Co Ltd [0.3%]; Changchun City Development Investment Holding (Group) Co Ltd [0.1%],China,Asia Pacific,Jilin,41.779125,126.022349,exact,operating,1,19.53,4590.0,4480.0,,7700.0,2127.0,1600.0,BF; BOF,10973,https://www.gem.wiki/Tonghua_Iron_and_Steel_Co_Ltd,601217158.3271072,6.106557972597478,2.1237146827204665,China
P100000120072,Tongling Fuxin Iron and Steel Co Ltd,Tongling Fuxin Iron & Steel Co Ltd,Tongling Fuxin Iron & Steel Co Ltd [100.0%],China,Asia Pacific,Anhui,30.907561,117.772866,exact,operating,1,56.0,1350.0,1180.0,,,,,BF; BOF,2200,https://www.gem.wiki/Tongling_Fuxin_Iron_and_Steel_Co_Ltd,6386761084.181079,24.560609861124014,4.040698528216094,China
P100000120356,Tongling Xuanli Special Steel Co Ltd,Tongling City Xuanli Special Steel Co Ltd,Ma'anshan Jiatong Enterprise Management Partnership (General Partnership) [96.0%]; unknown [4.0%],China,Asia Pacific,Anhui,31.062807,117.956015,exact,operating,1,17.0,2700.0,2080.0,,1757.0,,,BF; BOF,1289,https://www.gem.wiki/Tongling_Xuanli_Special_Steel_Co_Ltd,322755495.5135918,18.64545650520313,2.361048708904867,China
P100000121137,Tongshan Liguo Iron and Steel Co Ltd,Tongshan Liguo Iron and Steel Co Ltd,Tongshan Liguo Iron and Steel Co Ltd [100.0%],China,Asia Pacific,Jiangsu,34.55486,117.327039,exact,retired,1,19.58,0.0,0.0,,,,,BF; BOF,unknown,https://www.gem.wiki/Tongshan_Liguo_Iron_and_Steel_Co_Ltd,261090607.59518936,4.4684578633576235,3.556283965813905,China
P100000120672,Topy Industries Toyohashi steel plant,Topy Industries Ltd,Topy Industries Ltd [100.0%],Japan,Asia Pacific,Aichi,34.719644,137.322259,exact,operating,1,68.0,960.0,0.0,,,,,EAF,1002,https://www.gem.wiki/Topy_Industries_Toyohashi_steel_plant,6515425440.511312,112.3967019791493,3.066048272911298,Japan
P100000120616,Torbat Heydarieh Khorasan Steel Complex,Torbat Heydarieh Steel Co,Torbat Heydarieh Steel Co [100.0%],Iran,Middle East,Razavi Khorasan,35.594882,59.205984,exact,operating,1,1.0,1450.0,1850.0,,,,3000.0,DRI; EAF,2800,https://www.gem.wiki/Torbat_Heydarieh_Khorasan_Steel_Complex,,,1333.0088876133434,
P100000120886,Toscelik Iskenderun steel plant,Toscelik Profil ve Sac Endustrisi AS,Tosyalı Holding AŞ,Türkiye,Europe,Hatay,36.687943,36.214871,exact,operating,1,3.0,4000.0,0.0,,,,,EAF,1300,https://www.gem.wiki/Toscelik_Iskenderun_steel_plant,,,3267.867880669666,
P100000120885,Toscelik Toprakkale steel plant,Toscelik Profil ve Sac Endustrisi AS,Tosyalı Holding AŞ,Türkiye,Europe,Osmaniye,37.016956,36.10911,exact,operating,1,17.0,2000.0,0.0,,,,,EAF,500,https://www.gem.wiki/Toscelik_Toprakkale_steel_plant,,,3266.584388487298,
P100000120441,Tosyali Algerie Oran steel plant,Tosyali Ironsteel Industry Algerie SpA,Tosyalı Holding AŞ,Algeria,Africa,Oran,35.770912,-0.263031,exact,operating,1,13.0,6200.0,5000.0,,,,8000.0,DRI; EAF,8000,https://www.gem.wiki/Tosyali_Algerie_Oran_steel_plant,,,6338.971209822016,
P100000121212,Tosyali Ras Al Khair steel plant,Tosyalı Holding AŞ,Tosyalı Holding AŞ [100.0%],Saudi Arabia,Middle East,Eastern Province,27.544525,49.205538,approximate,announced,1,,0.0,0.0,,,,,Steel other/unspecified,unknown,https://www.gem.wiki/Tosyali_Ras_Al_Khair_steel_plant,,,1944.9058787928354,
P100001042927,Tosyali Sonangol Kassinga Iron and Steel plant,Tosyali Iron and Steel Angola SA; Sonangol EP,Sonangol EP [100.0%]; Tosyalı Holding AŞ,Angola,Africa,Huíla,-15.263743,16.065494,approximate,announced,1,,0.0,0.0,,,,4100.0,DRI; EAF,unknown,https://www.gem.wiki/Tosyali_Sonangol_Kassinga_Iron_and_Steel_plant,,,7114.381032877337,
P100000120889,Tosyali Toprakkale steel plant,Tosyalı Holding AŞ,Tosyalı Holding AŞ [100.0%],Türkiye,Europe,Osmaniye,37.016498,36.095126,exact,mothballed,1,16.0,0.0,0.0,,,,,EAF,770,https://www.gem.wiki/Tosyali_Toprakkale_steel_plant,,,3267.791360488253,
P100001023430,Tosyali-SULB Benghazi steel plant,Tosyali Sulb Steel Industries Joint Company,Libya United Steel Company for Iron and Steel Industry; Tosyalı Holding AŞ,Libya,Africa,Cyrenaica,32.1818,20.124361,approximate,construction,2,,0.0,0.0,,,,,DRI; EAF,7000,https://www.gem.wiki/Tosyali-SULB_Benghazi_steel_plant,,,4767.17940698189,
P100000120896,TT Iron and Steel Point Lisas steel plant,TT Iron Steel Company Ltd,TT Iron Steel Company Ltd [100.0%],Trinidad and Tobago,Central & South America,Couva,10.403605,-61.482939,exact,mothballed,1,46.0,0.0,0.0,,,,,DRI; EAF,500,https://www.gem.wiki/TT_Iron_and_Steel_Point_Lisas_steel_plant,,,12710.288343231467,
P100000120904,Tung Ho Steel Kaohsiung plant,Tung Ho Steel Enterprise Corp,Tung Ho Steel Enterprise Corp [100.0%],Taiwan,Asia Pacific,Xiaogang,22.563095,120.362654,exact,operating,1,52.0,700.0,0.0,,,,,EAF,unknown,https://www.gem.wiki/Tung_Ho_Steel_Kaohsiung_plant,,,289.6773658606904,
P100000120903,Tung Ho Steel Miaoli plant,Tung Ho Steel Enterprise Corp,Tung Ho Steel Enterprise Corp [100.0%],Taiwan,Asia Pacific,Miaoli,24.568401,120.74062,exact,operating,1,35.0,1200.0,0.0,,,,,EAF,unknown,https://www.gem.wiki/Tung_Ho_Steel_Miaoli_plant,,,140.31601920195274,
P100000121014,Tung Ho Steel Phu My plant,Tung Ho Steel Vietnam Corp Ltd,Tung Ho Steel Enterprise Corp [100.0%],Vietnam,Asia Pacific,Ba Ria Vung Tau,10.551445,107.04368,exact,operating,1,19.0,1000.0,0.0,,,,,EAF,unknown,https://www.gem.wiki/Tung_Ho_Steel_Phu_My_plant,,,896.0955169409467,
P100000120902,Tung Ho Steel Taoyuan plant,Tung Ho Steel Enterprise Corp,Tung Ho Steel Enterprise Corp [100.0%],Taiwan,Asia Pacific,Guanyin,25.067119,121.141176,exact,operating,1,39.0,1000.0,0.0,,,,,EAF,unknown,https://www.gem.wiki/Tung_Ho_Steel_Taoyuan_plant,,,145.56033130238103,
P100001045582,Tuyen Quang Iron and Steel Long Binh steel plant,Tuyen Quang Iron Steel Co Ltd,Hung Ha Mon Goods Group Co [100.0%],Vietnam,Asia Pacific,Tuyen Quang,21.738739,105.247545,exact,operating,1,12.1,550.0,200.0,,,,,BF; BOF,700,https://www.gem.wiki/Tuyen_Quang_Iron_and_Steel_Long_Binh_steel_plant,,,137.98645988382688,
P100000121204,TY Steel Rayong plant,TY Steel Co Ltd,Ta Chen Stainless Pipe Co Ltd [38.8%]; Tycoons Worldwide Group (Thailand) PCL [19.4%]; Tycoons Group International Co Ltd [5.9%],Thailand,Asia Pacific,Rayong,12.857307,101.21314,exact,operating,1,9.0,600.0,0.0,,,,,EAF,unknown,https://www.gem.wiki/TY_Steel_Rayong_plant,,,885.8312122384042,
P100000120732,TYASA steel plant,Talleres y Aceros SA de CV,Talleres y Aceros SA de CV [100.0%],Mexico,North America,Veracruz,18.869272,-97.047263,exact,operating,1,33.0,1650.0,0.0,,,,,EAF,2300,https://www.gem.wiki/TYASA_steel_plant,,,10572.765432950046,
P100000120814,Tyumen Electrosteel plant,UMK-Stal LLC,Nokomis Select Inc [33.0%]; Tretiy Kod CJSC [32.8%]; Satelait JSC [17.7%]; Assets-M JSC [17.0%],Russia,Eurasia,Tyumen,57.109316,65.668641,exact,operating,1,12.0,664.0,0.0,,,,,EAF,1200,https://www.gem.wiki/Tyumen_Electrosteel_plant,,,1609.0231635383116,
P100000120419,TZMS Třinecké železárny Trinec steel plant,TRINECKÉ ZELEZÁRNY AS,Minerfin AS,Czech Republic,Europe,Moravia-Silesia,49.689053,18.654557,exact,operating,3,187.0,2800.0,2263.0,,,700.0,,BF; BOF; EAF,6000,https://www.gem.wiki/TZMS_Třinecké_železárny_Trinec_steel_plant,,,4388.449142504359,
P100000120854,U. S. Steel Košice steel plant,US Steel Košice sro,Nippon Steel Corp,Slovakia,Europe,Košice Region,48.612001,21.191401,exact,operating,1,61.0,4500.0,4500.0,,,,,BF; BOF,7712,https://www.gem.wiki/U._S._Steel_Košice_steel_plant,,,4220.68961974398,
P100000120928,U.S. Steel Big River Steel plant,Big River Steel LLC,Nippon Steel Corp [100.0%],United States,North America,Arkansas,35.644264,-89.941659,exact,operating,2,10.0,6022.0,0.0,,,,,EAF; DRI,745,https://www.gem.wiki/U.S._Steel_Big_River_Steel_plant,,,9527.73238938556,
P100001061239,U.S. Steel EAF plant,United States Steel Corp,Nippon Steel Corp [100.0%],United States,North America,unknown,38.7946,-106.5348,approximate,announced,1,,0.0,0.0,,,,,EAF,unknown,https://www.gem.wiki/U.S._Steel_EAF_plant,,,8308.658209722495,
P100000120964,U.S. Steel Edgar Thomson Plant,United States Steel Corp,Nippon Steel Corp [100.0%],United States,North America,Pennsylvania,40.39514,-79.859645,exact,operating,1,151.0,2600.0,2770.0,,,,,BF; BOF,650,https://www.gem.wiki/U.S._Steel_Edgar_Thomson_Plant,,,9330.025141376107,
P100000120965,U.S. Steel Fairfield plant,United States Steel Corp,Nippon Steel Corp [100.0%],United States,North America,Alabama,33.480697,-86.937854,exact,operating,1,6.0,1600.0,0.0,,,,,EAF,750,https://www.gem.wiki/U.S._Steel_Fairfield_plant,,,9882.978717988653,
P100000120966,U.S. Steel Gary Works,United States Steel Corp,Nippon Steel Corp [100.0%],United States,North America,Indiana,41.620799,-87.348266,exact,operating,1,118.0,7800.0,6495.0,,4400.0,,,BF; BOF,2246,https://www.gem.wiki/U.S._Steel_Gary_Works,,,9023.524657698803,
P100000120968,U.S. Steel Granite City Works,United States Steel Corp,Nippon Steel Corp [100.0%],United States,North America,Illinois,38.695049,-90.136073,exact,operating,2,131.0,1350.0,1270.0,,,,,BF; BOF,500,https://www.gem.wiki/U.S._Steel_Granite_City_Works,,,9244.036372727905,
P100000120967,U.S. Steel Great Lakes Works,United States Steel Corp,Nippon Steel Corp [100.0%],United States,North America,Michigan,42.263181,-83.121553,exact,mothballed,1,124.0,0.0,0.0,,,,,BF; BOF,500,https://www.gem.wiki/U.S._Steel_Great_Lakes_Works,,,9059.911433582121,
P100000120797,UMB Hunedoara steel plant,UMB Steel SRL,UMB Steel SRL [100.0%],Romania,Europe,Hunedoara,45.735183,22.91627,exact,retired,1,141.0,0.0,0.0,,,,,EAF,582,https://www.gem.wiki/UMB_Hunedoara_steel_plant,,,4138.8721518555785,
P100000120866,UMC Metals Chon Buri steel plant,UMC Metals Ltd,UMC Metals Ltd [100.0%],Thailand,Asia Pacific,Chonburi,13.275832,100.969791,exact,operating,1,32.0,805.0,0.0,,,,,EAF,unknown,https://www.gem.wiki/UMC_Metals_Chon_Buri_steel_plant,,,857.8668580243263,
P100000120709,United Steel Industrial Kuwait Steel Sharq plant,United Steel Industries Co KSCC,Bukhamseen Holding Group Co; Iranian Mines & Mining Industries Development & Renovation Organization,Kuwait,Middle East,Capital Governorate,28.989306,48.128118,exact,operating,1,19.0,1200.0,0.0,,,,,EAF,900,https://www.gem.wiki/United_Steel_Industrial_Kuwait_Steel_Sharq_plant,,,2075.6209376440493,
P100001042855,Unitex Steel Mills Feni steel plant,Unitex Steel Mills Ltd,Unitex Steel Mills Ltd [100.0%],Bangladesh,Asia Pacific,Chittagong,22.945182,91.512387,approximate,construction,1,,0.0,0.0,,,,,EAF,516,https://www.gem.wiki/Unitex_Steel_Mills_Feni_steel_plant,,,11.139365772530544,
P100000121230,Univers Acier Sidi Hajjaj steel plant,Univers Acier,Demirsan Haddecilik Sanayi Ve Ticaret AŞ; Longofer,Morocco,Africa,Casablanca-Settat,33.501604,-7.467891,exact,operating,1,16.0,720.0,0.0,,,,,EAF,700,https://www.gem.wiki/Univers_Acier_Sidi_Hajjaj_steel_plant,,,7035.3856342537265,
P100000120819,Ural Steel Metallurgical Plant,Uralskaya Stal JSC,Zagorskii Trubnyi Zavod JSC,Russia,Eurasia,Orenburg,51.214781,58.353913,exact,operating,3,71.0,2050.0,3038.0,,2300.0,1400.0,,BF; EAF; BOF,9000,https://www.gem.wiki/Ural_Steel_Metallurgical_Plant,,,1734.1710900254939,
P100000120037,Usiminas Cubatão steel plant,Usinas Siderurgicas de Minas Gerais SA,Usinas Siderurgicas de Minas Gerais SA [100.0%],Brazil,Central & South America,São Paulo,-23.863092,-46.376294,exact,mothballed,1,63.0,0.0,0.0,,3000.0,833.0,,BF; BOF,1200,https://www.gem.wiki/Usiminas_Cubatão_steel_plant,,,13422.448375529604,
P100000120043,Usiminas Ipatinga steel plant,Usinas Siderurgicas de Minas Gerais SA,Usinas Siderurgicas de Minas Gerais SA [100.0%],Brazil,Central & South America,Minas Gerais,-19.491277,-42.544253,exact,operating,2,64.0,5000.0,3660.0,,6300.0,800.0,,BF; BOF,6500,https://www.gem.wiki/Usiminas_Ipatinga_steel_plant,,,12908.367131645633,
P100001045064,Ussuri Capital Romania steel plant,Ussuri Capital,Ussuri Capital [100.0%],Romania,Europe,Constanța,44.133338,28.64001,approximate,announced,1,,0.0,0.0,,,,,EAF,unknown,https://www.gem.wiki/Ussuri_Capital_Romania_steel_plant,,,3723.1771765332214,
P100000121194,Uttam Galva Ferrous Bellary steel plant,Uttam Galva Ferous Ltd,Uttam Galva Ferous Ltd [100.0%],India,Asia Pacific,Karnataka,15.184613,76.824905,exact,announced,1,,0.0,0.0,,8532.0,2740.0,4000.0,BF; BOF,6427,https://www.gem.wiki/Uttam_Galva_Ferrous_Bellary_steel_plant,354990517.4078579,3.220759119033792,4.436006589342831,India
P100000121001,Uzmetkombinat steel plant,Uzbekskiy Metallurgicheskiy Kombinat JSC,Government of Uzbekistan [80.0%]; unknown [20.0%],Uzbekistan,Eurasia,Tashkent,40.233432,69.290873,exact,operating,4,82.0,1100.0,0.0,,,,,EAF,10343,https://www.gem.wiki/Uzmetkombinat_steel_plant,,,384.9318112596913,
P100000121175,Vale Tecnored Marabá iron plant,Vale SA,Vale SA [100.0%],Brazil,Central & South America,Pará,-5.408654,-49.103539,approximate,construction,1,1.0,0.0,0.0,,,,,Iron other/unspecified,400,https://www.gem.wiki/Vale_Tecnored_Marabá_iron_plant,,,13023.13847621095,
P100000120044,Vallourec Jeceaba steel plant,Vallourec Soluções Tubulares do Brasil SA,Vallourec SA [100.0%],Brazil,Central & South America,Minas Gerais,-20.582683,-43.971555,exact,operating,2,15.0,1000.0,350.0,,,,,BF; EAF,2500,https://www.gem.wiki/Vallourec_Jeceaba_steel_plant,,,13086.501930810724,
P100000120974,Vallourec Star Youngstown steel plant,Vallourec Star LP,Vallourec SA [100.0%],United States,North America,Ohio,41.125495,-80.683382,exact,operating,1,41.0,725.0,0.0,,,,,EAF,260,https://www.gem.wiki/Vallourec_Star_Youngstown_steel_plant,,,9234.424435825844,
P100000120759,Van Merksteijn International steel plant,Van Merksteijn International BV,Van Merksteijn International BV [100.0%],Netherlands,Europe,Groningen,53.440581,6.844773,approximate,announced,1,,0.0,0.0,,,,,EAF,275,https://www.gem.wiki/Van_Merksteijn_International_steel_plant,,,5125.23913444745,
P100000120579,Van Steel Kurdistan plant,Van Company for Industrial Investment and General Trading,Van Company for Industrial Investment and General Trading [100.0%],Iraq,Middle East,Kurdistan,36.09176,43.97415,exact,operating,1,4.0,750.0,0.0,,,,,EAF,700,https://www.gem.wiki/Van_Steel_Kurdistan_plant,,,2608.3936290187917,
P100001054309,Vardhman Special Steels Ludhiana steel plant,Vardhman Special Steels Limited,Vardhman Special Steels Limited [100.0%],India,Asia Pacific,Punjab,30.890103,75.908673,approximate,announced,1,,0.0,0.0,,,,,EAF,unknown,https://www.gem.wiki/Vardhman_Special_Steels_Ludhiana_steel_plant,2490777403.6033077,20.69666436820163,3.625783548161982,India
P100000121017,VAS An Hung Tuong Steel Binh Duong plant,VAS Steel An Hung Tuong LLC,Vietnam Advance Sprint Group JSC,Vietnam,Asia Pacific,Binh Duong,11.054204,106.615962,exact,operating,1,38.0,500.0,0.0,,,,,IF,714,https://www.gem.wiki/VAS_An_Hung_Tuong_Steel_Binh_Duong_plant,,,854.7510934993596,
P100000121016,VAS Nghi Son Cast Iron and Steel plant,Nghi Son VAS Group JSC,Vietnam Advance Sprint Group JSC [100.0%],Vietnam,Asia Pacific,Thanh Hoa,19.326924,105.777449,exact,operating,1,8.0,3150.0,0.0,,,,,EAF; IF,4000,https://www.gem.wiki/VAS_Nghi_Son_Cast_Iron_and_Steel_plant,,,303.84185723907046,
P100000121018,VAS Tue Minh Steel Binh Duong plant,VAS Steel Tue Minh JSC,Vietnam Advance Sprint Group JSC [100.0%],Vietnam,Asia Pacific,Binh Duong,11.113343,106.831064,exact,operating,1,10.0,500.0,0.0,,,,,EAF,850,https://www.gem.wiki/VAS_Tue_Minh_Steel_Binh_Duong_plant,,,841.6690011349367,
P100000121205,Vedanta Sesa Goa Pig Iron Plant,Vedanta Iron and Steel Ltd,Vedanta Ltd [100.0%],India,Asia Pacific,Goa,15.526866,73.986671,exact,operating,1,34.0,0.0,1000.0,,800.0,522.0,,BF,unknown,https://www.gem.wiki/Vedanta_Sesa_Goa_Pig_Iron_Plant,607137556.302787,5.616403742347652,3.4532904528159176,India
P100001061390,Vertra Celik Sarımazı steel plant,Vertra Steel Industry and Trade Corp,Vertra Steel Industry and Trade Corp [100.0%],Türkiye,Europe,Adana,36.945926,36.001643,exact,operating,1,0.38,800.0,0.0,,,,,EAF,unknown,https://www.gem.wiki/Vertra_Celik_Sarımazı_steel_plant,,,3277.952475660184,
P100000120054,Viena Açailândia iron works,Andrade Valladares Engenharia e Construcao Ltda,natural person(s); RKV Participacoes Ltda; Skv Participacoes Ltda; Viena Administracao e Participacoes Ltda,Brazil,Central & South America,Maranhão,-4.887877,-47.392157,exact,operating,1,38.0,0.0,500.0,,219.0,,,BF,1300,https://www.gem.wiki/Viena_Açailândia_iron_works,,,12826.49325175417,
P100001045591,Viet Nhat VJS Nam Cau Kien steel plant,Viet Nhat Advanced Steel JSC,Viet Nhat Advanced Steel JSC [100.0%],Vietnam,Asia Pacific,Hai Phong,20.90553,106.628701,exact,operating,1,16.0,500.0,0.0,,,,,IF,800,https://www.gem.wiki/Viet_Nhat_VJS_Nam_Cau_Kien_steel_plant,,,107.58359531936674,
P100001045592,Vietnam Italy Steel Pho Noi steel plant,Vietnam - Italy Steel JSC,Kyoei Steel Ltd [73.8%]; Thai Hung Trading JSC [20.0%]; unknown [6.2%],Vietnam,Asia Pacific,Hung Yen,20.946428,106.025454,exact,operating,1,24.0,552.0,0.0,,,,,EAF,unknown,https://www.gem.wiki/Vietnam_Italy_Steel_Pho_Noi_steel_plant,,,140.7943897487272,
P100000121023,Vina Kyoei Steel Phu My plant,Vina Kyoei Steel Ltd Co,Kyoei Steel Ltd [45.0%]; Viet Nam Steel Corp [40.0%]; Mitsui & Co Ltd [9.0%]; Marubeni-Itochu Steel Pte Ltd [6.0%],Vietnam,Asia Pacific,Ba Ria Vung Tau,10.601423,107.040679,exact,operating,1,30.14,1000.0,0.0,,,,,EAF,unknown,https://www.gem.wiki/Vina_Kyoei_Steel_Phu_My_plant,,,890.7741083124367,
P100001045578,Vina One Steel Ben Luc steel plant,Vina One Steel Manufacturing Corp,Vina One Steel Manufacturing Corp [100.0%],Vietnam,Asia Pacific,Long An,10.636835,106.517595,exact,operating,1,19.0,1200.0,0.0,,,,,IF,1500,https://www.gem.wiki/Vina_One_Steel_Ben_Luc_steel_plant,,,902.2524879236365,
P100000121201,Vina Roma Quang Tri steel plant,Vina Roma Quang Tri Steel JSC,Vina Roma Quang Tri Steel JSC [100.0%],Vietnam,Asia Pacific,Quang Tri,16.756559,107.329547,approximate,announced,1,,0.0,0.0,,,,,Iron other/unspecified; Steel other/unspecified,4000,https://www.gem.wiki/Vina_Roma_Quang_Tri_steel_plant,,,246.45979744968403,
P100001080248,VinMetal Ha Tinh steel plant,VinMetal Joint Stock Company JSC,Vingroup JSC [100.0%],Vietnam,Asia Pacific,Ha Tinh,18.353226,105.903042,approximate,announced,1,,0.0,0.0,,,,,Steel other/unspecified,unknown,https://www.gem.wiki/VinMetal_Ha_Tinh_steel_plant,,,296.64303515394505,
P100000120820,VMK Red October steel plant,Krasnyi Oktyabr' Corporation JSC,RSL Group JSC,Russia,Eurasia,Volgograd,48.754025,44.561004,exact,operating,1,128.0,501.0,0.0,,,,,EAF,4300,https://www.gem.wiki/VMK_Red_October_steel_plant,,,2513.6952078290515,
P100000121021,VNSteel Southern Steel Phu My plant,VNSTEEL Southern Steel Co Ltd,Viet Nam Steel Corp,Vietnam,Asia Pacific,Ba Ria Vung Tau,10.576597,107.028995,exact,operating,1,21.0,550.0,0.0,,,,,EAF,unknown,https://www.gem.wiki/VNSteel_Southern_Steel_Phu_My_plant,,,893.7592966513904,
P100000120011,Voestalpine Stahl Donawitz steel plant,Voestalpine Stahl Donawitz GmbH,Voestalpine AG [100.0%],Austria,Europe,Styria,47.380455,15.065182,exact,operating,3,148.0,1570.0,1651.0,,1700.0,,,BF; BOF; DRI; EAF,1356,https://www.gem.wiki/Voestalpine_Stahl_Donawitz_steel_plant,,,4693.011856139197,
P100000120010,Voestalpine Stahl Linz steel plant,Voestalpine Stahl GmbH,Voestalpine AG [100.0%],Austria,Europe,Upper Austria,48.274023,14.33434,exact,operating,3,86.0,6000.0,5000.0,,,,,BF; BOF; DRI; EAF,9150,https://www.gem.wiki/Voestalpine_Stahl_Linz_steel_plant,,,4725.598728343613,
P100000120824,Volzhsky Pipe Plant,Volzhskiy Trubnyi Zavod JSC,Trubnaya Metallurgicheskaya Kompaniya PJSC [100.0%],Russia,Eurasia,Volgograd,48.804332,44.79408,exact,operating,1,56.0,900.0,0.0,,,,,EAF,10000,https://www.gem.wiki/Volzhsky_Pipe_Plant,,,2498.1531292985405,
P100000121200,Vulcan Green Steel Nigeria plant,Vulcan Green Steel LLC,Vulcan Green Steel LLC [100.0%],Nigeria,Africa,unknown,9.082,8.6753,approximate,announced,1,,0.0,0.0,,,,,DRI; EAF,unknown,https://www.gem.wiki/Vulcan_Green_Steel_Nigeria_plant,,,6508.785651917137,
P100001082548,Walsin Lihwa Tainan stainless steel plant,Walsin Lihwa Corp,Walsin Lihwa Corp [100.0%],Taiwan,Asia Pacific,Yenshui,23.295835858147463,120.24399172517494,approximate,operating,1,33.0,1000.0,0.0,55.0,,,,EAF,unknown,https://www.gem.wiki/Walsin_Lihwa_Tainan_stainless_steel_plant,,,218.7813277045822,
P100000120791,Weglokoks Ruda Slaska steel plant,Weglokoks Stal SP zoo,Weglokoks SA,Poland,Europe,Silesia,50.289858,18.874414,exact,cancelled,1,,0.0,0.0,,,,,EAF,unknown,https://www.gem.wiki/Weglokoks_Ruda_Slaska_steel_plant,,,4364.655614877418,
P100000120244,Weifang Special Steel Group Co Ltd,Weifang SPECIAL Steel Group Co Ltd,Weiao (Shandong) Investment Co Ltd [100.0%],China,Asia Pacific,Shandong,36.644469,119.238427,exact,operating pre-retirement,1,32.28,3000.0,2350.0,,,,,BF; BOF,6089,https://www.gem.wiki/Weifang_Special_Steel_Group_Co_Ltd,3368126297.6347632,102.80506638184978,3.4492095011595847,China
P100001064114,Weining Hengchang Furnace Charge & Casting Co Ltd,Weining Hengchang Furnace Charge & Casting Co Ltd,Weining Hengchang Furnace Charge & Casting Co Ltd [100.0%],China,Asia Pacific,Guizhou,26.783556,104.394517,approximate,operating,1,21.69,0.0,694.0,,,,,BF,unknown,https://www.gem.wiki/Weining_Hengchang_Furnace_Charge_&_Casting_Co_Ltd,21953226.651415624,1.4578267468749408,2.136929458923729,China
P100000120541,Welspun Metallics Anjar Steel plant,Welspun Corp Ltd,Welspun Corp Ltd [100.0%],India,Asia Pacific,Gujarat,23.112781,70.0866885,exact,operating,3,22.0,288.0,644.0,,5280.0,1370.0,,BF; DRI; IF; BOF; Iron other/unspecified,2000,https://www.gem.wiki/Welspun_Metallics_Anjar_Steel_plant,786684238.6823866,4.7659074196411275,4.14683127254559,India
P100000120591,West Alborz Ana Steel Zanjan plant,West Alborz Steel Co,West Alborz Steel Co [100.0%],Iran,Middle East,Zanjan,36.119574,49.306253,exact,operating,2,21.0,1600.0,0.0,150.0,2000.0,,1800.0,EAF; IF; DRI,unknown,https://www.gem.wiki/West_Alborz_Ana_Steel_Zanjan_plant,,,2155.1300779530075,
P100000120296,WISCO Group Kunming Steel Co Ltd Anning Branch,WISCO Group Kunming Steel Co Ltd,WISCO Group Kunming Steel Co Ltd [100.0%],China,Asia Pacific,Yunnan,24.947687,102.367394,exact,retired,1,9.71,0.0,0.0,,,,,BF; BOF,unknown,https://www.gem.wiki/WISCO_Group_Kunming_Steel_Co_Ltd_Anning_Branch,401331048.2710037,12.338081360586084,1.4104641841121281,China
P100000120297,WISCO Group Kunming Steel Co Ltd Honghe Iron and Steel Company,Honghe Iron and Steel Co Ltd,China Baowu Steel Group Co Ltd [48.4%]; Kunming Iron & Steel Holding Co Ltd [40.3%]; unknown [4.2%],China,Asia Pacific,Yunnan,23.470733,103.272784,exact,retired,1,17.92,0.0,0.0,,3200.0,,,BF; BOF,1859,https://www.gem.wiki/WISCO_Group_Kunming_Steel_Co_Ltd_Honghe_Iron_and_Steel_Company,1145833787.5269697,11.42346850046836,2.368675863058285,China
P100000120299,WISCO Group Kunming Steel Co Ltd New District Branch,WISCO Group Kunming Steel Co Ltd,WISCO Group Kunming Steel Co Ltd [100.0%],China,Asia Pacific,Yunnan,24.953261,102.378082,exact,operating,3,13.83,2276.0,2130.0,,,,,BF; BOF,2228,https://www.gem.wiki/WISCO_Group_Kunming_Steel_Co_Ltd_New_District_Branch,401331048.2710037,12.586531489950847,0.6439360961186502,China
P100000120298,WISCO Group Kunming Steel Co Ltd Yuxi Xinxing Steel Company,Yuxi Xinxing Iron & Steel Co Ltd,China Baowu Steel Group Co Ltd [48.4%]; Kunming Iron & Steel Holding Co Ltd [40.3%]; unknown [4.2%],China,Asia Pacific,Yunnan,24.249024,102.521747,exact,mothballed,2,22.06,0.0,0.0,,,,,BF; BOF,2019,https://www.gem.wiki/WISCO_Group_Kunming_Steel_Co_Ltd_Yuxi_Xinxing_Steel_Company,204193710.09956524,18.347397772988092,4.954977890502676,China
P100000121069,WISCO Group Xiangyang Heavy Equipment Materials Co Ltd,WISCO Group Xiangyang Heavy Equipment MATERIALS Co Ltd,China Baowu Steel Group Co Ltd [100.0%],China,Asia Pacific,Hubei,32.10704,112.235621,exact,mothballed,1,27.0,0.0,0.0,,,,,EAF,393,https://www.gem.wiki/WISCO_Group_Xiangyang_Heavy_Equipment_Materials_Co_Ltd,6115679576.442959,62.67531411157154,3.25465633671548,China
P100000120134,Wu an Mingfang Iron and Steel Co Ltd,Wuan Mingfang Iron & Steel Co Ltd,Hebei Taihang Iron and Steel Group Co Ltd [100.0%],China,Asia Pacific,Hebei,36.710754,114.207855,exact,retired,1,37.0,0.0,0.0,,,,,BF; BOF,4500,https://www.gem.wiki/Wu_an_Mingfang_Iron_and_Steel_Co_Ltd,6917400988.421546,23.610129845355072,0.2725226187702115,China
P100000120114,Wu an Yuhua Iron and Steel Co Ltd,Wuan Yuhua Steel Co Ltd,Jinan Iron & Steel Group Co Ltd [88.1%]; natural person(s) [11.9%],China,Asia Pacific,Hebei,36.731752,114.098377,exact,operating pre-retirement,2,38.0,2700.0,1820.0,,,,,BF; BOF,4957,https://www.gem.wiki/Wu_an_Yuhua_Iron_and_Steel_Co_Ltd,2791499561.2492723,18.000980555199195,3.5230269735572444,China
P100000121085,Wu'an Yongcheng Zhuye Co Ltd,Wu'an Yongcheng Zhuye Co Ltd,Wu'an Yongcheng Zhuye Co Ltd [100.0%],China,Asia Pacific,Hebei,36.660278,113.993995,exact,retired,1,19.0,0.0,0.0,,,,,BF; BOF,unknown,https://www.gem.wiki/Wu'an_Yongcheng_Zhuye_Co_Ltd,188809636.46592227,17.215520856612887,5.0508661087259785,China
P100000120357,Wugang Zhongjia Iron and Steel Co Ltd,Wugang Zhongjia Iron & Steel Co Ltd,Henan Wugang Huayu Materials Co Ltd [75.0%]; Hongxing (Hong Kong) Co Ltd [25.0%],China,Asia Pacific,Henan,33.29175,113.458011,exact,operating,1,24.0,0.0,1220.0,,,,,BF,825,https://www.gem.wiki/Wugang_Zhongjia_Iron_and_Steel_Co_Ltd,642394331.888709,4.215744641482717,0.03135956473620733,China
P100000120340,Wuhai Baogang Wanteng Iron and Steel Co Ltd,Wuhai Baogang Wanteng Iron and Steel Co Ltd,Beijing Jianlong Investment Co Ltd [59.2%]; Inner Mongolia Yellow River Energy Technology Group Co Ltd [32.8%]; unknown [8.1%],China,Asia Pacific,Inner Mongolia,39.855971,106.886647,exact,operating,1,15.0,2000.0,2000.0,,,,,BF; BOF,2543,https://www.gem.wiki/Wuhai_Baogang_Wanteng_Iron_and_Steel_Co_Ltd,111523145.34028804,4.195343412886469,2.3377938353799306,China
P100000120171,Wuhan Iron and Steel Co Ltd,Wuhan Iron and Steel Co Ltd,Baoshan Iron & Steel Co Ltd [100.0%],China,Asia Pacific,Hubei,30.616222,114.444975,exact,operating,2,67.44,15907.0,14320.0,,,,,BF; BOF,14187,https://www.gem.wiki/Wuhan_Iron_and_Steel_Co_Ltd,13274108766.720098,594.2072016626408,1.6083060331271946,China
P100000121210,Wuhan Iron and Steel Jombang plant,Wuhan Iron and Steel Co Ltd,Baoshan Iron & Steel Co Ltd [100.0%],Indonesia,Asia Pacific,East Java,-7.559913,112.266325,approximate,cancelled,1,,0.0,0.0,,,,,EAF; Iron other/unspecified,unknown,https://www.gem.wiki/Wuhan_Iron_and_Steel_Jombang_plant,,,2595.3981904107345,
P100000120174,Wuhan Shunle Stainless Steel Co Ltd,Wuhan Shunle Stainless Steel Co Ltd,natural person(s) [83.0%]; Hubei Jinshenglan Investment Group Co Ltd [17.0%],China,Asia Pacific,Hubei,30.394434,114.257701,exact,retired,1,27.0,0.0,0.0,,,,,EAF,unknown,https://www.gem.wiki/Wuhan_Shunle_Stainless_Steel_Co_Ltd,11843724400.76606,457.00569320672275,3.909566838873681,China
P100000120073,Wuhu Fuxin Iron and Steel Co Ltd,Wuhu Fuxin Iron & Steel Co Ltd,Wuhu Fuxin Iron & Steel Co Ltd [100.0%],China,Asia Pacific,Anhui,31.194505,118.067833,exact,operating,1,23.0,2000.0,1770.0,,,,,BF; BOF,2886,https://www.gem.wiki/Wuhu_Fuxin_Iron_and_Steel_Co_Ltd,203072621.1319695,10.06573815544951,2.925399081688212,China
P100000120068,Wuhu Xinxing Ductile Iron Pipes Co Ltd,Wuhu Xinxing Ductile Iron Pipes Co Ltd,Xinxing Ductile Iron Pipes Co Ltd [100.0%],China,Asia Pacific,Anhui,31.229893,118.150867,exact,operating,1,23.0,2000.0,1980.0,,6280.0,1200.0,,BF; BOF; EAF,4273,https://www.gem.wiki/Wuhu_Xinxing_Ductile_Iron_Pipes_Co_Ltd,1042494789.8844099,11.346493396360493,3.434768702352569,China
P100000120354,Wulanhot Steel Co Ltd,Wulanhot Iron & Steel Co Ltd,Jingye Group Co Ltd [100.0%],China,Asia Pacific,Inner Mongolia,46.055685,122.063282,exact,operating,2,26.64,1350.0,1130.0,,,,,BF; BOF,2216,https://www.gem.wiki/Wulanhot_Steel_Co_Ltd,3362380016.537606,6.804359935247818,2.28308726848158,China
P100000120204,Wuxi Xinsanzhou Steel Co Ltd,Wuxi Xinsanzhou Special Steel Co Ltd,Wuxi Xinsanzhou Special Steel Co Ltd [100.0%],China,Asia Pacific,Jiangsu,31.681005,120.251785,exact,retired,1,39.84,0.0,0.0,,,,,BF; BOF,1103,https://www.gem.wiki/Wuxi_Xinsanzhou_Steel_Co_Ltd,11935089663.247892,341.49079535441916,4.844750001213489,China
P100000120161,Wuyang Iron and Steel Co Ltd,Wuyang Iron and Steel Co Ltd,HBIS Group Co Ltd [53.1%]; China Baowu Steel Group Co Ltd [27.7%]; China Huarong Asset Management Co Ltd [8.3%]; HBIS Co Ltd [8.1%]; unknown [2.8%],China,Asia Pacific,Henan,33.287536,113.474328,exact,operating,1,56.0,5040.0,1200.0,,,,,BF; BOF; EAF,8582,https://www.gem.wiki/Wuyang_Iron_and_Steel_Co_Ltd,642394331.888709,4.532125609468375,1.5560173370436066,China
P100000120365,Wuzhou Yongda Iron and Steel Co Ltd,Wuzhou Yongda Steel Works Co Ltd,Wuzhou Yongda Steel Works Co Ltd [100.0%],China,Asia Pacific,Guangxi,23.524465,111.2402,exact,operating pre-retirement,3,17.0,1851.0,0.0,,,,,EAF,461,https://www.gem.wiki/Wuzhou_Yongda_Iron_and_Steel_Co_Ltd,607979569.3111423,16.839275148364614,3.7699677958838915,China
P100000120366,Wuzhou Yongda Special Steel Co Ltd,Wuzhou Yongda Special Steel Co Ltd,Wuzhou Yongda Steel Works Co Ltd [100.0%],China,Asia Pacific,Guangxi,23.520307,111.229981,exact,operating,1,15.0,1000.0,0.0,,,,,EAF,449,https://www.gem.wiki/Wuzhou_Yongda_Special_Steel_Co_Ltd,607979569.3111423,16.949046862208938,3.2421672845434903,China
P100000120263,Xiangfen County Xingyuan Steel Group Co Ltd,Xiangfen County Xingyuan Steel Group Co Ltd,Xiangfen County Xingyuan Steel Group Co Ltd [100.0%],China,Asia Pacific,Shanxi,35.880324,111.387956,exact,retired,1,20.2,0.0,0.0,,,,,BF; BOF,unknown,https://www.gem.wiki/Xiangfen_County_Xingyuan_Steel_Group_Co_Ltd,643103075.7903618,7.748705206177757,1.3088453048098352,China
P100000120272,Xiangfen County Xinjinshan Special Steel Co Ltd,Xiangfen County XinJinShan Special Steel Co Ltd,Fujian Huaya Group Co Ltd [64.1%]; natural person(s) [32.8%]; unknown [3.2%],China,Asia Pacific,Shanxi,35.934831,111.49707,exact,mothballed,2,23.06,0.0,0.0,,,,,BF; BOF,150,https://www.gem.wiki/Xiangfen_County_Xinjinshan_Special_Steel_Co_Ltd,517374334.2584018,17.972329145485894,4.357648079856512,China
P100000120551,Xindia Steels Koppal plant,Xindia Steels Ltd,China Minmetals Corp [14.3%]; Kelachandra Group [14.3%]; Manasara Group [14.3%]; Shanxi HONGDA Iron and Steel Group Co Ltd [14.3%]; The Joinus Venture Capital Co Ltd [14.3%]; Xinxing Cathay International Group Co Ltd [14.3%]; McWane Inc,India,Asia Pacific,Karnataka,15.293421,76.234947,exact,cancelled,1,,0.0,0.0,,,,5200.0,BF; BOF; DRI,unknown,https://www.gem.wiki/Xindia_Steels_Koppal_plant,185356174.34875867,2.1209327198101526,2.8611789477668514,India
P100000120116,Xingtai Iron and Steel Co Ltd,Xingtai Iron and Steel Co Ltd,Hebei Jianen Trading Co Ltd [48.1%]; Xing Steel Fine Wire Holdings Co Ltd [26.0%]; Xingtai Jinglin Trading Co Ltd [25.9%],China,Asia Pacific,Hebei,37.041601,114.452352,exact,operating pre-retirement,2,68.0,3060.0,890.0,,,,,BF; BOF,3207,https://www.gem.wiki/Xingtai_Iron_and_Steel_Co_Ltd,22537446243.2497,65.83182926029544,0.5309265544644721,China
P100000121135,Xingtai Iron and Steel Co Ltd Weixian,Xingtai Iron and Steel Co Ltd,Hebei Jianen Trading Co Ltd [48.1%]; Xing Steel Fine Wire Holdings Co Ltd [26.0%]; Xingtai Jinglin Trading Co Ltd [25.9%],China,Asia Pacific,Hebei,37.032089,115.366112,approximate,construction,1,,0.0,0.0,,,,,EAF; Iron other/unspecified,unknown,https://www.gem.wiki/Xingtai_Iron_and_Steel_Co_Ltd_Weixian,39957715.31269484,2.8220047543002726,1.325359328569281,China
P100000120233,Xining Special Steel Co Ltd,Xining Special Steel Co Ltd,Xining Special Steel Co Ltd [100.0%],China,Asia Pacific,Qinghai,36.66856,101.671414,exact,operating,1,28.37,2040.0,2040.0,,,800.0,,BF; BOF; EAF,3757,https://www.gem.wiki/Xining_Special_Steel_Co_Ltd,3718700727.8378444,74.97303982058253,5.513296779620396,China
P100000120155,Xinji Aosen Iron and Steel Group Co Ltd,Xinji AOSEN Steel Group Co Ltd,Xinji AOSEN Steel Group Co Ltd [100.0%],China,Asia Pacific,Hebei,37.752351,115.184798,exact,operating,2,24.0,3600.0,3130.0,,,,,BF; BOF,6931,https://www.gem.wiki/Xinji_Aosen_Iron_and_Steel_Group_Co_Ltd,215529762.4241828,4.6881602103569415,4.836424511050828,China
P100000120295,Xinjiang Daan Special Steel Co Ltd,Xinjiang Da'an Special Steel Co Ltd,Xinjiang Da'an Special Steel Co Ltd [100.0%],China,Asia Pacific,Xinjiang,42.700465,93.542466,exact,operating,1,14.86,1000.0,1040.0,,,,,BF; BOF,894,https://www.gem.wiki/Xinjiang_Daan_Special_Steel_Co_Ltd,21656190.748155303,7.781556505364297,0.8773530073393898,China
P100001023534,Xinjiang Ka Steel Group Co,Xinjiang Ka Steel Group Co,Xinjiang Ka Steel Group Co [100.0%],China,Asia Pacific,Xinjiang,39.142997,76.161589,approximate,operating,1,4.25,1000.0,1040.0,,,,,BF; BOF,unknown,https://www.gem.wiki/Xinjiang_Ka_Steel_Group_Co,4239302.117930701,0.5651477333766282,3.7368391119260935,China
P100000120290,Xinjiang Kingtec Steel Co Ltd,Xinjiang KingTec Steel Co Ltd,Shanghai Xuantong Technology Development Co Ltd [66.0%]; Shanghai Juhang Industrial Co Ltd [32.8%]; unknown [1.2%],China,Asia Pacific,Xinjiang,42.674192,86.280156,exact,operating,2,22.28,1334.0,1040.0,,,,,BF; BOF,77,https://www.gem.wiki/Xinjiang_Kingtec_Steel_Co_Ltd,93932.5409826021,0.00062884526974227,3.911171979931164,China
P100000120292,Xinjiang Kunyu Iron and Steel Co Ltd,Xinjiang Kunyu Lron & Steel Co Ltd,Shiheng Special Steel Holding Group Co Ltd [54.7%]; Hong Kong Wing Tai Holdings [22.0%]; unknown [15.9%]; Trade Union Committee of Shiheng Special Steel Group [7.4%],China,Asia Pacific,Xinjiang,44.404189,84.966753,exact,retired,1,14.72,0.0,0.0,,2100.0,,,BF; BOF,1460,https://www.gem.wiki/Xinjiang_Kunyu_Iron_and_Steel_Co_Ltd,499486217.0650745,10.45129931455566,3.313904183669314,China
P100000120410,Xinjiang Minxin Iron and Steel Group Minhang Special Steel Co Ltd,Xinjiang Minxin Iron and Steel (Group) Minhang Special Steel Co Ltd,Xinjiang MINXIN Steei (GROUP) Co Ltd [100.0%],China,Asia Pacific,Xinjiang,44.080866,88.417209,exact,operating,1,14.79,1110.0,0.0,,,,,EAF,45,https://www.gem.wiki/Xinjiang_Minxin_Iron_and_Steel_Group_Minhang_Special_Steel_Co_Ltd,1337515.1727294303,0.04148678705120474,5.458636310140869,China
P100000120291,Xinjiang Tianshan Iron and Steel Bazhou Co Ltd,Xinxing Ductile Iron Pipes Xinjiang Co Ltd,China Baowu Steel Group Co Ltd [79.3%]; Xinjiang Investment Development (Group) Co Ltd [5.2%]; Industrial and Commercial Bank of China Ltd [5.0%]; Bank of China Ltd [3.8%]; Agricultural Bank of China Ltd [3.6%]; unknown [3.0%],China,Asia Pacific,Xinjiang,42.333321,86.302481,exact,operating,3,15.46,2000.0,1200.0,,1438.0,,636.0,BF; BOF; EAF,1432,https://www.gem.wiki/Xinjiang_Tianshan_Iron_and_Steel_Bazhou_Co_Ltd,31013010.919899933,0.25231226223622644,4.71633729833245,China
P100000120294,Xinjiang Xinan Special Steel Co Ltd,Xinjiang Xin'an Special Steel Co Ltd,Xinjiang Xin'an Special Steel Co Ltd [100.0%],China,Asia Pacific,Xinjiang,44.290299,86.595826,exact,operating,2,14.3,400.0,0.0,,,,,EAF,101,https://www.gem.wiki/Xinjiang_Xinan_Special_Steel_Co_Ltd,2447855.543441533,0.09356278802654579,2.3270389798942004,China
P100000120293,Xinjiang Yili Iron and Steel Co Ltd,Xinjiang Yili Iron and Steel Co Ltd,Xinjiang Yili Iron and Steel Co Ltd [100.0%],China,Asia Pacific,Xinjiang,43.526808,83.294323,exact,operating,1,68.0,1000.0,1000.0,,,,,BF; BOF,2375,https://www.gem.wiki/Xinjiang_Yili_Iron_and_Steel_Co_Ltd,36347068.67769812,0.1549190955335091,1.6660271384156775,China
P100000120214,Xinyu Iron and Steel Group Co Ltd,Xinyu Iron & Steel Corp Ltd,Xinyu Iron & Steel Corp Ltd [100.0%],China,Asia Pacific,Jiangxi,27.786859,114.921595,exact,operating,4,68.0,11001.0,9000.0,,,,,BF; BOF; EAF,25578,https://www.gem.wiki/Xinyu_Iron_and_Steel_Group_Co_Ltd,7022275672.93845,15.116119738656865,3.653297703242714,China
P100000120242,Xiwang Metal Science Technology Co Ltd,Xiwang METAL Science Technology Co Ltd,Xiwang Special Steel Co Ltd [99.6%]; unknown [0.4%],China,Asia Pacific,Shandong,36.928208,117.694654,exact,retired,1,14.01,0.0,0.0,,,,,BF; BOF; EAF,1582,https://www.gem.wiki/Xiwang_Metal_Science_Technology_Co_Ltd,1079457394.0062003,26.242318438921348,3.56355847390067,China
P100000121037,Xuan Thien Nam Dinh steel plant,Xuan Thien Group JSC,Xuan Thien Group JSC [100.0%],Vietnam,Asia Pacific,Nam Dinh,20.439025,106.162134,approximate,announced,1,,0.0,0.0,,,,,DRI; EAF,21000,https://www.gem.wiki/Xuan_Thien_Nam_Dinh_steel_plant,,,178.05448584540008,
P100000121036,Xuan Thien Nghia Hung steel plant,Xuan Thien Group JSC,Xuan Thien Group JSC [100.0%],Vietnam,Asia Pacific,Nam Dinh,20.037805,106.127689,approximate,construction,1,,0.0,0.0,,,,,DRI; EAF,unknown,https://www.gem.wiki/Xuan_Thien_Nghia_Hung_steel_plant,,,217.04667486403645,
P100000120104,Xuanhua Iron and Steel Group Co Ltd,Xuanhua Iron and Steel Group Co Ltd,Xuanhua Iron and Steel Group Co Ltd [100.0%],China,Asia Pacific,Hebei,40.589591,115.090889,exact,retired,1,102.0,0.0,0.0,,,,,BF; BOF,13009,https://www.gem.wiki/Xuanhua_Iron_and_Steel_Group_Co_Ltd,1534319950.0774214,18.07096023878305,4.877941688632675,China
P100000120200,Xuzhou Baofeng Special Steel Co Ltd,Xuzhou Baofeng Special Steel Co Ltd,natural person(s) [89.6%]; Xuzhou Haijin Trading Co Ltd [10.0%]; unknown [0.5%],China,Asia Pacific,Jiangsu,34.364872,117.322633,exact,retired,1,11.94,0.0,0.0,,,,,BF; BOF,unknown,https://www.gem.wiki/Xuzhou_Baofeng_Special_Steel_Co_Ltd,1369908468.9113462,95.26548624028058,3.0571235546535114,China
P100000120381,Xuzhou Jinhong Iron and Steel Group Co Ltd,Xuzhou Jinhong Iron and Steel Group Co Ltd,Xuzhou Jinhong Iron and Steel Group Co Ltd [100.0%],China,Asia Pacific,Jiangsu,34.500122,116.908897,exact,operating,2,25.58,1000.0,0.0,,,,,EAF,594,https://www.gem.wiki/Xuzhou_Jinhong_Iron_and_Steel_Group_Co_Ltd,62626478.12289046,1.8483309207583898,5.5663642218047755,China
P100000120208,Xuzhou Taifa Special Steel Group Co Ltd,Xuzhou TaiFa Special Steel Technology Co Ltd,Xuzhou TaiFa Special Steel Technology Co Ltd [100.0%],China,Asia Pacific,Jiangsu,34.448514,117.271876,exact,retired,1,16.0,0.0,0.0,,,,,BF; BOF,unknown,https://www.gem.wiki/Xuzhou_Taifa_Special_Steel_Group_Co_Ltd,279149401.67212856,54.12375879844818,2.1177680242184986,China
P100000120673,Yamato Steel Himeji Plant,Yamato Steel Co Ltd,Yamato Kogyo Co Ltd [100.0%],Japan,Asia Pacific,Hyogo,34.783319,134.604616,exact,operating,1,65.0,700.0,0.0,,,,,EAF,336,https://www.gem.wiki/Yamato_Steel_Himeji_Plant,11107163158.787853,87.59795200878935,2.0800866978602564,Japan
P100000120310,Yancheng Lianxin Iron and Steel Co Ltd,Yancheng Lianxin Steel Co Ltd,Huachuang Jiangsu Investment Co Ltd [80.4%]; natural person(s) [19.6%],China,Asia Pacific,Jiangsu,33.211332,120.774892,exact,operating,3,68.0,3200.0,3210.0,,,,,BF; BOF; EAF,3382,https://www.gem.wiki/Yancheng_Lianxin_Iron_and_Steel_Co_Ltd,47191425.791021824,0.2101259789118831,6.201156628285804,China
P100000120088,Yangchun New Steel Co Ltd,Yangchun New Iron & Steel Co Ltd,Hunan Valin Steel Co Ltd [51.0%]; Hunan Valin Iron & Steel Group Co Ltd [24.7%]; unknown [14.1%]; Hunan Development Investment Group Co Ltd [3.6%]; Hunan Caixin Financial Holding Group Co Ltd [3.5%]; Hunan Xingxiang Investment Holding Group Co Ltd [3.1%],China,Asia Pacific,Guangdong,22.084904,111.642187,exact,operating,1,19.0,2400.0,2200.0,,,,,BF; BOF,2792,https://www.gem.wiki/Yangchun_New_Steel_Co_Ltd,126961940.125218,1.514296593856517,4.797198454985135,China
P100000121048,Yangzhou Hengrun Ocean Heavy Industry Co Ltd,Yangzhou Hengrun Ocean Heavy Industry Co Ltd,Yangzhou Hengrun Ocean Heavy Industry Co Ltd [100.0%],China,Asia Pacific,Jiangsu,32.249602,119.620438,exact,operating,1,13.36,3300.0,3500.0,,,,,BF; BOF,324,https://www.gem.wiki/Yangzhou_Hengrun_Ocean_Heavy_Industry_Co_Ltd,1835372768.9161925,82.15530106197411,4.608886593432733,China
P100000120203,Yangzhou Qinyou Special Metal Materials Co Ltd,Yangzhou Qinyou Special Metal Materials Co Ltd,Yangzhou Qinyou Special Metal Materials Co Ltd [100.0%],China,Asia Pacific,Jiangsu,32.838703,119.425236,exact,operating,1,24.7,2400.0,2400.0,,,,,BF; BOF,2271,https://www.gem.wiki/Yangzhou_Qinyou_Special_Metal_Materials_Co_Ltd,361408387.5824465,11.63043123548187,5.084007436843395,China
P100000120253,Yantai Walsin Stainless Steel Co Ltd,Yantai Walsin Stainless Steel Co Ltd,Huaxin Special Steel Holdings Co Ltd [75.0%]; Walsin Lihwa Holdings Ltd [4.6%]; Concord Industries Ltd,China,Asia Pacific,Shandong,37.548627,121.277488,exact,operating,1,18.92,1400.0,0.0,,,,,EAF,419,https://www.gem.wiki/Yantai_Walsin_Stainless_Steel_Co_Ltd,18963550948.945488,80.7420333485765,1.4702403897536767,China
P100000121032,Yazdani Steel and Power Kalinganagar steel plant,Yazdani Steel and Power Ltd,Serajuddin & Co,India,Asia Pacific,Odisha,20.928285,86.036604,exact,operating,2,23.0,110.0,72.0,,,,,DRI; IF; Steel other/unspecified,519,https://www.gem.wiki/Yazdani_Steel_and_Power_Kalinganagar_steel_plant,864289310.3874147,6.547422441157219,3.382333327578996,India
P100000120887,Yazici Iron and Steel Iskenderun plant,Yazici Demir Celik Sanayi ve Turizm Ticaret AŞ,Diler Holding AŞ,Türkiye,Europe,Hatay,36.685932,36.206275,exact,operating,1,32.0,1050.0,0.0,,,,,EAF,435,https://www.gem.wiki/Yazici_Iron_and_Steel_Iskenderun_plant,,,3268.6663077048415,
P100000120912,Yenakiieve Metallurgical Plant,Yenakiieve Metallurgical Plant Branch PJSC,Yenakiieve Metallurgical Plant Branch PJSC [100.0%],Ukraine,Europe,Donetsk,48.220502,38.228626,exact,operating,2,131.0,2200.0,2364.0,,2000.0,,,BF; BOF,4500,https://www.gem.wiki/Yenakiieve_Metallurgical_Plant,,,2967.1188244406057,
P100000120888,Yesilyurt Iron and Steel Tekkekoy plant,Yesilyurt Demir Celik Endustri Ve Liman Isletmeleri AŞ,Yesilyurt Demir Celik Endustri Ve Liman Isletmeleri AŞ [100.0%],Türkiye,Europe,Samsun,41.241199,36.442055,exact,operating,1,29.0,1300.0,0.0,,,,,EAF,680,https://www.gem.wiki/Yesilyurt_Iron_and_Steel_Tekkekoy_plant,,,3138.2209418198618,
P100000121075,Yichang Fulong Iron and Steel Co Ltd,Yichang Fulong Iron & Steel Co Ltd,Hubei Rongfu Real Estate Group Co Ltd [50.0%]; natural person(s) [50.0%],China,Asia Pacific,Hubei,30.586332,111.398846,exact,retired,1,,0.0,0.0,,,,,EAF,91,https://www.gem.wiki/Yichang_Fulong_Iron_and_Steel_Co_Ltd,3382709142.716387,37.64876470029784,4.8678123696281945,China
P100000120900,Yieh United Steel Kaohsiung plant,Yieh United Steel Corp,Yieh United Steel Corp [100.0%],Taiwan,Asia Pacific,Kaohsiung,22.830857,120.300604,exact,operating,1,37.22,1000.0,0.0,,,,,EAF,3352,https://www.gem.wiki/Yieh_United_Steel_Kaohsiung_plant,,,262.46831057762444,
P100000121241,Yildiz Iron and Steel Kocaeli plant,Yildizlar Yatirim Holding AŞ,Yildizlar Yatirim Holding AŞ [100.0%],Türkiye,Europe,Kocaeli,40.870333,29.55767,approximate,announced,1,0.0,0.0,0.0,,,,,EAF,3100,https://www.gem.wiki/Yildiz_Iron_and_Steel_Kocaeli_plant,,,3713.44194705265,
P100000120230,Yingkou Iron and Steel Co Ltd,Yingkou Iron & Steel Co Ltd,Liaoning Jiachen Holding Group Co Ltd [84.6%]; The China Orient Asset Management Co Ltd [14.3%]; unknown [1.2%],China,Asia Pacific,Liaoning,40.664651,122.415057,exact,operating,1,15.23,2800.0,2400.0,,,,,BF; BOF,3189,https://www.gem.wiki/Yingkou_Iron_and_Steel_Co_Ltd,758099574.9849542,48.36408492733494,5.55527484255533,China
P100000120703,YK Steel Busan plant,YK Steel Corp,Daehan Steel Co Ltd [70.0%]; Yamato Kogyo Co Ltd [30.0%],South Korea,Asia Pacific,South Gyeongsang,35.083819,128.989034,exact,operating,1,61.0,930.0,0.0,,,,,EAF,336,https://www.gem.wiki/YK_Steel_Busan_plant,,,61.99344209044594,
P100000121033,YK Steel Dangjin plant,YK Steel Corp,Daehan Steel Co Ltd [70.0%]; Yamato Kogyo Co Ltd [30.0%],South Korea,Asia Pacific,South Chungcheong,36.918106,126.643606,approximate,announced,1,,0.0,0.0,,,,,EAF,unknown,https://www.gem.wiki/YK_Steel_Dangjin_plant,,,354.5630016174598,
P100000120301,Yunnan Desheng Iron and Steel Co Ltd,Yunnan Desheng Steel Co Ltd,Haojun Development Group Co Ltd [49.0%]; natural person(s) [29.5%]; Yunnan Desheng Logistics Co Ltd [21.5%],China,Asia Pacific,Yunnan,25.142516,102.077727,exact,operating,5,25.47,1350.0,2470.0,,,,,BF; BOF; EAF,2552,https://www.gem.wiki/Yunnan_Desheng_Iron_and_Steel_Co_Ltd,179784996.6136446,0.44383651309971295,4.119584479996027,China
P100000120353,Yunnan Jingye Steel Co Ltd,Yunnan Jingye Steel Co,Jingye Group Co Ltd [100.0%],China,Asia Pacific,Yunnan,25.023852,102.312086,exact,retired,1,2.5,0.0,0.0,,,,,BF; BOF,2,https://www.gem.wiki/Yunnan_Jingye_Steel_Co_Ltd,59127258.8221577,4.004588131565665,2.8559115646047935,China
P100001063458,Yunnan Muguang Industry and Trade Co Ltd,Yunnan Muguang Industry and Trade Co Ltd,Yunnan Muguang Industry and Trade Co Ltd [100.0%],China,Asia Pacific,Yunnan,24.077079,102.771634,exact,operating,1,12.3,850.0,730.0,,,,,BF; BOF,1500,https://www.gem.wiki/Yunnan_Muguang_Industry_and_Trade_Co_Ltd,106654789.90736285,3.647724716895492,4.431981200085102,China
P100001063508,Yunnan Qujing Iron & Steel Group Yue Steel Iron & Steel Co Ltd,Yunnan Qujing Iron & Steel Group Yue Steel Iron & Steel Co Ltd,Yunnan Qujing Iron & Steel Group Yue Steel Iron & Steel Co Ltd [100.0%],China,Asia Pacific,Yunnan,25.304544,103.889418,exact,retired,1,56.0,0.0,0.0,,,,,BF; BOF,unknown,https://www.gem.wiki/Yunnan_Qujing_Iron_&_Steel_Group_Yue_Steel_Iron_&_Steel_Co_Ltd,135064897.5047968,9.565479465631332,2.0374594012609553,China
P100000120302,Yunnan Qujing Iron and Steel Group Chenggang Iron and Steel Co Ltd,Yunnan Qujing Iron and Steel Group Chenggang Iron and Steel Co Ltd,Yunan Qujing Shuangyou Steel Co Ltd [25.0%]; Yunnan Qujing Chenggang Iron and Steel (Group) Co Ltd [25.0%]; Fujian XINPENG Investment Co Ltd [16.6%]; Xuanwei Laibin Fenghuang Steel Co Ltd [16.0%]; Qujing Julida Steel Co Ltd [8.0%]; Qujing Wuyue New Energy Technology Co Ltd [5.5%]; Yunnan Tongyanbao Trading Co Ltd [1.7%]; unknown [1.0%]; Yunnan Qujing Yaochang Trade Co Ltd [0.9%]; Qujing Botong Trading Co Ltd [0.4%],China,Asia Pacific,Yunnan,25.45543,103.547242,exact,operating,2,12.5,2600.0,2260.0,,,,,BF; BOF,88,https://www.gem.wiki/Yunnan_Qujing_Iron_and_Steel_Group_Chenggang_Iron_and_Steel_Co_Ltd,240153183.6302977,3.2585066915472294,0.6461816384617239,China
P100000120303,Yunnan Qujing Iron and Steel Group Fenghuang Steel Co Ltd,Yunnan Qujing Iron and Steel Group Co Ltd,Yunan Qujing Shuangyou Steel Co Ltd [25.0%]; Yunnan Qujing Chenggang Iron and Steel (Group) Co Ltd [25.0%]; Fujian XINPENG Investment Co Ltd [16.6%]; Xuanwei Laibin Fenghuang Steel Co Ltd [16.0%]; Qujing Julida Steel Co Ltd [8.0%]; Qujing Wuyue New Energy Technology Co Ltd [5.5%]; Yunnan Tongyanbao Trading Co Ltd [1.7%]; unknown [1.0%]; Yunnan Qujing Yaochang Trade Co Ltd [0.9%]; Qujing Botong Trading Co Ltd [0.4%],China,Asia Pacific,Yunnan,26.275342,104.168311,exact,operating,1,12.55,1400.0,0.0,,,,,EAF,565,https://www.gem.wiki/Yunnan_Qujing_Iron_and_Steel_Group_Fenghuang_Steel_Co_Ltd,54580293.24053438,4.122714975130363,4.383672777641329,China
P100000120407,Yunnan Qujing Iron and Steel Group Yanggang Iron and Steel Co Ltd,Yunnan Qujing Iron and Steel Group Yanggang Iron and Steel Co Ltd,Yunan Qujing Shuangyou Steel Co Ltd [25.0%]; Yunnan Qujing Chenggang Iron and Steel (Group) Co Ltd [25.0%]; Fujian XINPENG Investment Co Ltd [16.6%]; Xuanwei Laibin Fenghuang Steel Co Ltd [16.0%]; Qujing Julida Steel Co Ltd [8.0%]; Qujing Wuyue New Energy Technology Co Ltd [5.5%]; Yunnan Tongyanbao Trading Co Ltd [1.7%]; unknown [1.0%]; Yunnan Qujing Yaochang Trade Co Ltd [0.9%]; Qujing Botong Trading Co Ltd [0.4%],China,Asia Pacific,Yunnan,25.308777,103.876391,exact,construction,1,4.89,0.0,0.0,,,,,BF; BOF,unknown,https://www.gem.wiki/Yunnan_Qujing_Iron_and_Steel_Group_Yanggang_Iron_and_Steel_Co_Ltd,135064897.5047968,9.55113670056736,1.907713811875312,China
P100001061536,Yunnan Qujing Shuangyou Iron and Steel Co Ltd,Yunnan Qujing Shuangyou Iron and Steel Co Ltd,Yunnan Qujing Shuangyou Iron and Steel Co Ltd [100.0%],China,Asia Pacific,Yunnan,25.54218,103.781041,exact,operating pre-retirement,3,14.0,0.0,990.0,,,,,BF; BOF,2500,https://www.gem.wiki/Yunnan_Qujing_Shuangyou_Iron_and_Steel_Co_Ltd,7472321818.171346,22.25510343466974,1.0675776517085436,China
P100000120352,Yunnan Tiangao Nickel Alloy Co Ltd,YunNan Province Tiangao Nickel Alloy Co Ltd,Sichuan Jinguang Industry (Group) Co Ltd [63.9%]; unknown [29.8%]; Sichuan Shiting Ecology Agriculture Technology Co Ltd [6.2%],China,Asia Pacific,Yunnan,24.80128,104.063455,exact,operating,4,16.16,500.0,0.0,,,,,EAF; BF; BOF,456,https://www.gem.wiki/Yunnan_Tiangao_Nickel_Alloy_Co_Ltd,229330969.90024498,0.7839715871213131,2.4453921787721606,China
P100000120300,Yunnan Yuxi Iron and Steel Group Yukun Iron and Steel Co Ltd,Yunnan Yuxi Iron and Steel Group Yukun Iron and Steel Co Ltd,Yunnan Yuxi Iron and Steel Group Yukun Iron and Steel Co Ltd [100.0%],China,Asia Pacific,Yunnan,24.465884,102.543682,exact,operating,2,12.09,7042.0,6760.0,,,,,BF; BOF,5899,https://www.gem.wiki/Yunnan_Yuxi_Iron_and_Steel_Group_Yukun_Iron_and_Steel_Co_Ltd,932314590.9645125,18.820196562136374,0.8640191461034965,China
P100000120321,Yunnan Yuxi Xianfu Iron and Steel Group Co Ltd,Yunnan Yuxi Xianfu Iron and Steel (Group) Co Ltd,Yunnan Yuxi Xianfu Iron and Steel (Group) Co Ltd [100.0%],China,Asia Pacific,Yunnan,24.012309,102.186364,exact,operating,2,24.53,2980.0,2440.0,,,,,BF; BOF; EAF,2578,https://www.gem.wiki/Yunnan_Yuxi_Xianfu_Iron_and_Steel_Group_Co_Ltd,20949106.01836089,0.26167315395883617,3.954082704828338,China
P100001061571,Yuxi Huixi Metal Casting Products Co Ltd,Yuxi Huixi Metal Casting Products Co Ltd,Yuxi Huixi Metal Casting Products Co Ltd [100.0%],China,Asia Pacific,Yunnan,24.360481,102.481118,exact,operating,2,19.71,850.0,550.0,,,,,BF; BOF,unknown,https://www.gem.wiki/Yuxi_Huixi_Metal_Casting_Products_Co_Ltd,1153461107.3559847,18.36310803686743,2.81647811778207,China
P100001063460,Yuxi Iron and Steel Group Zhenfei Iron and Steel Co Ltd,Yuxi Iron and Steel Group Zhenfei Iron and Steel Co Ltd,Yuxi Iron and Steel Group Zhenfei Iron and Steel Co Ltd [100.0%],China,Asia Pacific,Yunnan,24.074756,102.765983,exact,announced,1,6.46,0.0,0.0,,,,,EAF,unknown,https://www.gem.wiki/Yuxi_Iron_and_Steel_Group_Zhenfei_Iron_and_Steel_Co_Ltd,106654789.90736285,3.599817080936492,4.509810417472746,China
P100000120908,Yuzovsky Metallurgical Plant,SUE DPR UMP,SUE DPR UMP [100.0%],Ukraine,Europe,Donetsk,47.982276,37.810634,exact,operating,1,27.0,1000.0,0.0,,,,,EAF,858,https://www.gem.wiki/Yuzovsky_Metallurgical_Plant,,,2996.1337031953835,
P100000120588,Zarand Iranian Steel Company Kerman plant,Zarand Iranian Steel Co,small shareholder(s) [47.3%]; Mabna Khavar Miyaneh Co [15.4%]; Pars Aryan Investment Co [12.1%]; Rahbord Sarmaye Iranian Co [10.0%]; Pasargad Arzesh Afarinan Co [9.5%]; Tejarat Pishegan Mihan Negar Pars Co [5.7%],Iran,Middle East,Kerman,30.749633,56.6675096,exact,operating,2,6.0,1500.0,1700.0,,4000.0,1200.0,2500.0,BF; BOF; DRI; EAF,5880,https://www.gem.wiki/Zarand_Iranian_Steel_Company_Kerman_plant,,,1315.0760508067196,
P100000120193,Zenith Steel Group Co Ltd,Zenith Steel Group Co Ltd,Zenith Steel Group Co Ltd [100.0%],China,Asia Pacific,Jiangsu,31.707656,120.079591,exact,operating,2,24.39,3700.0,2740.0,,12800.0,,,BF; BOF; EAF,10255,https://www.gem.wiki/Zenith_Steel_Group_Co_Ltd,18149919723.49238,289.5272704912518,3.588345811081181,China
P100000120332,Zenith Steel Group Nantong Co Ltd,Zenith Steel Group (Nantong) Co Ltd,Zenith Steel Group Co Ltd [100.0%],China,Asia Pacific,Jiangsu,32.133954,121.513173,exact,operating,2,4.0,5850.0,6060.0,,,,,BF; BOF; EAF,3602,https://www.gem.wiki/Zenith_Steel_Group_Nantong_Co_Ltd,1230988127.1191046,4.142072686363568,10.607163074934117,China
P100000121084,Zhejiang Tsingshan Iron and Steel Co Ltd,Zhejiang TSINGSHAN IRON&STEEL Co Ltd,unknown [32.4%]; TSINGSHAN Holding Group Co Ltd [30.0%]; Shanghai Decent Investment (Group) Co Ltd [23.0%]; Zhejiang Qingshan Business Management Co Ltd [8.6%]; natural person(s) [6.0%],China,Asia Pacific,Zhejiang,28.136096,120.380401,exact,operating,1,21.8,500.0,0.0,,,,,EAF,502,https://www.gem.wiki/Zhejiang_Tsingshan_Iron_and_Steel_Co_Ltd,1195110580.909999,19.087543274362588,1.3426872893351054,China
P100000120408,Zhejiang Wantai Special Steel Co Ltd,Zhejiang Wantai Special Steel Co Ltd,Zhejiang Wantai Special Steel Co Ltd [100.0%],China,Asia Pacific,Zhejiang,30.944342,120.971803,exact,operating,1,22.54,1200.0,0.0,,,,,EAF,257,https://www.gem.wiki/Zhejiang_Wantai_Special_Steel_Co_Ltd,3208888731.268896,90.79634906557348,2.0174997961412733,China
P100000120404,Zhejiang Yuxin Industrial Co Ltd,Zhejiang Yuxin Industrial Co Ltd,Zhejiang Yuxin Industrial Co Ltd [100.0%],China,Asia Pacific,Zhejiang,28.787202,120.248592,exact,operating,2,25.24,1100.0,0.0,,,,,EAF,84,https://www.gem.wiki/Zhejiang_Yuxin_Industrial_Co_Ltd,511578477.6555888,3.7252018532204336,3.9545226140470437,China
P100000121068,Zhengzhou Yongtong Special Steel Co Ltd,Zhengzhou YONGTONG SPECIAL Steel Co Ltd,Wing Fung International Ltd [100.0%],China,Asia Pacific,Henan,34.64443,112.937985,exact,retired,1,29.0,0.0,0.0,,,,,EAF,204,https://www.gem.wiki/Zhengzhou_Yongtong_Special_Steel_Co_Ltd,349309237.1561481,21.330363191279616,2.8519589185619103,China
P100000121082,Zhenshi Group Eastern Special Steel Co Ltd,Zhenshi Group EASTERN SPECIAL Steel Co Ltd,Zhenshi Holding Group Co Ltd [70.3%]; Tongxiang Wushi Trading Co Ltd [23.9%]; unknown [4.5%]; Huakai Investment Co Ltd [1.3%],China,Asia Pacific,Zhejiang,30.720411,120.898518,exact,operating pre-retirement,2,54.0,700.0,0.0,,,,,EAF,1151,https://www.gem.wiki/Zhenshi_Group_Eastern_Special_Steel_Co_Ltd,2908351559.15047,120.24241792764353,2.6188182769070427,China
P100000120129,Zhongpu Handan Iron and Steel Co Ltd,Zhongpu (Handan) Iron and Steel Co Ltd,Longxiang Group (Hong Kong) [66.8%]; Hebei Puyang Industrial Group Co Ltd [33.2%],China,Asia Pacific,Hebei,36.721376,113.910271,exact,operating,2,23.0,2250.0,2300.0,,2118.0,,505.0,BF; BOF; EAF,1669,https://www.gem.wiki/Zhongpu_Handan_Iron_and_Steel_Co_Ltd,296202759.7826058,5.071746063714199,3.4623039789130634,China
P100000120209,Zhongxin Iron and Steel Group Co Ltd,Zhongxin Iron and Steel Group Co Ltd,Zhongxin Iron and Steel Group Co Ltd [100.0%],China,Asia Pacific,Jiangsu,34.368618,118.31556,exact,operating,1,22.34,5400.0,5846.0,,,,,BF; BOF,6043,https://www.gem.wiki/Zhongxin_Iron_and_Steel_Group_Co_Ltd,2852869883.3872247,11.253458352228433,2.304879353682833,China
P100000120346,Zhongye Dongfang Jiangsu Heavy Industry Co Ltd,BERIS Jiangsu Heavy Industry Co Ltd,Jiangsu Feida Co Ltd [65.0%]; Metallurgical Corporation of China Ltd [18.0%]; natural person(s) [15.0%]; unknown [2.0%],China,Asia Pacific,Jiangsu,32.104319,119.792126,exact,operating,1,16.33,2000.0,0.0,,,,,EAF,unknown,https://www.gem.wiki/Zhongye_Dongfang_Jiangsu_Heavy_Industry_Co_Ltd,178113102.28059617,38.82432188820384,2.3000291398439265,China
P100000120086,Zhuhai Yueyufeng Iron and Steel Co Ltd,Zhuhai Yueyufeng IRON&STEEL Co Ltd,Golden Bell Enterprises Ltd [41.5%]; Xuan Gang International Trading (HK) Co Ltd [41.5%]; Yinglong Industrial Co Ltd [16.9%],China,Asia Pacific,Guangdong,21.96092,113.198718,exact,operating,1,24.0,3051.0,2200.0,,,,,BF; BOF,1778,https://www.gem.wiki/Zhuhai_Yueyufeng_Iron_and_Steel_Co_Ltd,2524762539.6796427,3.610168716581467,18.27175881470926,China
P100000121079,Zibo Qilin Fushan Iron and Steel Co Ltd,Zibo Qilin Fushan Steel Co Ltd,Jinghua Rigang Holding Group Co Ltd [50.4%]; Shandong Zibo Fushan Enterprise Group Co Ltd [25.0%]; natural person(s) [24.0%]; unknown [0.6%],China,Asia Pacific,Shandong,36.887998,118.145416,exact,retired,1,18.33,0.0,0.0,,,,,BF; BOF,unknown,https://www.gem.wiki/Zibo_Qilin_Fushan_Iron_and_Steel_Co_Ltd,5698841287.0221615,108.26652448934178,2.320825735687381,China
P100001063593,Zijin County Dongri Casting Co Ltd,Zijin County Dongri Foundry Co Ltd,Zijin County Dongri Foundry Co Ltd [100.0%],China,Asia Pacific,Guangdong,23.356612,114.769565,exact,operating,1,16.0,720.0,0.0,,,,,EAF,unknown,https://www.gem.wiki/Zijin_County_Dongri_Casting_Co_Ltd,12925770.443472354,0.19494955154342472,3.0447273146780356,China
P100000121246,Zonouz Steel Complex,Daric Investment Holding Co,Daric Investment Holding Co [100.0%],Iran,Middle East,East Azerbaijan,38.07231,46.213187,approximate,cancelled,1,,0.0,0.0,,,,,DRI; EAF,unknown,https://www.gem.wiki/Zonouz_Steel_Complex,,,2374.1573288989125,
P100000120403,Zunyi Changling Special Steel Co Ltd,Zunyi Changling Special Steel Co Ltd,natural person(s) [45.0%]; Guizhou Jinshengan Investment Group Co Ltd [41.9%]; unknown [6.7%]; Jin Jun'an Investment Group Co Ltd [6.4%],China,Asia Pacific,Guizhou,27.614947,106.949752,exact,operating,2,22.0,825.0,0.0,,,,,EAF,455,https://www.gem.wiki/Zunyi_Changling_Special_Steel_Co_Ltd,3047624310.877063,42.013749874865816,1.4015624883458497,China
P100000120359,Zunyi Fuxin Special Steel Equipment Manufacturing Co Ltd,Zunyi County Fuxin Iron & Steel Product Co Ltd,Zunyi County Fuxin Iron & Steel Product Co Ltd [100.0%],China,Asia Pacific,Guizhou,27.591697,106.815453,exact,operating pre-retirement,2,33.0,1150.0,0.0,,,,,EAF,645,https://www.gem.wiki/Zunyi_Fuxin_Special_Steel_Equipment_Manufacturing_Co_Ltd,288427354.33009654,39.15861051985098,4.382503258462616,China
